{
    "backends": {
        "ORDS": {
            "servers": [
                {
                    "url": "https://dellatpdev7-extension-internal-px.adb.us-phoenix-1.oraclecloudapps.com/ords/OTDTC_EXT",
                    "description": "Default Server",
                    "x-vb": {

                        "authentication": {
                            "authenticated": {
                                "type": "oauth2_client_credentials",
                                "clientIdCredentials": "vb_aba60560-3d87-4860-aef4-a1664932df95",
                                "authUrl": "https://G1E975C32298168-DEV7EXTENSIONEXT.adb.us-phoenix-1.oraclecloudapps.com/ords/OTDTC_EXT/oauth/token"
                            }
                        }
                    }
                }
            ]
        },
        "FSCM": {
            "description": "FSCM",
            "servers": [
                {
                    "url": "https://iawmqy-dev7.fa.ocs.oraclecloud.com:443/fscmRestApi/resources/latest",
                    "description": "FscmRestApi 11.13.18.05 ValueSets DELL SPL HAN DESC Child",
                    "x-vb": {
                        "authentication": {
                            "authenticated": {
                                "type": "oauth2_client_credentials",
                                "clientIdCredentials": "vb_38c845e6-843e-41f7-876b-00950f8810ff",
                                "scope": "https://iawmqy-dev7.fa.ocs.oraclecloud.com:443/",
                                "authUrl": "https://idcs-5e1ce26b6ca249bc9c9964e5f7087943.identity.oraclecloud.com:443/oauth2/v1/token"
                            }
                        },
                        "forceProxy": "cors"
                    }
                }
            ]
        },
        "ics": {
            "serviceType": "ics",
            "servers": [
                {
                    "url": "https://delloicdev7-otdtc-ar-std-01-px-ax5cdd9zuvvh-px.integration.us-phoenix-1.ocp.oraclecloud.com",
                    "description": "Overridden Integration Server",
                    "x-vb": {
                        "authentication": {
                            "authenticated": {
                                "type": "oauth2_client_credentials",
                                "clientIdCredentials": "vb_cae50280-bbeb-4616-a0e1-6fa6111fbf30",
                                "scope": "https://1A6A457613DE425EAEA6185FCC7102DE.integration.us-phoenix-1.ocp.oraclecloud.com:443urn:opc:resource:consumer::all",
                                "authUrl": "https://idcs-5e1ce26b6ca249bc9c9964e5f7087943.identity.oraclecloud.com:443/oauth2/v1/token"
                            }
                        },
                        "forceProxy": "always"
                    }
                }
            ]
        }
      }
}