{
    "items": [
        {
            "lookupsDFF": {
                "items": [
                    {
                        "LookupType": "MAV_PUR_DOC_ATTR_XREF",
                        "LookupCode": "RULE1",
                        "ViewApplicationId": 3,
                        "SetId": 0,
                        "__FLEX_Context": "MAV_PUR_DOC_ATTR_XREF",
                        "__FLEX_Context_DisplayValue": "MAV_PUR_DOC_ATTR_XREF",
                        "poStyle": "Dell-Standard Purchase Order",
                        "inventoryOrg": "EFG",
                        "buyer": "3pl Auto Po Buyer, 3pl Auto Po Buyer",
                        "itemBuyer": null,
                        "bpoOrgHub": "ELPASO",
                        "suppSuppSite": null,
                        "timeZone": null,
                        "finalShipToLocation": null,
                        "requiredForLOValidation": null
                    }
                ],
                "count": 1,
                "hasMore": false,
                "limit": 25,
                "offset": 0,
                "links": [
                    {
                        "rel": "self",
                        "href": "https://iawmqy-dev2.fa.ocs.oraclecloud.com:443/fscmRestApi/resources/11.13.18.05/commonLookups/MAV_PUR_DOC_ATTR_XREF/child/lookupCodes/RULE1/child/lookupsDFF",
                        "name": "lookupsDFF",
                        "kind": "collection"
                    }
                ]
            }
        },
        {
            "lookupsDFF": {
                "items": [
                    {
                        "LookupType": "MAV_PUR_DOC_ATTR_XREF",
                        "LookupCode": "RULE4",
                        "ViewApplicationId": 3,
                        "SetId": 0,
                        "__FLEX_Context": "MAV_PUR_DOC_ATTR_XREF",
                        "__FLEX_Context_DisplayValue": "MAV_PUR_DOC_ATTR_XREF",
                        "poStyle": "Dell-Standard Purchase Order",
                        "inventoryOrg": "BW2",
                        "buyer": "3pl Auto Po Buyer, 3pl Auto Po Buyer",
                        "itemBuyer": null,
                        "bpoOrgHub": "NFC",
                        "suppSuppSite": null,
                        "timeZone": null,
                        "finalShipToLocation": null,
                        "requiredForLOValidation": null
                    }
                ],
                "count": 1,
                "hasMore": false,
                "limit": 25,
                "offset": 0,
                "links": [
                    {
                        "rel": "self",
                        "href": "https://iawmqy-dev2.fa.ocs.oraclecloud.com:443/fscmRestApi/resources/11.13.18.05/commonLookups/MAV_PUR_DOC_ATTR_XREF/child/lookupCodes/RULE4/child/lookupsDFF",
                        "name": "lookupsDFF",
                        "kind": "collection"
                    }
                ]
            }
        },
        {
            "lookupsDFF": {
                "items": [
                    {
                        "LookupType": "MAV_PUR_DOC_ATTR_XREF",
                        "LookupCode": "RULE8",
                        "ViewApplicationId": 3,
                        "SetId": 0,
                        "__FLEX_Context": "MAV_PUR_DOC_ATTR_XREF",
                        "__FLEX_Context_DisplayValue": "MAV_PUR_DOC_ATTR_XREF",
                        "poStyle": "Dell-Standard Purchase Order",
                        "inventoryOrg": "NV3",
                        "buyer": "3pl Auto Po Buyer, 3pl Auto Po Buyer",
                        "itemBuyer": null,
                        "bpoOrgHub": "NFC",
                        "suppSuppSite": null,
                        "timeZone": null,
                        "finalShipToLocation": null,
                        "requiredForLOValidation": null
                    }
                ],
                "count": 1,
                "hasMore": false,
                "limit": 25,
                "offset": 0,
                "links": [
                    {
                        "rel": "self",
                        "href": "https://iawmqy-dev2.fa.ocs.oraclecloud.com:443/fscmRestApi/resources/11.13.18.05/commonLookups/MAV_PUR_DOC_ATTR_XREF/child/lookupCodes/RULE8/child/lookupsDFF",
                        "name": "lookupsDFF",
                        "kind": "collection"
                    }
                ]
            }
        },
        {
            "lookupsDFF": {
                "items": [
                    {
                        "LookupType": "MAV_PUR_DOC_ATTR_XREF",
                        "LookupCode": "RULE9",
                        "ViewApplicationId": 3,
                        "SetId": 0,
                        "__FLEX_Context": "MAV_PUR_DOC_ATTR_XREF",
                        "__FLEX_Context_DisplayValue": "MAV_PUR_DOC_ATTR_XREF",
                        "poStyle": "Dell-Standard Purchase Order",
                        "inventoryOrg": "NFG",
                        "buyer": "3pl Auto Po Buyer, 3pl Auto Po Buyer",
                        "itemBuyer": null,
                        "bpoOrgHub": "NFC",
                        "suppSuppSite": null,
                        "timeZone": null,
                        "finalShipToLocation": null,
                        "requiredForLOValidation": null
                    }
                ],
                "count": 1,
                "hasMore": false,
                "limit": 25,
                "offset": 0,
                "links": [
                    {
                        "rel": "self",
                        "href": "https://iawmqy-dev2.fa.ocs.oraclecloud.com:443/fscmRestApi/resources/11.13.18.05/commonLookups/MAV_PUR_DOC_ATTR_XREF/child/lookupCodes/RULE9/child/lookupsDFF",
                        "name": "lookupsDFF",
                        "kind": "collection"
                    }
                ]
            }
        },
        {
            "lookupsDFF": {
                "items": [
                    {
                        "LookupType": "MAV_PUR_DOC_ATTR_XREF",
                        "LookupCode": "RULE3",
                        "ViewApplicationId": 3,
                        "SetId": 0,
                        "__FLEX_Context": "MAV_PUR_DOC_ATTR_XREF",
                        "__FLEX_Context_DisplayValue": "MAV_PUR_DOC_ATTR_XREF",
                        "poStyle": "Dell-Standard Purchase Order",
                        "inventoryOrg": "NV3",
                        "buyer": "3pl Auto Po Buyer, 3pl Auto Po Buyer",
                        "itemBuyer": null,
                        "bpoOrgHub": "NFC",
                        "suppSuppSite": null,
                        "timeZone": null,
                        "finalShipToLocation": null,
                        "requiredForLOValidation": null
                    }
                ],
                "count": 1,
                "hasMore": false,
                "limit": 25,
                "offset": 0,
                "links": [
                    {
                        "rel": "self",
                        "href": "https://iawmqy-dev2.fa.ocs.oraclecloud.com:443/fscmRestApi/resources/11.13.18.05/commonLookups/MAV_PUR_DOC_ATTR_XREF/child/lookupCodes/RULE3/child/lookupsDFF",
                        "name": "lookupsDFF",
                        "kind": "collection"
                    }
                ]
            }
        },
        {
            "lookupsDFF": {
                "items": [
                    {
                        "LookupType": "MAV_PUR_DOC_ATTR_XREF",
                        "LookupCode": "RULE5",
                        "ViewApplicationId": 3,
                        "SetId": 0,
                        "__FLEX_Context": "MAV_PUR_DOC_ATTR_XREF",
                        "__FLEX_Context_DisplayValue": "MAV_PUR_DOC_ATTR_XREF",
                        "poStyle": "Dell-Standard Purchase Order",
                        "inventoryOrg": "BW2",
                        "buyer": "3pl Auto Po Buyer, 3pl Auto Po Buyer",
                        "itemBuyer": null,
                        "bpoOrgHub": "NFC",
                        "suppSuppSite": null,
                        "timeZone": null,
                        "finalShipToLocation": null,
                        "requiredForLOValidation": null
                    }
                ],
                "count": 1,
                "hasMore": false,
                "limit": 25,
                "offset": 0,
                "links": [
                    {
                        "rel": "self",
                        "href": "https://iawmqy-dev2.fa.ocs.oraclecloud.com:443/fscmRestApi/resources/11.13.18.05/commonLookups/MAV_PUR_DOC_ATTR_XREF/child/lookupCodes/RULE5/child/lookupsDFF",
                        "name": "lookupsDFF",
                        "kind": "collection"
                    }
                ]
            }
        },
        {
            "lookupsDFF": {
                "items": [
                    {
                        "LookupType": "MAV_PUR_DOC_ATTR_XREF",
                        "LookupCode": "RULE10",
                        "ViewApplicationId": 3,
                        "SetId": 0,
                        "__FLEX_Context": "MAV_PUR_DOC_ATTR_XREF",
                        "__FLEX_Context_DisplayValue": "MAV_PUR_DOC_ATTR_XREF",
                        "poStyle": "Dell-Standard Purchase Order",
                        "inventoryOrg": "NFG",
                        "buyer": "3PL Auto PO Buyer 3PL Auto PO Buyer",
                        "itemBuyer": null,
                        "bpoOrgHub": "NFC",
                        "suppSuppSite": null,
                        "timeZone": null,
                        "finalShipToLocation": null,
                        "requiredForLOValidation": null
                    }
                ],
                "count": 1,
                "hasMore": false,
                "limit": 25,
                "offset": 0,
                "links": [
                    {
                        "rel": "self",
                        "href": "https://iawmqy-dev2.fa.ocs.oraclecloud.com:443/fscmRestApi/resources/11.13.18.05/commonLookups/MAV_PUR_DOC_ATTR_XREF/child/lookupCodes/RULE10/child/lookupsDFF",
                        "name": "lookupsDFF",
                        "kind": "collection"
                    }
                ]
            }
        },
        {
            "lookupsDFF": {
                "items": [
                    {
                        "LookupType": "MAV_PUR_DOC_ATTR_XREF",
                        "LookupCode": "RULE11",
                        "ViewApplicationId": 3,
                        "SetId": 0,
                        "__FLEX_Context": "MAV_PUR_DOC_ATTR_XREF",
                        "__FLEX_Context_DisplayValue": "MAV_PUR_DOC_ATTR_XREF",
                        "poStyle": "Dell-Standard Purchase Order",
                        "inventoryOrg": "USR",
                        "buyer": "3PL Auto PO Buyer 3PL Auto PO Buyer",
                        "itemBuyer": null,
                        "bpoOrgHub": "NASHVILLE",
                        "suppSuppSite": null,
                        "timeZone": null,
                        "finalShipToLocation": null,
                        "requiredForLOValidation": null
                    }
                ],
                "count": 1,
                "hasMore": false,
                "limit": 25,
                "offset": 0,
                "links": [
                    {
                        "rel": "self",
                        "href": "https://iawmqy-dev2.fa.ocs.oraclecloud.com:443/fscmRestApi/resources/11.13.18.05/commonLookups/MAV_PUR_DOC_ATTR_XREF/child/lookupCodes/RULE11/child/lookupsDFF",
                        "name": "lookupsDFF",
                        "kind": "collection"
                    }
                ]
            }
        },
        {
            "lookupsDFF": {
                "items": [
                    {
                        "LookupType": "MAV_PUR_DOC_ATTR_XREF",
                        "LookupCode": "RULE6",
                        "ViewApplicationId": 3,
                        "SetId": 0,
                        "__FLEX_Context": "MAV_PUR_DOC_ATTR_XREF",
                        "__FLEX_Context_DisplayValue": "MAV_PUR_DOC_ATTR_XREF",
                        "poStyle": "Dell-Standard Purchase Order",
                        "inventoryOrg": "CRK",
                        "buyer": "Factory Auto PO Buyer",
                        "itemBuyer": null,
                        "bpoOrgHub": "IE10",
                        "suppSuppSite": null,
                        "timeZone": null,
                        "finalShipToLocation": null,
                        "requiredForLOValidation": null
                    }
                ],
                "count": 1,
                "hasMore": false,
                "limit": 25,
                "offset": 0,
                "links": [
                    {
                        "rel": "self",
                        "href": "https://iawmqy-dev2.fa.ocs.oraclecloud.com:443/fscmRestApi/resources/11.13.18.05/commonLookups/MAV_PUR_DOC_ATTR_XREF/child/lookupCodes/RULE6/child/lookupsDFF",
                        "name": "lookupsDFF",
                        "kind": "collection"
                    }
                ]
            }
        },
        {
            "lookupsDFF": {
                "items": [
                    {
                        "LookupType": "MAV_PUR_DOC_ATTR_XREF",
                        "LookupCode": "RULE7",
                        "ViewApplicationId": 3,
                        "SetId": 0,
                        "__FLEX_Context": "MAV_PUR_DOC_ATTR_XREF",
                        "__FLEX_Context_DisplayValue": "MAV_PUR_DOC_ATTR_XREF",
                        "poStyle": "Dell-Standard Purchase Order",
                        "inventoryOrg": "EMF",
                        "buyer": "Factory Auto PO Buyer, Factory Auto PO Buyer",
                        "itemBuyer": null,
                        "bpoOrgHub": "EMFP",
                        "suppSuppSite": null,
                        "timeZone": "UTC+5:30",
                        "finalShipToLocation": null,
                        "requiredForLOValidation": null
                    }
                ],
                "count": 1,
                "hasMore": false,
                "limit": 25,
                "offset": 0,
                "links": [
                    {
                        "rel": "self",
                        "href": "https://iawmqy-dev2.fa.ocs.oraclecloud.com:443/fscmRestApi/resources/11.13.18.05/commonLookups/MAV_PUR_DOC_ATTR_XREF/child/lookupCodes/RULE7/child/lookupsDFF",
                        "name": "lookupsDFF",
                        "kind": "collection"
                    }
                ]
            }
        },
        {
            "lookupsDFF": {
                "items": [
                    {
                        "LookupType": "MAV_PUR_DOC_ATTR_XREF",
                        "LookupCode": "RULE12",
                        "ViewApplicationId": 3,
                        "SetId": 0,
                        "__FLEX_Context": "MAV_PUR_DOC_ATTR_XREF",
                        "__FLEX_Context_DisplayValue": "MAV_PUR_DOC_ATTR_XREF",
                        "poStyle": "Dell-Standard Purchase Order",
                        "inventoryOrg": "APX",
                        "buyer": "Factory Auto PO Buyer",
                        "itemBuyer": null,
                        "bpoOrgHub": "US20",
                        "suppSuppSite": null,
                        "timeZone": null,
                        "finalShipToLocation": null,
                        "requiredForLOValidation": null
                    }
                ],
                "count": 1,
                "hasMore": false,
                "limit": 25,
                "offset": 0,
                "links": [
                    {
                        "rel": "self",
                        "href": "https://iawmqy-dev2.fa.ocs.oraclecloud.com:443/fscmRestApi/resources/11.13.18.05/commonLookups/MAV_PUR_DOC_ATTR_XREF/child/lookupCodes/RULE12/child/lookupsDFF",
                        "name": "lookupsDFF",
                        "kind": "collection"
                    }
                ]
            }
        },
        {
            "lookupsDFF": {
                "items": [
                    {
                        "LookupType": "MAV_PUR_DOC_ATTR_XREF",
                        "LookupCode": "RULE13",
                        "ViewApplicationId": 3,
                        "SetId": 0,
                        "__FLEX_Context": "MAV_PUR_DOC_ATTR_XREF",
                        "__FLEX_Context_DisplayValue": "MAV_PUR_DOC_ATTR_XREF",
                        "poStyle": "Dell-Standard Purchase Order",
                        "inventoryOrg": "FRN",
                        "buyer": "Factory Auto PO Buyer",
                        "itemBuyer": null,
                        "bpoOrgHub": "US10",
                        "suppSuppSite": null,
                        "timeZone": null,
                        "finalShipToLocation": null,
                        "requiredForLOValidation": null
                    }
                ],
                "count": 1,
                "hasMore": false,
                "limit": 25,
                "offset": 0,
                "links": [
                    {
                        "rel": "self",
                        "href": "https://iawmqy-dev2.fa.ocs.oraclecloud.com:443/fscmRestApi/resources/11.13.18.05/commonLookups/MAV_PUR_DOC_ATTR_XREF/child/lookupCodes/RULE13/child/lookupsDFF",
                        "name": "lookupsDFF",
                        "kind": "collection"
                    }
                ]
            }
        },
        {
            "lookupsDFF": {
                "items": [
                    {
                        "LookupType": "MAV_PUR_DOC_ATTR_XREF",
                        "LookupCode": "RULE14",
                        "ViewApplicationId": 3,
                        "SetId": 0,
                        "__FLEX_Context": "MAV_PUR_DOC_ATTR_XREF",
                        "__FLEX_Context_DisplayValue": "MAV_PUR_DOC_ATTR_XREF",
                        "poStyle": "Dell-Standard Purchase Order",
                        "inventoryOrg": "C6P-DNU",
                        "buyer": "Subhodeep, Dutta",
                        "itemBuyer": null,
                        "bpoOrgHub": null,
                        "suppSuppSite": "10011 | A00005",
                        "timeZone": null,
                        "finalShipToLocation": null,
                        "requiredForLOValidation": null
                    }
                ],
                "count": 1,
                "hasMore": false,
                "limit": 25,
                "offset": 0,
                "links": [
                    {
                        "rel": "self",
                        "href": "https://iawmqy-dev2.fa.ocs.oraclecloud.com:443/fscmRestApi/resources/11.13.18.05/commonLookups/MAV_PUR_DOC_ATTR_XREF/child/lookupCodes/RULE14/child/lookupsDFF",
                        "name": "lookupsDFF",
                        "kind": "collection"
                    }
                ]
            }
        },
        {
            "lookupsDFF": {
                "items": [
                    {
                        "LookupType": "MAV_PUR_DOC_ATTR_XREF",
                        "LookupCode": "RULE15",
                        "ViewApplicationId": 3,
                        "SetId": 0,
                        "__FLEX_Context": "MAV_PUR_DOC_ATTR_XREF",
                        "__FLEX_Context_DisplayValue": "MAV_PUR_DOC_ATTR_XREF",
                        "poStyle": "Dell-Services Purchase Order",
                        "inventoryOrg": "EFG",
                        "buyer": "Dutta, Subhodeep",
                        "itemBuyer": null,
                        "bpoOrgHub": null,
                        "suppSuppSite": "10011 | A00005",
                        "timeZone": null,
                        "finalShipToLocation": null,
                        "requiredForLOValidation": null
                    }
                ],
                "count": 1,
                "hasMore": false,
                "limit": 25,
                "offset": 0,
                "links": [
                    {
                        "rel": "self",
                        "href": "https://iawmqy-dev2.fa.ocs.oraclecloud.com:443/fscmRestApi/resources/11.13.18.05/commonLookups/MAV_PUR_DOC_ATTR_XREF/child/lookupCodes/RULE15/child/lookupsDFF",
                        "name": "lookupsDFF",
                        "kind": "collection"
                    }
                ]
            }
        },
        {
            "lookupsDFF": {
                "items": [
                    {
                        "LookupType": "MAV_PUR_DOC_ATTR_XREF",
                        "LookupCode": "RULE16",
                        "ViewApplicationId": 3,
                        "SetId": 0,
                        "__FLEX_Context": "MAV_PUR_DOC_ATTR_XREF",
                        "__FLEX_Context_DisplayValue": "MAV_PUR_DOC_ATTR_XREF",
                        "poStyle": "Dell Standard document style",
                        "inventoryOrg": "EFG",
                        "buyer": "LKM Auto PO Buyer, LKM Auto PO Buyer",
                        "itemBuyer": null,
                        "bpoOrgHub": null,
                        "suppSuppSite": null,
                        "timeZone": null,
                        "finalShipToLocation": null,
                        "requiredForLOValidation": null
                    }
                ],
                "count": 1,
                "hasMore": false,
                "limit": 25,
                "offset": 0,
                "links": [
                    {
                        "rel": "self",
                        "href": "https://iawmqy-dev2.fa.ocs.oraclecloud.com:443/fscmRestApi/resources/11.13.18.05/commonLookups/MAV_PUR_DOC_ATTR_XREF/child/lookupCodes/RULE16/child/lookupsDFF",
                        "name": "lookupsDFF",
                        "kind": "collection"
                    }
                ]
            }
        },
        {
            "lookupsDFF": {
                "items": [
                    {
                        "LookupType": "MAV_PUR_DOC_ATTR_XREF",
                        "LookupCode": "RULE17",
                        "ViewApplicationId": 3,
                        "SetId": 0,
                        "__FLEX_Context": "MAV_PUR_DOC_ATTR_XREF",
                        "__FLEX_Context_DisplayValue": "MAV_PUR_DOC_ATTR_XREF",
                        "poStyle": "Dell BSOM Purchasing Document Style",
                        "inventoryOrg": "997",
                        "buyer": "Dutta, Subhodeep",
                        "itemBuyer": null,
                        "bpoOrgHub": "DGPM",
                        "suppSuppSite": null,
                        "timeZone": null,
                        "finalShipToLocation": null,
                        "requiredForLOValidation": null
                    }
                ],
                "count": 1,
                "hasMore": false,
                "limit": 25,
                "offset": 0,
                "links": [
                    {
                        "rel": "self",
                        "href": "https://iawmqy-dev2.fa.ocs.oraclecloud.com:443/fscmRestApi/resources/11.13.18.05/commonLookups/MAV_PUR_DOC_ATTR_XREF/child/lookupCodes/RULE17/child/lookupsDFF",
                        "name": "lookupsDFF",
                        "kind": "collection"
                    }
                ]
            }
        },
        {
            "lookupsDFF": {
                "items": [
                    {
                        "LookupType": "MAV_PUR_DOC_ATTR_XREF",
                        "LookupCode": "RULE18",
                        "ViewApplicationId": 3,
                        "SetId": 0,
                        "__FLEX_Context": "MAV_PUR_DOC_ATTR_XREF",
                        "__FLEX_Context_DisplayValue": "MAV_PUR_DOC_ATTR_XREF",
                        "poStyle": "Dell-ODM CTO Purchase Order",
                        "inventoryOrg": "C6P",
                        "buyer": "ODM CTO Auto Buyer, ODM CTO Auto Buyer",
                        "itemBuyer": "Subhodeep, Dutta",
                        "bpoOrgHub": null,
                        "suppSuppSite": "10011|A0002V",
                        "timeZone": null,
                        "finalShipToLocation": "3NV",
                        "requiredForLOValidation": null
                    }
                ],
                "count": 1,
                "hasMore": false,
                "limit": 25,
                "offset": 0,
                "links": [
                    {
                        "rel": "self",
                        "href": "https://iawmqy-dev2.fa.ocs.oraclecloud.com:443/fscmRestApi/resources/11.13.18.05/commonLookups/MAV_PUR_DOC_ATTR_XREF/child/lookupCodes/RULE18/child/lookupsDFF",
                        "name": "lookupsDFF",
                        "kind": "collection"
                    }
                ]
            }
        },
        {
            "lookupsDFF": {
                "items": [
                    {
                        "LookupType": "MAV_PUR_DOC_ATTR_XREF",
                        "LookupCode": "RULE20",
                        "ViewApplicationId": 3,
                        "SetId": 0,
                        "__FLEX_Context": "MAV_PUR_DOC_ATTR_XREF",
                        "__FLEX_Context_DisplayValue": "MAV_PUR_DOC_ATTR_XREF",
                        "poStyle": "Dell-ODM FGA Purchase Order",
                        "inventoryOrg": "C6P",
                        "buyer": "ODM FGA Auto Buyer, ODM FGA Auto Buyer",
                        "itemBuyer": "Subhodeep, Dutta",
                        "bpoOrgHub": null,
                        "suppSuppSite": "10011|A0002V",
                        "timeZone": null,
                        "finalShipToLocation": "3NV",
                        "requiredForLOValidation": null
                    }
                ],
                "count": 1,
                "hasMore": false,
                "limit": 25,
                "offset": 0,
                "links": [
                    {
                        "rel": "self",
                        "href": "https://iawmqy-dev2.fa.ocs.oraclecloud.com:443/fscmRestApi/resources/11.13.18.05/commonLookups/MAV_PUR_DOC_ATTR_XREF/child/lookupCodes/RULE20/child/lookupsDFF",
                        "name": "lookupsDFF",
                        "kind": "collection"
                    }
                ]
            }
        },
        {
            "lookupsDFF": {
                "items": [
                    {
                        "LookupType": "MAV_PUR_DOC_ATTR_XREF",
                        "LookupCode": "RULE19",
                        "ViewApplicationId": 3,
                        "SetId": 0,
                        "__FLEX_Context": "MAV_PUR_DOC_ATTR_XREF",
                        "__FLEX_Context_DisplayValue": "MAV_PUR_DOC_ATTR_XREF",
                        "poStyle": "Dell-COA Purchase Order",
                        "inventoryOrg": "EFG",
                        "buyer": "Dutta, Subhodeep",
                        "itemBuyer": "Deep, Kamal",
                        "bpoOrgHub": null,
                        "suppSuppSite": "10425|D0003H",
                        "timeZone": null,
                        "finalShipToLocation": null,
                        "requiredForLOValidation": null
                    }
                ],
                "count": 1,
                "hasMore": false,
                "limit": 25,
                "offset": 0,
                "links": [
                    {
                        "rel": "self",
                        "href": "https://iawmqy-dev2.fa.ocs.oraclecloud.com:443/fscmRestApi/resources/11.13.18.05/commonLookups/MAV_PUR_DOC_ATTR_XREF/child/lookupCodes/RULE19/child/lookupsDFF",
                        "name": "lookupsDFF",
                        "kind": "collection"
                    }
                ]
            }
        },
        {
            "lookupsDFF": {
                "items": [
                    {
                        "LookupType": "MAV_PUR_DOC_ATTR_XREF",
                        "LookupCode": "RULE21",
                        "ViewApplicationId": 3,
                        "SetId": 0,
                        "__FLEX_Context": "MAV_PUR_DOC_ATTR_XREF",
                        "__FLEX_Context_DisplayValue": "MAV_PUR_DOC_ATTR_XREF",
                        "poStyle": "Dell-Standard Purchase Order",
                        "inventoryOrg": "CC4",
                        "buyer": "Dutta, Subhodeep",
                        "itemBuyer": null,
                        "bpoOrgHub": "XIAMEN",
                        "suppSuppSite": null,
                        "timeZone": null,
                        "finalShipToLocation": null,
                        "requiredForLOValidation": null
                    }
                ],
                "count": 1,
                "hasMore": false,
                "limit": 25,
                "offset": 0,
                "links": [
                    {
                        "rel": "self",
                        "href": "https://iawmqy-dev2.fa.ocs.oraclecloud.com:443/fscmRestApi/resources/11.13.18.05/commonLookups/MAV_PUR_DOC_ATTR_XREF/child/lookupCodes/RULE21/child/lookupsDFF",
                        "name": "lookupsDFF",
                        "kind": "collection"
                    }
                ]
            }
        },
        {
            "lookupsDFF": {
                "items": [
                    {
                        "LookupType": "MAV_PUR_DOC_ATTR_XREF",
                        "LookupCode": "RULE22",
                        "ViewApplicationId": 3,
                        "SetId": 0,
                        "__FLEX_Context": "MAV_PUR_DOC_ATTR_XREF",
                        "__FLEX_Context_DisplayValue": "MAV_PUR_DOC_ATTR_XREF",
                        "poStyle": "Dell-Standard Purchase Order",
                        "inventoryOrg": "3RW",
                        "buyer": "Dutta, Subhodeep",
                        "itemBuyer": null,
                        "bpoOrgHub": null,
                        "suppSuppSite": null,
                        "timeZone": null,
                        "finalShipToLocation": null,
                        "requiredForLOValidation": null
                    }
                ],
                "count": 1,
                "hasMore": false,
                "limit": 25,
                "offset": 0,
                "links": [
                    {
                        "rel": "self",
                        "href": "https://iawmqy-dev2.fa.ocs.oraclecloud.com:443/fscmRestApi/resources/11.13.18.05/commonLookups/MAV_PUR_DOC_ATTR_XREF/child/lookupCodes/RULE22/child/lookupsDFF",
                        "name": "lookupsDFF",
                        "kind": "collection"
                    }
                ]
            }
        },
        {
            "lookupsDFF": {
                "items": [
                    {
                        "LookupType": "MAV_PUR_DOC_ATTR_XREF",
                        "LookupCode": "RULE23",
                        "ViewApplicationId": 3,
                        "SetId": 0,
                        "__FLEX_Context": "MAV_PUR_DOC_ATTR_XREF",
                        "__FLEX_Context_DisplayValue": "MAV_PUR_DOC_ATTR_XREF",
                        "poStyle": "Dell-Standard Purchase Order",
                        "inventoryOrg": "SXM",
                        "buyer": "Dutta, Subhodeep",
                        "itemBuyer": null,
                        "bpoOrgHub": "XIAMEN",
                        "suppSuppSite": null,
                        "timeZone": null,
                        "finalShipToLocation": null,
                        "requiredForLOValidation": "Yes"
                    }
                ],
                "count": 1,
                "hasMore": false,
                "limit": 25,
                "offset": 0,
                "links": [
                    {
                        "rel": "self",
                        "href": "https://iawmqy-dev2.fa.ocs.oraclecloud.com:443/fscmRestApi/resources/11.13.18.05/commonLookups/MAV_PUR_DOC_ATTR_XREF/child/lookupCodes/RULE23/child/lookupsDFF",
                        "name": "lookupsDFF",
                        "kind": "collection"
                    }
                ]
            }
        },
        {
            "lookupsDFF": {
                "items": [
                    {
                        "LookupType": "MAV_PUR_DOC_ATTR_XREF",
                        "LookupCode": "RULE24",
                        "ViewApplicationId": 3,
                        "SetId": 0,
                        "__FLEX_Context": "MAV_PUR_DOC_ATTR_XREF",
                        "__FLEX_Context_DisplayValue": "MAV_PUR_DOC_ATTR_XREF",
                        "poStyle": "Dell-COA Purchase Order",
                        "inventoryOrg": "994",
                        "buyer": "Global COA Auto PO Buyer",
                        "itemBuyer": null,
                        "bpoOrgHub": null,
                        "suppSuppSite": "M02141|M02141",
                        "timeZone": null,
                        "finalShipToLocation": null,
                        "requiredForLOValidation": null
                    }
                ],
                "count": 1,
                "hasMore": false,
                "limit": 25,
                "offset": 0,
                "links": [
                    {
                        "rel": "self",
                        "href": "https://iawmqy-dev2.fa.ocs.oraclecloud.com:443/fscmRestApi/resources/11.13.18.05/commonLookups/MAV_PUR_DOC_ATTR_XREF/child/lookupCodes/RULE24/child/lookupsDFF",
                        "name": "lookupsDFF",
                        "kind": "collection"
                    }
                ]
            }
        },
        {
            "lookupsDFF": {
                "items": [
                    {
                        "LookupType": "MAV_PUR_DOC_ATTR_XREF",
                        "LookupCode": "RULE25",
                        "ViewApplicationId": 3,
                        "SetId": 0,
                        "__FLEX_Context": "MAV_PUR_DOC_ATTR_XREF",
                        "__FLEX_Context_DisplayValue": "MAV_PUR_DOC_ATTR_XREF",
                        "poStyle": "Dell-COA Purchase Order",
                        "inventoryOrg": "994",
                        "buyer": "Global COA Auto PO Buyer",
                        "itemBuyer": "Chen, Shuyue",
                        "bpoOrgHub": null,
                        "suppSuppSite": "M02141|M02141",
                        "timeZone": null,
                        "finalShipToLocation": null,
                        "requiredForLOValidation": null
                    }
                ],
                "count": 1,
                "hasMore": false,
                "limit": 25,
                "offset": 0,
                "links": [
                    {
                        "rel": "self",
                        "href": "https://iawmqy-dev2.fa.ocs.oraclecloud.com:443/fscmRestApi/resources/11.13.18.05/commonLookups/MAV_PUR_DOC_ATTR_XREF/child/lookupCodes/RULE25/child/lookupsDFF",
                        "name": "lookupsDFF",
                        "kind": "collection"
                    }
                ]
            }
        },
        {
            "lookupsDFF": {
                "items": [
                    {
                        "LookupType": "MAV_PUR_DOC_ATTR_XREF",
                        "LookupCode": "RULE26",
                        "ViewApplicationId": 3,
                        "SetId": 0,
                        "__FLEX_Context": "MAV_PUR_DOC_ATTR_XREF",
                        "__FLEX_Context_DisplayValue": "MAV_PUR_DOC_ATTR_XREF",
                        "poStyle": "Dell-Standard Purchase Order",
                        "inventoryOrg": "SCC",
                        "buyer": "Dutta, Subhodeep",
                        "itemBuyer": null,
                        "bpoOrgHub": "XIAMEN",
                        "suppSuppSite": null,
                        "timeZone": null,
                        "finalShipToLocation": null,
                        "requiredForLOValidation": null
                    }
                ],
                "count": 1,
                "hasMore": false,
                "limit": 25,
                "offset": 0,
                "links": [
                    {
                        "rel": "self",
                        "href": "https://iawmqy-dev2.fa.ocs.oraclecloud.com:443/fscmRestApi/resources/11.13.18.05/commonLookups/MAV_PUR_DOC_ATTR_XREF/child/lookupCodes/RULE26/child/lookupsDFF",
                        "name": "lookupsDFF",
                        "kind": "collection"
                    }
                ]
            }
        }
    ],
    "count": 25,
    "hasMore": true,
    "limit": 25,
    "offset": 0,
    "links": [
        {
            "rel": "self",
            "href": "https://iawmqy-dev2.fa.ocs.oraclecloud.com:443/fscmRestApi/resources/11.13.18.05/commonLookups/MAV_PUR_DOC_ATTR_XREF/child/lookupCodes",
            "name": "lookupCodes",
            "kind": "collection"
        }
    ]
}