{
    "openapi": "3.0.0",
    "info": {
        "title": "FusionRestAPI",
        "version": "1.0.0"
    },
    "servers": [
        {
            "url": "vb-catalog://backends/fusionRestAPI",
            "description": "FusionRestAPI"
        }
    ],
    "paths": {
        "/suppliers": {
            "get": {
                "operationId": "get",
                "responses": {},
                "x-vb": {
                    "actionHint": "getMany"
                }
            }
        }
    }
}