{
    "items": [
        {
            "InventoryOrganizationName": "BW2-CEVA BW2",
            "LocationCode": "CEVA BW2",
            "InventoryOrganizationId": 300000002678655
        }
    ],
    "count": 1,
    "hasMore": false,
    "limit": 25,
    "offset": 0,
    "links": [
        {
            "rel": "self",
            "href": "https://iawmqy-dev2.fa.ocs.oraclecloud.com:443/hcmRestApi/resources/11.13.18.05/locationsV2",
            "name": "locationsV2",
            "kind": "collection"
        },
        {
            "rel": "action",
            "href": "https://iawmqy-dev2.fa.ocs.oraclecloud.com:443/hcmRestApi/resources/11.13.18.05/locationsV2/action/splitLocationForChildUpdate",
            "name": "splitLocationForChildUpdate",
            "kind": "other"
        },
        {
            "rel": "action",
            "href": "https://iawmqy-dev2.fa.ocs.oraclecloud.com:443/hcmRestApi/resources/11.13.18.05/locationsV2/action/getReloadedEFFData",
            "name": "getReloadedEFFData",
            "kind": "other"
        }
    ]
}