{
    "BatchId": 578234577,
    "ActionCode": "ORIGINAL",
    "DocumentTypeCode": "BLANKET",
    "ProcurementBU": "US_PROC_USD_BU",
    "Buyer": "Integration, Dev2",
    "CurrencyCode": "USD",
    "Supplier": "Office Depot",
    "SupplierSite": "STORE-6253",
    "SupplierCommunicationMethodCode": "NONE",
    "Description": "Create demo 17-3-2025",
    "businessUnitAccess": [
        {
            "RequisitioningBU": "US_PL_USD_BU",
            "OrderLocallyFlag": false,
            "PurchasingSite": "STORE-6253",
            "ShipToLocation": "EL PASO AIO AND DCS",
            "BillToBU": "US_PL_USD_BU",
            "BillToLocation": "EL PASO AIO AND DCS",
            "EnabledFlag": true
        }
    ],
    "lines": [
        
        {
            "ActionCode": "ADD",
            "LineNumber": 1,
            "LineType": "Goods",
            "Item":10000482,
            "ItemDescription": "Peripherals_Type_Docking Stations",
            "Amount": 70,
            "UOM": "Each",
            "Category": "Goods"           
        }
    ]
}
