{
    "items": [
        {
            "DISPLAY_NAME": "Angie, Sobarnia",
            "EXT_IDENTIFIER_NUMBER": "0NT"
        },
        {
            "DISPLAY_NAME": "TOM CRUISE",
            "EXT_IDENTIFIER_NUMBER": "12345"
        },
        {
            "DISPLAY_NAME": "Jill COMP IBP FUT",
            "EXT_IDENTIFIER_NUMBER": "1BY"
        },
        {
            "DISPLAY_NAME": "Radhika, Talhande",
            "EXT_IDENTIFIER_NUMBER": "1UX"
        },
        {
            "DISPLAY_NAME": "Gayatri, Arabolu",
            "EXT_IDENTIFIER_NUMBER": "4VK"
        },
        {
            "DISPLAY_NAME": "Gaurav Paliwal",
            "EXT_IDENTIFIER_NUMBER": "5EX"
        },
        {
            "DISPLAY_NAME": "Srishti Sahu",
            "EXT_IDENTIFIER_NUMBER": "9ZF"
        },
        {
            "DISPLAY_NAME": "Mohit, Jain",
            "EXT_IDENTIFIER_NUMBER": "B002"
        },
        {
            "DISPLAY_NAME": "MaryJose Merin",
            "EXT_IDENTIFIER_NUMBER": "B003"
        },
        {
            "DISPLAY_NAME": "Sagar, Bindal",
            "EXT_IDENTIFIER_NUMBER": "B007"
        },
        {
            "DISPLAY_NAME": "Vaishaly, Chakraborty",
            "EXT_IDENTIFIER_NUMBER": "B00A"
        },
        {
            "DISPLAY_NAME": "Pavan Ganachari",
            "EXT_IDENTIFIER_NUMBER": "B00C"
        },
        {
            "DISPLAY_NAME": "Andrew, Haas",
            "EXT_IDENTIFIER_NUMBER": "B00D"
        },
        {
            "DISPLAY_NAME": ", a0543ec8be604a128ba2f93edb3a5e83",
            "EXT_IDENTIFIER_NUMBER": "B00G"
        },
        {
            "DISPLAY_NAME": "Sovanjyoti Roy",
            "EXT_IDENTIFIER_NUMBER": "B00H"
        },
        {
            "DISPLAY_NAME": "Dummy User",
            "EXT_IDENTIFIER_NUMBER": "B029"
        },
        {
            "DISPLAY_NAME": "Sourav Bose",
            "EXT_IDENTIFIER_NUMBER": "B02A"
        },
        {
            "DISPLAY_NAME": "Aswathy Menon",
            "EXT_IDENTIFIER_NUMBER": "B02B"
        },
        {
            "DISPLAY_NAME": "Champashree Bollur",
            "EXT_IDENTIFIER_NUMBER": "B02C"
        },
        {
            "DISPLAY_NAME": "Edukulla, Kiran",
            "EXT_IDENTIFIER_NUMBER": "B02D"
        },
        {
            "DISPLAY_NAME": "Arnab Mitra",
            "EXT_IDENTIFIER_NUMBER": "B02E"
        },
        {
            "DISPLAY_NAME": "Pavan Ganachari",
            "EXT_IDENTIFIER_NUMBER": "B02Q"
        },
        {
            "DISPLAY_NAME": "Subhodeep, Dutta",
            "EXT_IDENTIFIER_NUMBER": "B02U"
        },
        {
            "DISPLAY_NAME": "Abdul, Athani",
            "EXT_IDENTIFIER_NUMBER": "B030"
        },
        {
            "DISPLAY_NAME": "User1, Dummy",
            "EXT_IDENTIFIER_NUMBER": "B032"
        },
        {
            "DISPLAY_NAME": "Mohit, Jain",
            "EXT_IDENTIFIER_NUMBER": "B035"
        },
        {
            "DISPLAY_NAME": "Arnab Mitra",
            "EXT_IDENTIFIER_NUMBER": "B03B"
        },
        {
            "DISPLAY_NAME": "Sourav Bose",
            "EXT_IDENTIFIER_NUMBER": "B03E"
        },
        {
            "DISPLAY_NAME": "Aswathy Menon",
            "EXT_IDENTIFIER_NUMBER": "B03F"
        },
        {
            "DISPLAY_NAME": "Champashree Bollur",
            "EXT_IDENTIFIER_NUMBER": "B03G"
        },
        {
            "DISPLAY_NAME": "Pavan Ganachari",
            "EXT_IDENTIFIER_NUMBER": "B03H"
        },
        {
            "DISPLAY_NAME": "Sovanjyoti Roy",
            "EXT_IDENTIFIER_NUMBER": "B03I"
        },
        {
            "DISPLAY_NAME": "Ashrita Das",
            "EXT_IDENTIFIER_NUMBER": "B03J"
        },
        {
            "DISPLAY_NAME": "Conversion User",
            "EXT_IDENTIFIER_NUMBER": "B03M"
        },
        {
            "DISPLAY_NAME": ", a0543ec8be604a128ba2f93edb3a5e83",
            "EXT_IDENTIFIER_NUMBER": "B03N"
        },
        {
            "DISPLAY_NAME": "Abdul, Athani",
            "EXT_IDENTIFIER_NUMBER": "B03O"
        },
        {
            "DISPLAY_NAME": "Edukulla, Kiran",
            "EXT_IDENTIFIER_NUMBER": "B03P"
        },
        {
            "DISPLAY_NAME": "User1, Dummy",
            "EXT_IDENTIFIER_NUMBER": "B03Q"
        },
        {
            "DISPLAY_NAME": "Mohit, Jain",
            "EXT_IDENTIFIER_NUMBER": "B03R"
        },
        {
            "DISPLAY_NAME": "Arnab Mitra",
            "EXT_IDENTIFIER_NUMBER": "B03X"
        },
        {
            "DISPLAY_NAME": "Sourav Bose",
            "EXT_IDENTIFIER_NUMBER": "B040"
        },
        {
            "DISPLAY_NAME": "Aswathy Menon",
            "EXT_IDENTIFIER_NUMBER": "B041"
        },
        {
            "DISPLAY_NAME": "Champashree Bollur",
            "EXT_IDENTIFIER_NUMBER": "B042"
        },
        {
            "DISPLAY_NAME": "Pavan Ganachari",
            "EXT_IDENTIFIER_NUMBER": "B043"
        },
        {
            "DISPLAY_NAME": "Sovanjyoti Roy",
            "EXT_IDENTIFIER_NUMBER": "B044"
        },
        {
            "DISPLAY_NAME": "Conversion User",
            "EXT_IDENTIFIER_NUMBER": "B048"
        },
        {
            "DISPLAY_NAME": ", a0543ec8be604a128ba2f93edb3a5e83",
            "EXT_IDENTIFIER_NUMBER": "B049"
        },
        {
            "DISPLAY_NAME": "Abdul, Athani",
            "EXT_IDENTIFIER_NUMBER": "B04A"
        },
        {
            "DISPLAY_NAME": "Edukulla, Kiran",
            "EXT_IDENTIFIER_NUMBER": "B04B"
        },
        {
            "DISPLAY_NAME": "User1, Dummy",
            "EXT_IDENTIFIER_NUMBER": "B04C"
        },
        {
            "DISPLAY_NAME": "Mohit, Jain",
            "EXT_IDENTIFIER_NUMBER": "B04D"
        },
        {
            "DISPLAY_NAME": "Arnab Mitra",
            "EXT_IDENTIFIER_NUMBER": "B04J"
        },
        {
            "DISPLAY_NAME": "Sourav Bose",
            "EXT_IDENTIFIER_NUMBER": "B04M"
        },
        {
            "DISPLAY_NAME": "Aswathy Menon",
            "EXT_IDENTIFIER_NUMBER": "B04N"
        },
        {
            "DISPLAY_NAME": "Champashree Bollur",
            "EXT_IDENTIFIER_NUMBER": "B04O"
        },
        {
            "DISPLAY_NAME": "Pavan Ganachari",
            "EXT_IDENTIFIER_NUMBER": "B04P"
        },
        {
            "DISPLAY_NAME": "Sovanjyoti Roy",
            "EXT_IDENTIFIER_NUMBER": "B04Q"
        },
        {
            "DISPLAY_NAME": "Conversion User",
            "EXT_IDENTIFIER_NUMBER": "B04U"
        },
        {
            "DISPLAY_NAME": ", a0543ec8be604a128ba2f93edb3a5e83",
            "EXT_IDENTIFIER_NUMBER": "B04V"
        },
        {
            "DISPLAY_NAME": "Abdul, Athani",
            "EXT_IDENTIFIER_NUMBER": "B04W"
        },
        {
            "DISPLAY_NAME": "Edukulla, Kiran",
            "EXT_IDENTIFIER_NUMBER": "B04X"
        },
        {
            "DISPLAY_NAME": "User1, Dummy",
            "EXT_IDENTIFIER_NUMBER": "B04Y"
        },
        {
            "DISPLAY_NAME": "Mohit, Kapoor",
            "EXT_IDENTIFIER_NUMBER": "B04Z"
        },
        {
            "DISPLAY_NAME": "Naresh Methikayla",
            "EXT_IDENTIFIER_NUMBER": "B051"
        },
        {
            "DISPLAY_NAME": "Roht, Gulhane",
            "EXT_IDENTIFIER_NUMBER": "B052"
        },
        {
            "DISPLAY_NAME": "Kaushal Bamne",
            "EXT_IDENTIFIER_NUMBER": "B053"
        },
        {
            "DISPLAY_NAME": "Mahantesh, Salunke",
            "EXT_IDENTIFIER_NUMBER": "B054"
        },
        {
            "DISPLAY_NAME": ", Pavuluri",
            "EXT_IDENTIFIER_NUMBER": "B055"
        },
        {
            "DISPLAY_NAME": "Anuja Thakur",
            "EXT_IDENTIFIER_NUMBER": "B057"
        },
        {
            "DISPLAY_NAME": "Anthony, Araoye",
            "EXT_IDENTIFIER_NUMBER": "B058"
        },
        {
            "DISPLAY_NAME": "Angelos, Dorizas",
            "EXT_IDENTIFIER_NUMBER": "B059"
        },
        {
            "DISPLAY_NAME": "Selvamani, S",
            "EXT_IDENTIFIER_NUMBER": "B05C"
        },
        {
            "DISPLAY_NAME": "Ankita Mohanty",
            "EXT_IDENTIFIER_NUMBER": "B05D"
        },
        {
            "DISPLAY_NAME": "Narwan",
            "EXT_IDENTIFIER_NUMBER": "B05E"
        },
        {
            "DISPLAY_NAME": "Rajeshwari",
            "EXT_IDENTIFIER_NUMBER": "B05F"
        },
        {
            "DISPLAY_NAME": "Naveen Kumar",
            "EXT_IDENTIFIER_NUMBER": "B05G"
        },
        {
            "DISPLAY_NAME": "Nadimpalli",
            "EXT_IDENTIFIER_NUMBER": "B05H"
        },
        {
            "DISPLAY_NAME": "Ganta",
            "EXT_IDENTIFIER_NUMBER": "B05I"
        },
        {
            "DISPLAY_NAME": "Kamal Deep",
            "EXT_IDENTIFIER_NUMBER": "B05J"
        },
        {
            "DISPLAY_NAME": "Akshay, Jangam",
            "EXT_IDENTIFIER_NUMBER": "B05K"
        },
        {
            "DISPLAY_NAME": "DELL_PTM_, AUTOMATION_SVC",
            "EXT_IDENTIFIER_NUMBER": "CQX"
        },
        {
            "DISPLAY_NAME": "Conversion User",
            "EXT_IDENTIFIER_NUMBER": "G001"
        },
        {
            "DISPLAY_NAME": "Sussane Cara",
            "EXT_IDENTIFIER_NUMBER": "G003"
        },
        {
            "DISPLAY_NAME": "Dummy, User2",
            "EXT_IDENTIFIER_NUMBER": "G005"
        },
        {
            "DISPLAY_NAME": "user, dummy",
            "EXT_IDENTIFIER_NUMBER": "G008"
        },
        {
            "DISPLAY_NAME": "Dummy, User2",
            "EXT_IDENTIFIER_NUMBER": "G009"
        },
        {
            "DISPLAY_NAME": "user, dummy",
            "EXT_IDENTIFIER_NUMBER": "G00B"
        },
        {
            "DISPLAY_NAME": "Dummy, User2",
            "EXT_IDENTIFIER_NUMBER": "G00C"
        },
        {
            "DISPLAY_NAME": "user, dummy",
            "EXT_IDENTIFIER_NUMBER": "G00E"
        },
        {
            "DISPLAY_NAME": "Dummy, User2",
            "EXT_IDENTIFIER_NUMBER": "G00F"
        },
        {
            "DISPLAY_NAME": "user, dummy",
            "EXT_IDENTIFIER_NUMBER": "G00H"
        },
        {
            "DISPLAY_NAME": "User3, Dummy",
            "EXT_IDENTIFIER_NUMBER": "G00J"
        },
        {
            "DISPLAY_NAME": "Anki Aro",
            "EXT_IDENTIFIER_NUMBER": "G00K"
        },
        {
            "DISPLAY_NAME": "Venkatesh, Periketi",
            "EXT_IDENTIFIER_NUMBER": "IPU"
        },
        {
            "DISPLAY_NAME": "RInkesh, Jha",
            "EXT_IDENTIFIER_NUMBER": "LNS"
        },
        {
            "DISPLAY_NAME": "Kiran, Patil",
            "EXT_IDENTIFIER_NUMBER": "P046"
        },
        {
            "DISPLAY_NAME": ", DELL_OTDTC_AUTOMATION_SVC ",
            "EXT_IDENTIFIER_NUMBER": "P2U"
        },
        {
            "DISPLAY_NAME": "Tathagata, Chattopadhyay",
            "EXT_IDENTIFIER_NUMBER": "Q32"
        },
        {
            "DISPLAY_NAME": "Shreya Kishore",
            "EXT_IDENTIFIER_NUMBER": "S000"
        },
        {
            "DISPLAY_NAME": "Neha Gang",
            "EXT_IDENTIFIER_NUMBER": "S001"
        },
        {
            "DISPLAY_NAME": "Kamaraju, Raju",
            "EXT_IDENTIFIER_NUMBER": "S002"
        },
        {
            "DISPLAY_NAME": "Aviral Sharma",
            "EXT_IDENTIFIER_NUMBER": "S003"
        },
        {
            "DISPLAY_NAME": "Dev2, Integration",
            "EXT_IDENTIFIER_NUMBER": "S004"
        },
        {
            "DISPLAY_NAME": "DELL_STP AUTOMATION_SVC",
            "EXT_IDENTIFIER_NUMBER": "S005"
        },
        {
            "DISPLAY_NAME": "Subash, Subbiah Ganesan",
            "EXT_IDENTIFIER_NUMBER": "S006"
        },
        {
            "DISPLAY_NAME": "TL PERSONA HR ADMIN",
            "EXT_IDENTIFIER_NUMBER": "S007"
        },
        {
            "DISPLAY_NAME": "Sravanth, Kumar",
            "EXT_IDENTIFIER_NUMBER": "S008"
        },
        {
            "DISPLAY_NAME": "Hellen Fernandes",
            "EXT_IDENTIFIER_NUMBER": "S009"
        },
        {
            "DISPLAY_NAME": "Madhuri Botla",
            "EXT_IDENTIFIER_NUMBER": "S00A"
        },
        {
            "DISPLAY_NAME": "Venkata Dasagi",
            "EXT_IDENTIFIER_NUMBER": "S00B"
        },
        {
            "DISPLAY_NAME": "Vijay Muttamsetty",
            "EXT_IDENTIFIER_NUMBER": "S00C"
        },
        {
            "DISPLAY_NAME": "Potnuru BhagyaSri",
            "EXT_IDENTIFIER_NUMBER": "S00D"
        },
        {
            "DISPLAY_NAME": "Kuldeep Sharma",
            "EXT_IDENTIFIER_NUMBER": "S00E"
        },
        {
            "DISPLAY_NAME": "TEST DUMMY",
            "EXT_IDENTIFIER_NUMBER": "S00F"
        },
        {
            "DISPLAY_NAME": "Priyanka, Tn",
            "EXT_IDENTIFIER_NUMBER": "S00G"
        },
        {
            "DISPLAY_NAME": "Radhika, Kumari",
            "EXT_IDENTIFIER_NUMBER": "S00I"
        },
        {
            "DISPLAY_NAME": "Catherine Comiskey",
            "EXT_IDENTIFIER_NUMBER": "S00J"
        },
        {
            "DISPLAY_NAME": "Deep Gaurab",
            "EXT_IDENTIFIER_NUMBER": "S00K"
        },
        {
            "DISPLAY_NAME": "Catherine Comiskey",
            "EXT_IDENTIFIER_NUMBER": "S00L"
        },
        {
            "DISPLAY_NAME": "Hellen Fernandes",
            "EXT_IDENTIFIER_NUMBER": "S00M"
        },
        {
            "DISPLAY_NAME": "RInkesh, Jha",
            "EXT_IDENTIFIER_NUMBER": "S00N"
        },
        {
            "DISPLAY_NAME": "Madhuri Botla",
            "EXT_IDENTIFIER_NUMBER": "S00P"
        },
        {
            "DISPLAY_NAME": "Venkata Dasagi",
            "EXT_IDENTIFIER_NUMBER": "S00Q"
        },
        {
            "DISPLAY_NAME": "Vijay Muttamsetty",
            "EXT_IDENTIFIER_NUMBER": "S00R"
        },
        {
            "DISPLAY_NAME": "Potnuru BhagyaSri",
            "EXT_IDENTIFIER_NUMBER": "S00S"
        },
        {
            "DISPLAY_NAME": "Kuldeep Sharma",
            "EXT_IDENTIFIER_NUMBER": "S00T"
        },
        {
            "DISPLAY_NAME": "Deep Gaurab",
            "EXT_IDENTIFIER_NUMBER": "S00U"
        },
        {
            "DISPLAY_NAME": "Priyanka, Tn",
            "EXT_IDENTIFIER_NUMBER": "S00V"
        },
        {
            "DISPLAY_NAME": "Radhika, Kumari",
            "EXT_IDENTIFIER_NUMBER": "S00W"
        },
        {
            "DISPLAY_NAME": "Dummy User",
            "EXT_IDENTIFIER_NUMBER": "S00X"
        },
        {
            "DISPLAY_NAME": "Catherine Comiskey",
            "EXT_IDENTIFIER_NUMBER": "S00Y"
        },
        {
            "DISPLAY_NAME": "Hellen Fernandes",
            "EXT_IDENTIFIER_NUMBER": "S00Z"
        },
        {
            "DISPLAY_NAME": "RInkesh, Jha",
            "EXT_IDENTIFIER_NUMBER": "S010"
        },
        {
            "DISPLAY_NAME": "Madhuri Botla",
            "EXT_IDENTIFIER_NUMBER": "S012"
        },
        {
            "DISPLAY_NAME": "Venkata Dasagi",
            "EXT_IDENTIFIER_NUMBER": "S013"
        },
        {
            "DISPLAY_NAME": "Vijay Muttamsetty",
            "EXT_IDENTIFIER_NUMBER": "S014"
        },
        {
            "DISPLAY_NAME": "Potnuru BhagyaSri",
            "EXT_IDENTIFIER_NUMBER": "S015"
        },
        {
            "DISPLAY_NAME": "Kuldeep Sharma",
            "EXT_IDENTIFIER_NUMBER": "S016"
        },
        {
            "DISPLAY_NAME": "Deep Gaurab",
            "EXT_IDENTIFIER_NUMBER": "S017"
        },
        {
            "DISPLAY_NAME": "Priyanka, Tn",
            "EXT_IDENTIFIER_NUMBER": "S018"
        },
        {
            "DISPLAY_NAME": "Radhika, Kumari",
            "EXT_IDENTIFIER_NUMBER": "S019"
        },
        {
            "DISPLAY_NAME": "Dummy User",
            "EXT_IDENTIFIER_NUMBER": "S01A"
        },
        {
            "DISPLAY_NAME": "Catherine Comiskey",
            "EXT_IDENTIFIER_NUMBER": "S01B"
        },
        {
            "DISPLAY_NAME": "Hellen Fernandes",
            "EXT_IDENTIFIER_NUMBER": "S01C"
        },
        {
            "DISPLAY_NAME": "RInkesh, Jha",
            "EXT_IDENTIFIER_NUMBER": "S01D"
        },
        {
            "DISPLAY_NAME": "Madhuri Botla",
            "EXT_IDENTIFIER_NUMBER": "S01F"
        },
        {
            "DISPLAY_NAME": "Venkata Dasagi",
            "EXT_IDENTIFIER_NUMBER": "S01G"
        },
        {
            "DISPLAY_NAME": "Vijay Muttamsetty",
            "EXT_IDENTIFIER_NUMBER": "S01H"
        },
        {
            "DISPLAY_NAME": "Potnuru BhagyaSri",
            "EXT_IDENTIFIER_NUMBER": "S01I"
        },
        {
            "DISPLAY_NAME": "Kuldeep Sharma",
            "EXT_IDENTIFIER_NUMBER": "S01J"
        },
        {
            "DISPLAY_NAME": "Deep Gaurab",
            "EXT_IDENTIFIER_NUMBER": "S01K"
        },
        {
            "DISPLAY_NAME": "Priyanka, Tn",
            "EXT_IDENTIFIER_NUMBER": "S01L"
        },
        {
            "DISPLAY_NAME": "Radhika, Kumari",
            "EXT_IDENTIFIER_NUMBER": "S01M"
        },
        {
            "DISPLAY_NAME": "Dummy User",
            "EXT_IDENTIFIER_NUMBER": "S01N"
        },
        {
            "DISPLAY_NAME": "Elisabete, Saldanha",
            "EXT_IDENTIFIER_NUMBER": "S01S"
        },
        {
            "DISPLAY_NAME": "Elisabete, Saldanha",
            "EXT_IDENTIFIER_NUMBER": "S01T"
        },
        {
            "DISPLAY_NAME": "Rogerio, Pagel",
            "EXT_IDENTIFIER_NUMBER": "S01U"
        },
        {
            "DISPLAY_NAME": "Rogerio, Pagel",
            "EXT_IDENTIFIER_NUMBER": "S01V"
        },
        {
            "DISPLAY_NAME": "Madhusudanan, Krishnamoorthy",
            "EXT_IDENTIFIER_NUMBER": "S01W"
        },
        {
            "DISPLAY_NAME": "Madhusudanan, Krishnamoorthy",
            "EXT_IDENTIFIER_NUMBER": "S01X"
        },
        {
            "DISPLAY_NAME": "Thiago, Soares",
            "EXT_IDENTIFIER_NUMBER": "S01Y"
        },
        {
            "DISPLAY_NAME": "Thiago, Soares",
            "EXT_IDENTIFIER_NUMBER": "S01Z"
        },
        {
            "DISPLAY_NAME": "Rafael, Martinenco",
            "EXT_IDENTIFIER_NUMBER": "S020"
        },
        {
            "DISPLAY_NAME": "Elisa, Rodrigues",
            "EXT_IDENTIFIER_NUMBER": "S021"
        },
        {
            "DISPLAY_NAME": "3643bd4b968c4980af889d984c56513f",
            "EXT_IDENTIFIER_NUMBER": "S098"
        },
        {
            "DISPLAY_NAME": "Nikhil , Gajavalli",
            "EXT_IDENTIFIER_NUMBER": "S099"
        },
        {
            "DISPLAY_NAME": ", EXTERNAL_BUYER",
            "EXT_IDENTIFIER_NUMBER": "S09A"
        },
        {
            "DISPLAY_NAME": "STP, DELL_STP_AUTOMATION_USER_SVC",
            "EXT_IDENTIFIER_NUMBER": "S09B"
        },
        {
            "DISPLAY_NAME": "Morgan, Driebe",
            "EXT_IDENTIFIER_NUMBER": "Test "
        },
        {
            "DISPLAY_NAME": "Ashton, Ledbetter",
            "EXT_IDENTIFIER_NUMBER": "ZPE"
        }
    ]
}