{
    "openapi": "3.0.0",
    "info": {
        "title": "FSCM_CONN",
        "version": "1.0.0"
    },
    "servers": [
        {
            "url": "vb-catalog://backends/GBL_CMN_FILE_UPLOAD",
            "description": "GBL CMN FILE UPLOAD"
        }
    ],
    "paths": {
        "/erpintegrations": {
            "post": {
                "operationId": "UploadFIleToUCMServer",
                "responses": {
                    "default": {
                        "description": "Response for default",
                        "content": {
                            "application/json": {
                                "schema": {
                                    "$ref": "#/components/schemas/PostErpintegrationsResponse"
                                },
                                "examples": {
                                    "vb": {
                                        "summary": "Example stored by VB User",
                                        "externalValue": "./examples/UploadFIleToUCMServer/response_default_application_json_vb.json"
                                    }
                                }
                            }
                        }
                    }
               },
                "x-vb": {
                    "actionHint": "create"
                }
            }
        }
    },
    "components": {
        "schemas": {
            "PostErpintegrationsResponse": {
                "type": "object",
                "properties": {
                    "OperationName": {
                        "type": "string"
                    },
                    "DocumentId": {
                        "type": "string"
                    },
                    "DocumentContent": {
                        "type": "string"
                    },
                    "FileName": {
                        "type": "string"
                    },
                    "ContentType": {
                        "type": "string"
                    },
                    "FileType": {
                        "nullable": true
                    },
                    "DocumentAccount": {
                        "type": "string"
                    },
                    "Comments": {
                        "nullable": true
                    },
                    "ProcessName": {
                        "nullable": true
                    },
                    "LoadRequestId": {
                        "nullable": true
                    },
                    "JobPackageName": {
                        "nullable": true
                    },
                    "JobDefName": {
                        "nullable": true
                    },
                    "ReqstId": {
                        "nullable": true
                    },
                    "RequestStatus": {
                        "nullable": true
                    },
                    "JobName": {
                        "nullable": true
                    },
                    "ParameterList": {
                        "nullable": true
                    },
                    "NotificationCode": {
                        "nullable": true
                    },
                    "CallbackURL": {
                        "nullable": true
                    },
                    "JobOptions": {
                        "nullable": true
                    },
                    "StatusCode": {
                        "nullable": true
                    },
                    "ESSParameters": {
                        "nullable": true
                    },
                    "links": {
                        "type": "array",
                        "items": {
                            "type": "object",
                            "properties": {
                                "rel": {
                                    "type": "string"
                                },
                                "href": {
                                    "type": "string"
                                },
                                "name": {
                                    "type": "string"
                                },
                                "kind": {
                                    "type": "string"
                                }
                            }
                        }
                    }
                }
            }
        }
    }
}