{
    "items": [
        {
            "lookup_type": "ADAC_ADHOC_APRON",
            "language": "US",
            "lookup_code": "ADAT",
            "meaning": "ADAT",
            "description": null,
            "enabled_flag": "Y",
            "start_date_active": "2012-07-26T00:00:00Z",
            "end_date_active": null,
            "created_by": "15286",
            "creation_date": "2012-07-26T00:00:00Z",
            "last_updated_by": "15286",
            "last_update_login": "9819995",
            "last_update_date": "2012-12-17T00:00:00Z",
            "source_lang": "US",
            "security_group_id": "0",
            "view_application_id": "660",
            "territory_code": null,
            "attribute_category": null,
            "attribute1": null,
            "attribute2": null,
            "attribute3": null,
            "attribute4": null,
            "attribute5": null,
            "attribute6": null,
            "attribute7": null,
            "attribute8": null,
            "attribute9": null,
            "attribute10": null,
            "attribute11": null,
            "attribute12": null,
            "attribute13": null,
            "attribute14": null,
            "attribute15": null,
            "tag": null,
            "leaf_node": null,
            "zd_edition_name": "SET1",
            "zd_sync": "SYNCED"
        },
        {
            "lookup_type": "ADAC_ADHOC_APRON",
            "language": "US",
            "lookup_code": "APRON1",
            "meaning": "Apron 1",
            "description": null,
            "enabled_flag": "Y",
            "start_date_active": "2012-07-26T00:00:00Z",
            "end_date_active": null,
            "created_by": "15286",
            "creation_date": "2012-07-26T00:00:00Z",
            "last_updated_by": "15286",
            "last_update_login": "6878644",
            "last_update_date": "2012-07-26T00:00:00Z",
            "source_lang": "US",
            "security_group_id": "0",
            "view_application_id": "660",
            "territory_code": null,
            "attribute_category": null,
            "attribute1": null,
            "attribute2": null,
            "attribute3": null,
            "attribute4": null,
            "attribute5": null,
            "attribute6": null,
            "attribute7": null,
            "attribute8": null,
            "attribute9": null,
            "attribute10": null,
            "attribute11": null,
            "attribute12": null,
            "attribute13": null,
            "attribute14": null,
            "attribute15": null,
            "tag": null,
            "leaf_node": null,
            "zd_edition_name": "SET1",
            "zd_sync": "SYNCED"
        },
        {
            "lookup_type": "ADAC_ADHOC_APRON",
            "language": "US",
            "lookup_code": "APRON2",
            "meaning": "Apron 2",
            "description": null,
            "enabled_flag": "Y",
            "start_date_active": "2012-07-26T00:00:00Z",
            "end_date_active": null,
            "created_by": "15286",
            "creation_date": "2012-07-26T00:00:00Z",
            "last_updated_by": "15286",
            "last_update_login": "6878644",
            "last_update_date": "2012-07-26T00:00:00Z",
            "source_lang": "US",
            "security_group_id": "0",
            "view_application_id": "660",
            "territory_code": null,
            "attribute_category": null,
            "attribute1": null,
            "attribute2": null,
            "attribute3": null,
            "attribute4": null,
            "attribute5": null,
            "attribute6": null,
            "attribute7": null,
            "attribute8": null,
            "attribute9": null,
            "attribute10": null,
            "attribute11": null,
            "attribute12": null,
            "attribute13": null,
            "attribute14": null,
            "attribute15": null,
            "tag": null,
            "leaf_node": null,
            "zd_edition_name": "SET1",
            "zd_sync": "SYNCED"
        },
        {
            "lookup_type": "ADAC_ADHOC_APRON",
            "language": "US",
            "lookup_code": "APRON3",
            "meaning": "Apron 3",
            "description": null,
            "enabled_flag": "Y",
            "start_date_active": "2012-07-26T00:00:00Z",
            "end_date_active": null,
            "created_by": "15286",
            "creation_date": "2012-07-26T00:00:00Z",
            "last_updated_by": "15286",
            "last_update_login": "6878644",
            "last_update_date": "2012-07-26T00:00:00Z",
            "source_lang": "US",
            "security_group_id": "0",
            "view_application_id": "660",
            "territory_code": null,
            "attribute_category": null,
            "attribute1": null,
            "attribute2": null,
            "attribute3": null,
            "attribute4": null,
            "attribute5": null,
            "attribute6": null,
            "attribute7": null,
            "attribute8": null,
            "attribute9": null,
            "attribute10": null,
            "attribute11": null,
            "attribute12": null,
            "attribute13": null,
            "attribute14": null,
            "attribute15": null,
            "tag": null,
            "leaf_node": null,
            "zd_edition_name": "SET1",
            "zd_sync": "SYNCED"
        },
        {
            "lookup_type": "ADAC_ADHOC_APRON",
            "language": "US",
            "lookup_code": "GA",
            "meaning": "GA",
            "description": null,
            "enabled_flag": "Y",
            "start_date_active": "2012-07-26T00:00:00Z",
            "end_date_active": null,
            "created_by": "15286",
            "creation_date": "2012-07-26T00:00:00Z",
            "last_updated_by": "15286",
            "last_update_login": "6878644",
            "last_update_date": "2012-07-26T00:00:00Z",
            "source_lang": "US",
            "security_group_id": "0",
            "view_application_id": "660",
            "territory_code": null,
            "attribute_category": null,
            "attribute1": null,
            "attribute2": null,
            "attribute3": null,
            "attribute4": null,
            "attribute5": null,
            "attribute6": null,
            "attribute7": null,
            "attribute8": null,
            "attribute9": null,
            "attribute10": null,
            "attribute11": null,
            "attribute12": null,
            "attribute13": null,
            "attribute14": null,
            "attribute15": null,
            "tag": null,
            "leaf_node": null,
            "zd_edition_name": "SET1",
            "zd_sync": "SYNCED"
        },
        {
            "lookup_type": "ADAC_ADHOC_APRON",
            "language": "US",
            "lookup_code": "MAIN",
            "meaning": "MAIN",
            "description": null,
            "enabled_flag": "Y",
            "start_date_active": "2012-07-26T00:00:00Z",
            "end_date_active": null,
            "created_by": "15286",
            "creation_date": "2012-07-26T00:00:00Z",
            "last_updated_by": "15286",
            "last_update_login": "6878644",
            "last_update_date": "2012-07-26T00:00:00Z",
            "source_lang": "US",
            "security_group_id": "0",
            "view_application_id": "660",
            "territory_code": null,
            "attribute_category": null,
            "attribute1": null,
            "attribute2": null,
            "attribute3": null,
            "attribute4": null,
            "attribute5": null,
            "attribute6": null,
            "attribute7": null,
            "attribute8": null,
            "attribute9": null,
            "attribute10": null,
            "attribute11": null,
            "attribute12": null,
            "attribute13": null,
            "attribute14": null,
            "attribute15": null,
            "tag": null,
            "leaf_node": null,
            "zd_edition_name": "SET1",
            "zd_sync": "SYNCED"
        },
        {
            "lookup_type": "ADAC_ADHOC_APRON",
            "language": "US",
            "lookup_code": "PFA",
            "meaning": "PFA",
            "description": null,
            "enabled_flag": "Y",
            "start_date_active": "2012-07-26T00:00:00Z",
            "end_date_active": null,
            "created_by": "15286",
            "creation_date": "2012-07-26T00:00:00Z",
            "last_updated_by": "15286",
            "last_update_login": "6878644",
            "last_update_date": "2012-07-26T00:00:00Z",
            "source_lang": "US",
            "security_group_id": "0",
            "view_application_id": "660",
            "territory_code": null,
            "attribute_category": null,
            "attribute1": null,
            "attribute2": null,
            "attribute3": null,
            "attribute4": null,
            "attribute5": null,
            "attribute6": null,
            "attribute7": null,
            "attribute8": null,
            "attribute9": null,
            "attribute10": null,
            "attribute11": null,
            "attribute12": null,
            "attribute13": null,
            "attribute14": null,
            "attribute15": null,
            "tag": null,
            "leaf_node": null,
            "zd_edition_name": "SET1",
            "zd_sync": "SYNCED"
        },
        {
            "lookup_type": "ADAC_ADHOC_APRON",
            "language": "US",
            "lookup_code": "N970SF",
            "meaning": "n970sf",
            "description": null,
            "enabled_flag": "Y",
            "start_date_active": "2012-11-30T00:00:00Z",
            "end_date_active": null,
            "created_by": "16762",
            "creation_date": "2012-11-30T00:00:00Z",
            "last_updated_by": "16762",
            "last_update_login": "9385626",
            "last_update_date": "2012-11-30T00:00:00Z",
            "source_lang": "US",
            "security_group_id": "0",
            "view_application_id": "660",
            "territory_code": null,
            "attribute_category": null,
            "attribute1": null,
            "attribute2": null,
            "attribute3": null,
            "attribute4": null,
            "attribute5": null,
            "attribute6": null,
            "attribute7": null,
            "attribute8": null,
            "attribute9": null,
            "attribute10": null,
            "attribute11": null,
            "attribute12": null,
            "attribute13": null,
            "attribute14": null,
            "attribute15": null,
            "tag": null,
            "leaf_node": null,
            "zd_edition_name": "SET1",
            "zd_sync": "SYNCED"
        },
        {
            "lookup_type": "ADAC_ADHOC_APRON",
            "language": "US",
            "lookup_code": "CSDKE",
            "meaning": "CSDKE",
            "description": null,
            "enabled_flag": "Y",
            "start_date_active": "2012-11-06T00:00:00Z",
            "end_date_active": null,
            "created_by": "16182",
            "creation_date": "2012-11-06T00:00:00Z",
            "last_updated_by": "16182",
            "last_update_login": "8782848",
            "last_update_date": "2012-11-06T00:00:00Z",
            "source_lang": "US",
            "security_group_id": "0",
            "view_application_id": "660",
            "territory_code": null,
            "attribute_category": null,
            "attribute1": null,
            "attribute2": null,
            "attribute3": null,
            "attribute4": null,
            "attribute5": null,
            "attribute6": null,
            "attribute7": null,
            "attribute8": null,
            "attribute9": null,
            "attribute10": null,
            "attribute11": null,
            "attribute12": null,
            "attribute13": null,
            "attribute14": null,
            "attribute15": null,
            "tag": null,
            "leaf_node": null,
            "zd_edition_name": "SET1",
            "zd_sync": "SYNCED"
        },
        {
            "lookup_type": "ADAC_ADHOC_APRON",
            "language": "US",
            "lookup_code": "N96RX",
            "meaning": "N96RX",
            "description": null,
            "enabled_flag": "Y",
            "start_date_active": "2012-11-24T00:00:00Z",
            "end_date_active": null,
            "created_by": "16762",
            "creation_date": "2012-11-24T00:00:00Z",
            "last_updated_by": "16762",
            "last_update_login": "9015475",
            "last_update_date": "2012-11-24T00:00:00Z",
            "source_lang": "US",
            "security_group_id": "0",
            "view_application_id": "660",
            "territory_code": null,
            "attribute_category": null,
            "attribute1": null,
            "attribute2": null,
            "attribute3": null,
            "attribute4": null,
            "attribute5": null,
            "attribute6": null,
            "attribute7": null,
            "attribute8": null,
            "attribute9": null,
            "attribute10": null,
            "attribute11": null,
            "attribute12": null,
            "attribute13": null,
            "attribute14": null,
            "attribute15": null,
            "tag": null,
            "leaf_node": null,
            "zd_edition_name": "SET1",
            "zd_sync": "SYNCED"
        },
        {
            "lookup_type": "ADAC_ADHOC_APRON",
            "language": "US",
            "lookup_code": "JYAYD",
            "meaning": "jyayd",
            "description": null,
            "enabled_flag": "Y",
            "start_date_active": "2013-12-15T00:00:00Z",
            "end_date_active": null,
            "created_by": "15715",
            "creation_date": "2013-12-15T00:00:00Z",
            "last_updated_by": "15715",
            "last_update_login": "14044243",
            "last_update_date": "2013-12-15T00:00:00Z",
            "source_lang": "US",
            "security_group_id": "0",
            "view_application_id": "660",
            "territory_code": null,
            "attribute_category": null,
            "attribute1": null,
            "attribute2": null,
            "attribute3": null,
            "attribute4": null,
            "attribute5": null,
            "attribute6": null,
            "attribute7": null,
            "attribute8": null,
            "attribute9": null,
            "attribute10": null,
            "attribute11": null,
            "attribute12": null,
            "attribute13": null,
            "attribute14": null,
            "attribute15": null,
            "tag": null,
            "leaf_node": null,
            "zd_edition_name": "SET1",
            "zd_sync": "SYNCED"
        },
        {
            "lookup_type": "ADAC_ADHOC_APRON",
            "language": "US",
            "lookup_code": "MIL",
            "meaning": "MIL",
            "description": null,
            "enabled_flag": "Y",
            "start_date_active": "2015-06-01T00:00:00Z",
            "end_date_active": null,
            "created_by": "73461",
            "creation_date": "2015-06-03T00:00:00Z",
            "last_updated_by": "73461",
            "last_update_login": "19433912",
            "last_update_date": "2015-06-03T00:00:00Z",
            "source_lang": "US",
            "security_group_id": "0",
            "view_application_id": "660",
            "territory_code": null,
            "attribute_category": null,
            "attribute1": null,
            "attribute2": null,
            "attribute3": null,
            "attribute4": null,
            "attribute5": null,
            "attribute6": null,
            "attribute7": null,
            "attribute8": null,
            "attribute9": null,
            "attribute10": null,
            "attribute11": null,
            "attribute12": null,
            "attribute13": null,
            "attribute14": null,
            "attribute15": null,
            "tag": null,
            "leaf_node": null,
            "zd_edition_name": "SET1",
            "zd_sync": "SYNCED"
        },
        {
            "lookup_type": "ADAC_ADHOC_APRON",
            "language": "US",
            "lookup_code": "HSJAS",
            "meaning": "HSJAS",
            "description": null,
            "enabled_flag": "Y",
            "start_date_active": "2016-04-18T00:00:00Z",
            "end_date_active": null,
            "created_by": "16183",
            "creation_date": "2016-04-18T00:00:00Z",
            "last_updated_by": "16183",
            "last_update_login": "22925760",
            "last_update_date": "2016-04-18T00:00:00Z",
            "source_lang": "US",
            "security_group_id": "0",
            "view_application_id": "660",
            "territory_code": null,
            "attribute_category": null,
            "attribute1": null,
            "attribute2": null,
            "attribute3": null,
            "attribute4": null,
            "attribute5": null,
            "attribute6": null,
            "attribute7": null,
            "attribute8": null,
            "attribute9": null,
            "attribute10": null,
            "attribute11": null,
            "attribute12": null,
            "attribute13": null,
            "attribute14": null,
            "attribute15": null,
            "tag": null,
            "leaf_node": null,
            "zd_edition_name": "SET1",
            "zd_sync": "SYNCED"
        },
        {
            "lookup_type": "ADAC_ADHOC_APRON",
            "language": "US",
            "lookup_code": "LXEMO",
            "meaning": "LXEMO",
            "description": null,
            "enabled_flag": "Y",
            "start_date_active": "2016-05-27T00:00:00Z",
            "end_date_active": null,
            "created_by": "15714",
            "creation_date": "2016-05-27T00:00:00Z",
            "last_updated_by": "15714",
            "last_update_login": "23381101",
            "last_update_date": "2016-05-27T00:00:00Z",
            "source_lang": "US",
            "security_group_id": "0",
            "view_application_id": "660",
            "territory_code": null,
            "attribute_category": null,
            "attribute1": null,
            "attribute2": null,
            "attribute3": null,
            "attribute4": null,
            "attribute5": null,
            "attribute6": null,
            "attribute7": null,
            "attribute8": null,
            "attribute9": null,
            "attribute10": null,
            "attribute11": null,
            "attribute12": null,
            "attribute13": null,
            "attribute14": null,
            "attribute15": null,
            "tag": null,
            "leaf_node": null,
            "zd_edition_name": "SET1",
            "zd_sync": "SYNCED"
        },
        {
            "lookup_type": "ADAC_ADHOC_APRON",
            "language": "US",
            "lookup_code": "VTCKP",
            "meaning": "vtckp",
            "description": null,
            "enabled_flag": "Y",
            "start_date_active": "2016-04-05T00:00:00Z",
            "end_date_active": null,
            "created_by": "16182",
            "creation_date": "2016-04-05T00:00:00Z",
            "last_updated_by": "16182",
            "last_update_login": "22780747",
            "last_update_date": "2016-04-05T00:00:00Z",
            "source_lang": "US",
            "security_group_id": "0",
            "view_application_id": "660",
            "territory_code": null,
            "attribute_category": null,
            "attribute1": null,
            "attribute2": null,
            "attribute3": null,
            "attribute4": null,
            "attribute5": null,
            "attribute6": null,
            "attribute7": null,
            "attribute8": null,
            "attribute9": null,
            "attribute10": null,
            "attribute11": null,
            "attribute12": null,
            "attribute13": null,
            "attribute14": null,
            "attribute15": null,
            "tag": null,
            "leaf_node": null,
            "zd_edition_name": "SET1",
            "zd_sync": "SYNCED"
        },
        {
            "lookup_type": "ADAC_ADHOC_APRON",
            "language": "US",
            "lookup_code": "VTCPA",
            "meaning": "VTCPA",
            "description": null,
            "enabled_flag": "Y",
            "start_date_active": "2017-02-09T00:00:00Z",
            "end_date_active": null,
            "created_by": "14240",
            "creation_date": "2017-02-09T00:00:00Z",
            "last_updated_by": "14240",
            "last_update_login": "26160415",
            "last_update_date": "2017-02-09T00:00:00Z",
            "source_lang": "US",
            "security_group_id": "0",
            "view_application_id": "660",
            "territory_code": null,
            "attribute_category": null,
            "attribute1": null,
            "attribute2": null,
            "attribute3": null,
            "attribute4": null,
            "attribute5": null,
            "attribute6": null,
            "attribute7": null,
            "attribute8": null,
            "attribute9": null,
            "attribute10": null,
            "attribute11": null,
            "attribute12": null,
            "attribute13": null,
            "attribute14": null,
            "attribute15": null,
            "tag": null,
            "leaf_node": null,
            "zd_edition_name": "SET1",
            "zd_sync": "SYNCED"
        },
        {
            "lookup_type": "ADAC_ADHOC_APRON",
            "language": "US",
            "lookup_code": "DABNZ",
            "meaning": "DABNZ",
            "description": null,
            "enabled_flag": "Y",
            "start_date_active": "2017-02-17T00:00:00Z",
            "end_date_active": null,
            "created_by": "16183",
            "creation_date": "2017-02-17T00:00:00Z",
            "last_updated_by": "16183",
            "last_update_login": "26222429",
            "last_update_date": "2017-02-17T00:00:00Z",
            "source_lang": "US",
            "security_group_id": "0",
            "view_application_id": "660",
            "territory_code": null,
            "attribute_category": null,
            "attribute1": null,
            "attribute2": null,
            "attribute3": null,
            "attribute4": null,
            "attribute5": null,
            "attribute6": null,
            "attribute7": null,
            "attribute8": null,
            "attribute9": null,
            "attribute10": null,
            "attribute11": null,
            "attribute12": null,
            "attribute13": null,
            "attribute14": null,
            "attribute15": null,
            "tag": null,
            "leaf_node": null,
            "zd_edition_name": "SET1",
            "zd_sync": "SYNCED"
        },
        {
            "lookup_type": "ADAC_ADHOC_APRON",
            "language": "US",
            "lookup_code": "MSEXY",
            "meaning": "MSEXY",
            "description": null,
            "enabled_flag": "Y",
            "start_date_active": "2017-04-10T00:00:00Z",
            "end_date_active": null,
            "created_by": "16182",
            "creation_date": "2017-04-10T00:00:00Z",
            "last_updated_by": "16182",
            "last_update_login": "26717612",
            "last_update_date": "2017-04-10T00:00:00Z",
            "source_lang": "US",
            "security_group_id": "0",
            "view_application_id": "660",
            "territory_code": null,
            "attribute_category": null,
            "attribute1": null,
            "attribute2": null,
            "attribute3": null,
            "attribute4": null,
            "attribute5": null,
            "attribute6": null,
            "attribute7": null,
            "attribute8": null,
            "attribute9": null,
            "attribute10": null,
            "attribute11": null,
            "attribute12": null,
            "attribute13": null,
            "attribute14": null,
            "attribute15": null,
            "tag": null,
            "leaf_node": null,
            "zd_edition_name": "SET1",
            "zd_sync": "SYNCED"
        },
        {
            "lookup_type": "ADAC_ADHOC_APRON",
            "language": "US",
            "lookup_code": "ERBAJ",
            "meaning": "ERBAJ",
            "description": null,
            "enabled_flag": "Y",
            "start_date_active": "2018-02-10T00:00:00Z",
            "end_date_active": null,
            "created_by": "16183",
            "creation_date": "2018-02-10T00:00:00Z",
            "last_updated_by": "16183",
            "last_update_login": "29605843",
            "last_update_date": "2018-02-10T00:00:00Z",
            "source_lang": "US",
            "security_group_id": "0",
            "view_application_id": "660",
            "territory_code": null,
            "attribute_category": null,
            "attribute1": null,
            "attribute2": null,
            "attribute3": null,
            "attribute4": null,
            "attribute5": null,
            "attribute6": null,
            "attribute7": null,
            "attribute8": null,
            "attribute9": null,
            "attribute10": null,
            "attribute11": null,
            "attribute12": null,
            "attribute13": null,
            "attribute14": null,
            "attribute15": null,
            "tag": null,
            "leaf_node": null,
            "zd_edition_name": "SET1",
            "zd_sync": "SYNCED"
        },
        {
            "lookup_type": "ADAC_ADHOC_APRON",
            "language": "US",
            "lookup_code": "GSGSG",
            "meaning": "GSGSG",
            "description": null,
            "enabled_flag": "Y",
            "start_date_active": "2018-10-29T00:00:00Z",
            "end_date_active": null,
            "created_by": "15714",
            "creation_date": "2018-10-29T00:00:00Z",
            "last_updated_by": "15714",
            "last_update_login": "32212560",
            "last_update_date": "2018-10-29T00:00:00Z",
            "source_lang": "US",
            "security_group_id": "0",
            "view_application_id": "660",
            "territory_code": null,
            "attribute_category": null,
            "attribute1": null,
            "attribute2": null,
            "attribute3": null,
            "attribute4": null,
            "attribute5": null,
            "attribute6": null,
            "attribute7": null,
            "attribute8": null,
            "attribute9": null,
            "attribute10": null,
            "attribute11": null,
            "attribute12": null,
            "attribute13": null,
            "attribute14": null,
            "attribute15": null,
            "tag": null,
            "leaf_node": null,
            "zd_edition_name": "SET1",
            "zd_sync": "SYNCED"
        },
        {
            "lookup_type": "ADAC_ADHOC_APRON",
            "language": "US",
            "lookup_code": "9810",
            "meaning": "9810",
            "description": null,
            "enabled_flag": "Y",
            "start_date_active": "2018-10-28T00:00:00Z",
            "end_date_active": null,
            "created_by": "15845",
            "creation_date": "2018-10-28T00:00:00Z",
            "last_updated_by": "15845",
            "last_update_login": "32195084",
            "last_update_date": "2018-10-28T00:00:00Z",
            "source_lang": "US",
            "security_group_id": "0",
            "view_application_id": "660",
            "territory_code": null,
            "attribute_category": null,
            "attribute1": null,
            "attribute2": null,
            "attribute3": null,
            "attribute4": null,
            "attribute5": null,
            "attribute6": null,
            "attribute7": null,
            "attribute8": null,
            "attribute9": null,
            "attribute10": null,
            "attribute11": null,
            "attribute12": null,
            "attribute13": null,
            "attribute14": null,
            "attribute15": null,
            "tag": null,
            "leaf_node": null,
            "zd_edition_name": "SET1",
            "zd_sync": "SYNCED"
        },
        {
            "lookup_type": "ADAC_ADHOC_APRON",
            "language": "US",
            "lookup_code": "DBEAR",
            "meaning": "DBEAR",
            "description": null,
            "enabled_flag": "Y",
            "start_date_active": "2019-01-25T00:00:00Z",
            "end_date_active": null,
            "created_by": "74201",
            "creation_date": "2019-01-25T00:00:00Z",
            "last_updated_by": "74201",
            "last_update_login": "33006249",
            "last_update_date": "2019-01-25T00:00:00Z",
            "source_lang": "US",
            "security_group_id": "0",
            "view_application_id": "660",
            "territory_code": null,
            "attribute_category": null,
            "attribute1": null,
            "attribute2": null,
            "attribute3": null,
            "attribute4": null,
            "attribute5": null,
            "attribute6": null,
            "attribute7": null,
            "attribute8": null,
            "attribute9": null,
            "attribute10": null,
            "attribute11": null,
            "attribute12": null,
            "attribute13": null,
            "attribute14": null,
            "attribute15": null,
            "tag": null,
            "leaf_node": null,
            "zd_edition_name": "SET1",
            "zd_sync": "SYNCED"
        },
        {
            "lookup_type": "ADAC_ADHOC_APRON",
            "language": "US",
            "lookup_code": "PKWJP",
            "meaning": "PKWJP",
            "description": null,
            "enabled_flag": "Y",
            "start_date_active": "2018-12-07T00:00:00Z",
            "end_date_active": null,
            "created_by": "17195",
            "creation_date": "2018-12-07T00:00:00Z",
            "last_updated_by": "17195",
            "last_update_login": "32621848",
            "last_update_date": "2018-12-07T00:00:00Z",
            "source_lang": "US",
            "security_group_id": "0",
            "view_application_id": "660",
            "territory_code": null,
            "attribute_category": null,
            "attribute1": null,
            "attribute2": null,
            "attribute3": null,
            "attribute4": null,
            "attribute5": null,
            "attribute6": null,
            "attribute7": null,
            "attribute8": null,
            "attribute9": null,
            "attribute10": null,
            "attribute11": null,
            "attribute12": null,
            "attribute13": null,
            "attribute14": null,
            "attribute15": null,
            "tag": null,
            "leaf_node": null,
            "zd_edition_name": "SET1",
            "zd_sync": "SYNCED"
        },
        {
            "lookup_type": "ADAC_ADHOC_APRON",
            "language": "US",
            "lookup_code": "YV3360",
            "meaning": "YV3360",
            "description": null,
            "enabled_flag": "Y",
            "start_date_active": "2018-11-13T00:00:00Z",
            "end_date_active": null,
            "created_by": "15714",
            "creation_date": "2018-11-13T00:00:00Z",
            "last_updated_by": "15714",
            "last_update_login": "32365002",
            "last_update_date": "2018-11-13T00:00:00Z",
            "source_lang": "US",
            "security_group_id": "0",
            "view_application_id": "660",
            "territory_code": null,
            "attribute_category": null,
            "attribute1": null,
            "attribute2": null,
            "attribute3": null,
            "attribute4": null,
            "attribute5": null,
            "attribute6": null,
            "attribute7": null,
            "attribute8": null,
            "attribute9": null,
            "attribute10": null,
            "attribute11": null,
            "attribute12": null,
            "attribute13": null,
            "attribute14": null,
            "attribute15": null,
            "tag": null,
            "leaf_node": null,
            "zd_edition_name": "SET1",
            "zd_sync": "SYNCED"
        },
        {
            "lookup_type": "ADAC_ADHOC_APRON",
            "language": "US",
            "lookup_code": "N89095",
            "meaning": "N89095",
            "description": null,
            "enabled_flag": "Y",
            "start_date_active": "2022-08-30T00:00:00Z",
            "end_date_active": null,
            "created_by": "14240",
            "creation_date": "2022-08-30T00:00:00Z",
            "last_updated_by": "14240",
            "last_update_login": "43992307",
            "last_update_date": "2022-08-30T00:00:00Z",
            "source_lang": "US",
            "security_group_id": "0",
            "view_application_id": "660",
            "territory_code": null,
            "attribute_category": null,
            "attribute1": null,
            "attribute2": null,
            "attribute3": null,
            "attribute4": null,
            "attribute5": null,
            "attribute6": null,
            "attribute7": null,
            "attribute8": null,
            "attribute9": null,
            "attribute10": null,
            "attribute11": null,
            "attribute12": null,
            "attribute13": null,
            "attribute14": null,
            "attribute15": null,
            "tag": null,
            "leaf_node": null,
            "zd_edition_name": "SET1",
            "zd_sync": "SYNCED"
        }
    ],
    "hasMore": true,
    "limit": 25,
    "offset": 0,
    "count": 25,
    "links": [
        {
            "rel": "self",
            "href": "https://atpdb-dev.adairports.ae/ords/frcJjVXi/common/lookups"
        },
        {
            "rel": "describedby",
            "href": "https://atpdb-dev.adairports.ae/ords/frcJjVXi/metadata-catalog/common/item"
        },
        {
            "rel": "first",
            "href": "https://atpdb-dev.adairports.ae/ords/frcJjVXi/common/lookups"
        },
        {
            "rel": "next",
            "href": "https://atpdb-dev.adairports.ae/ords/frcJjVXi/common/lookups?offset=25"
        }
    ]
}