{
    "openapi": "3.0.0",
    "info": {
        "title": "FusionFSCM",
        "version": "1.0.0"
    },
    "servers": [
        {
            "url": "vb-catalog://backends/fusionFSCM",
            "description": "FusionFSCM"
        }
    ],
    "paths": {
        "/suppliers/{supplierid}/child/sites/{siteid}": {
            "parameters": [
                {
                    "name": "supplierid",
                    "in": "path",
                    "required": true,
                    "schema": {
                        "type": "string"
                    }
                },
                {
                    "name": "siteid",
                    "in": "path",
                    "required": true,
                    "schema": {
                        "type": "string"
                    }
                }
            ],
            "get": {
                "operationId": "getSuppliersSupplieridChildSitesSiteid",
                "parameters": [
                    {
                        "name": "onlyData",
                        "in": "query",
                        "schema": {
                            "type": "string"
                        },
                        "x-vb": {
                            "defaultValue": "true"
                        }
                    },
                    {
                        "name": "fields",
                        "in": "query",
                        "schema": {
                            "type": "string"
                        },
                        "x-vb": {
                        }
                    }
                ],
                "responses": {
                    "default": {
                        "description": "Response for default",
                        "content": {
                            "application/json": {
                                "schema": {
                                    "$ref": "#/components/schemas/GetSuppliersSupplieridChildSitesSiteid"
                                },
                                "examples": {
                                    "vb": {
                                        "summary": "Example stored by VB User",
                                        "externalValue": "./examples/getSuppliersSupplieridChildSitesSiteid/response_default_application_json_vb.json"
                                    }
                                }
                            }
                        }
                    }
                },
                "x-vb": {
                    "actionHint": "getMany"
                }
            }
        },
        "/finBusinessUnitsLOV": {
            "get": {
                "operationId": "getFinBusinessUnitsLOV",
                "parameters": [
                    {
                        "name": "onlyData",
                        "in": "query",
                        "schema": {
                            "type": "string"
                        }
                    },
                    {
                        "name": "q",
                        "in": "query",
                        "schema": {
                            "type": "string"
                        }
                    }
                ],
                "responses": {
                    "default": {
                        "description": "Response for default",
                        "content": {
                            "application/json": {
                                "schema": {
                                    "$ref": "#/components/schemas/GetFinBusinessUnitsLOV"
                                },
                                "examples": {
                                    "vb": {
                                        "summary": "Example stored by VB User",
                                        "externalValue": "./examples/getFinBusinessUnitsLOV/response_default_application_json_vb.json"
                                    }
                                }
                            }
                        }
                    }
                },
                "x-vb": {
                    "actionHint": "getMany"
                }
            }
        },
        "/commonLookups/{type}/child/lookupCodes": {
            "parameters": [
                {
                    "name": "type",
                    "in": "path",
                    "required": true,
                    "schema": {
                        "type": "string"
                    }
                }
            ],
            "get": {
                "operationId": "getCommonLookupsTypeChildLookupCodes2",
                "parameters": [
                    {
                        "name": "fields",
                        "in": "query",
                        "schema": {
                            "type": "string"
                        },
                        "x-vb": {
                            "defaultValue": "lookupsDFF"
                        }
                    },
                    {
                        "name": "onlyData",
                        "in": "query",
                        "schema": {
                            "type": "string"
                        },
                        "x-vb": {
                            "defaultValue": "true"
                        }
                    }
                ],
                "responses": {
                    "default": {
                        "description": "Response for default",
                        "content": {
                            "application/json": {
                                "schema": {
                                    "$ref": "#/components/schemas/GetCommonLookupsTypeChildLookupCodes"
                                },
                                "examples": {
                                    "vb": {
                                        "summary": "Example stored by VB User",
                                        "externalValue": "./examples/getCommonLookupsTypeChildLookupCodes2/response_default_application_json_vb.json"
                                    }
                                }
                            }
                        }
                    }
                },
                "x-vb": {
                    "actionHint": "getMany"
                }
            }
        },
        "/itemsV2/{id}/child/ItemEffCategory/{id2}/child/ItemEFFBCompliancePrivateVO": {
            "parameters": [
                {
                    "name": "id",
                    "in": "path",
                    "required": true,
                    "schema": {
                        "type": "string"
                    }
                },
                {
                    "name": "id2",
                    "in": "path",
                    "required": true,
                    "schema": {
                        "type": "string"
                    }
                }
            ],
            "get": {
                "operationId": "getItemsV2IdChildItemEffCategoryId2ChildItemEFFBCompliancePrivateVO2",
                "parameters": [
                    {
                        "name": "fields",
                        "in": "query",
                        "schema": {
                            "type": "string"
                        },
                        "x-vb": {
                            "defaultValue": "localOverseasCode"
                        }
                    },
                    {
                        "name": "onlyData",
                        "in": "query",
                        "schema": {
                            "type": "string"
                        },
                        "x-vb": {
                            "defaultValue": "true"
                        }
                    }
                ],
                "responses": {
                    "default": {
                        "description": "Response for default",
                        "content": {
                            "application/json": {
                                "schema": {
                                    "$ref": "#/components/schemas/GetItemsV2IdChildItemEffCategoryId2ChildItemEFFBCompliancePrivateVO"
                                },
                                "examples": {
                                    "vb": {
                                        "summary": "Example stored by VB User",
                                        "externalValue": "./examples/getItemsV2IdChildItemEffCategoryId2ChildItemEFFBCompliancePrivateVO2/response_default_application_json_vb.json"
                                    }
                                }
                            }
                        }
                    }
                },
                "x-vb": {
                    "actionHint": "getMany"
                }
            }
        },
        "/suppliers/{SupplierId}/child/addresses/{SupplierAddressId}": {
            "parameters": [
                {
                    "name": "SupplierId",
                    "in": "path",
                    "required": true,
                    "schema": {
                        "type": "string"
                    }
                },
                {
                    "name": "SupplierAddressId",
                    "in": "path",
                    "required": true,
                    "schema": {
                        "type": "string"
                    },
                    "x-vb": {}
                }
            ],
            "get": {
                "operationId": "getSuppliersSupplierIdChildAddressesSupplierAddressId",
                "parameters": [
                    {
                        "name": "fields",
                        "in": "query",
                        "schema": {
                            "type": "string"
                        },
                        "x-vb": {
                            "defaultValue": "AddressName,CountryCode,Country,City"
                        }
                    }
                ],
                "responses": {
                    "default": {
                        "description": "Response for default",
                        "content": {
                            "application/json": {
                                "schema": {
                                    "$ref": "#/components/schemas/GetSuppliersSupplierIdChildAddressesSupplierAddressId"
                                },
                                "examples": {
                                    "vb": {
                                        "summary": "Example stored by VB User",
                                        "externalValue": "./examples/getSuppliersSupplierIdChildAddressesSupplierAddressId/response_default_application_json_vb.json"
                                    }
                                }
                            }
                        }
                    }
                },
                "x-vb": {
                    "actionHint": "getMany"
                }
            }
        },
        "/taxRegistrations": {
            "get": {
                "operationId": "getTaxRegistrations",
                "parameters": [
                    {
                        "name": "fields",
                        "in": "query",
                        "schema": {
                            "type": "string"
                        },
                        "x-vb": {
                            "defaultValue": "PartyName,PartyTypeCode,TaxRegimeCode,RegistrationStatusCode,RegistrationNumber,Country,PartyCountryCode"
                        }
                    },
                    {
                        "name": "q",
                        "in": "query",
                        "schema": {
                            "type": "string"
                        }
                    }
                ],
                "responses": {
                    "default": {
                        "description": "Response for default",
                        "content": {
                            "application/json": {
                                "schema": {
                                    "$ref": "#/components/schemas/GetTaxRegistrations"
                                },
                                "examples": {
                                    "vb": {
                                        "summary": "Example stored by VB User",
                                        "externalValue": "./examples/getTaxRegistrations/response_default_application_json_vb.json"
                                    }
                                }
                            }
                        }
                    }
                },
                "x-vb": {
                    "actionHint": "getMany"
                }
            }
        },
        "/suppliers/{Supplierid}/child/sites/{Suppliersiteid}/child/DFF": {
            "parameters": [
                {
                    "name": "Supplierid",
                    "in": "path",
                    "required": true,
                    "schema": {
                        "type": "string"
                    }
                },
                {
                    "name": "Suppliersiteid",
                    "in": "path",
                    "required": true,
                    "schema": {
                        "type": "string"
                    }
                }
            ],
            "get": {
                "operationId": "getSupplierschildDFF",
                "parameters": [
                    {
                        "name": "onlyData",
                        "in": "query",
                        "schema": {
                            "type": "string"
                        },
                        "x-vb": {
                            "defaultValue": "true"
                        }
                    },
                    {
                        "name": "fields",
                        "in": "query",
                        "schema": {
                            "type": "string"
                        },
                        "x-vb": {
                            "defaultValue": "vendorTaxCategory,gstRegistration"
                        }
                    }
                ],
                "responses": {
                    "default": {
                        "description": "Response for default",
                        "content": {
                            "application/json": {
                                "schema": {
                                    "$ref": "#/components/schemas/GetSuppliersSupplieridChildSitesSuppliersiteidChildDFF"
                                },
                                "examples": {
                                    "vb": {
                                        "summary": "Example stored by VB User",
                                        "externalValue": "./examples/getSupplierschildDFF/response_default_application_json_vb.json"
                                    }
                                }
                            }
                        }
                    }
                },
                "x-vb": {
                    "actionHint": "getMany"
                }
            }
        },
        "/purchaseAgreements": {
            "get": {
                "operationId": "getPurchaseAgreements",
                "parameters": [
                    {
                        "name": "q",
                        "in": "query",
                        "schema": {
                            "type": "string"
                        }
                    },
                    {
                        "name": "expand",
                        "in": "query",
                        "schema": {
                            "type": "string"
                        }
                    },
{
                        "name": "onlyData",
                        "in": "query",
                        "schema": {
                            "type": "string"
                        }
                    },
                    {
                        "in": "query",
                        "schema": {
                            "type": "string"
                        },
                        "name": "fields"
                    }
                ],
                "responses": {
                    "default": {
                        "description": "Response for default",
                        "content": {
                            "application/json": {
                                "schema": {
                                    "$ref": "#/components/schemas/GetPurchaseAgreements"
                                },
                                "examples": {
                                    "vb": {
                                        "summary": "Example stored by VB User",
                                        "externalValue": "./examples/getPurchaseAgreements/response_default_application_json_vb.json"
                                    }
                                }
                            }
                        }
                    }
                },
                "x-vb": {
                    "actionHint": "getMany"
                }
            }
        },
        "/legalEntitiesLOV/{LegalEntityId}": {
            "parameters": [
                {
                    "name": "LegalEntityId",
                    "in": "path",
                    "required": true,
                    "schema": {
                        "type": "string"
                    }
                }
            ],
            "get": {
                "operationId": "getLegalEntitiesLOVLegalEntityId",
                "responses": {
                    "default": {
                        "description": "Response for default",
                        "content": {
                            "application/json": {
                                "schema": {
                                    "$ref": "#/components/schemas/GetLegalEntitiesLOVLegalEntityId"
                                },
                                "examples": {
                                    "vb": {
                                        "summary": "Example stored by VB User",
                                        "externalValue": "./examples/getLegalEntitiesLOVLegalEntityId/response_default_application_json_vb.json"
                                    }
                                }
                            }
                        }
                    }
                },
                "x-vb": {
                    "actionHint": "getMany"
                }
            }
        }
    },
    "components": {
        "schemas": {
            "GetSuppliersSupplieridChildSitesSiteid": {
                "type": "object",
                "properties": {
                    "SupplierSiteId": {
                        "type": "integer"
                    },
                    "SupplierSite": {
                        "type": "string"
                    },
                    "ProcurementBUId": {
                        "type": "integer"
                    },
                    "ProcurementBU": {
                        "type": "string"
                    },
                    "SupplierAddressId": {
                        "type": "integer"
                    },
                    "SupplierAddressName": {
                        "type": "string"
                    }
                }
            },
            "GetFinBusinessUnitsLOV": {
                "type": "object",
                "properties": {
                    "items": {
                        "type": "array",
                        "items": {
                            "type": "object",
                            "properties": {
                                "BusinessUnitId": {
                                    "type": "integer"
                                },
                                "BusinessUnitName": {
                                    "type": "string"
                                },
                                "ActiveFlag": {
                                    "type": "boolean"
                                },
                                "PrimaryLedgerId": {
                                    "type": "string"
                                },
                                "LocationId": {
                                    "type": "integer"
                                },
                                "ManagerId": {
                                    "nullable": true
                                },
                                "LegalEntityId": {
                                    "type": "string"
                                },
                                "ProfitCenterFlag": {
                                    "type": "boolean"
                                }
                            }
                        }
                    },
                    "count": {
                        "type": "integer"
                    },
                    "hasMore": {
                        "type": "boolean"
                    },
                    "limit": {
                        "type": "integer"
                    },
                    "offset": {
                        "type": "integer"
                    },
                    "links": {
                        "type": "array",
                        "items": {
                            "type": "object",
                            "properties": {
                                "rel": {
                                    "type": "string"
                                },
                                "href": {
                                    "type": "string"
                                },
                                "name": {
                                    "type": "string"
                                },
                                "kind": {
                                    "type": "string"
                                }
                            }
                        }
                    }
                }
            },
            "GetCommonLookupsTypeChildLookupCodes": {
                "type": "object",
                "properties": {
                    "items": {
                        "type": "array",
                        "items": {
                            "type": "object",
                            "properties": {
                                "lookupsDFF": {
                                    "type": "object",
                                    "properties": {
                                        "items": {
                                            "type": "array",
                                            "items": {
                                                "type": "object",
                                                "properties": {
                                                    "LookupType": {
                                                        "type": "string"
                                                    },
                                                    "LookupCode": {
                                                        "type": "string"
                                                    },
                                                    "ViewApplicationId": {
                                                        "type": "integer"
                                                    },
                                                    "SetId": {
                                                        "type": "integer"
                                                    },
                                                    "__FLEX_Context": {
                                                        "type": "string"
                                                    },
                                                    "__FLEX_Context_DisplayValue": {
                                                        "type": "string"
                                                    },
                                                    "poStyle": {
                                                        "type": "string"
                                                    },
                                                    "inventoryOrg": {
                                                        "type": "string"
                                                    },
                                                    "buyer": {
                                                        "type": "string"
                                                    },
                                                    "itemBuyer": {
                                                        "nullable": true
                                                    },
                                                    "bpoOrgHub": {
                                                        "type": "string"
                                                    },
                                                    "suppSuppSite": {
                                                        "nullable": true
                                                    },
                                                    "timeZone": {
                                                        "nullable": true
                                                    },
                                                    "finalShipToLocation": {
                                                        "nullable": true
                                                    },
                                                    "requiredForLOValidation": {
                                                        "nullable": true
                                                    }
                                                }
                                            }
                                        },
                                        "count": {
                                            "type": "integer"
                                        },
                                        "hasMore": {
                                            "type": "boolean"
                                        },
                                        "limit": {
                                            "type": "integer"
                                        },
                                        "offset": {
                                            "type": "integer"
                                        },
                                        "links": {
                                            "type": "array",
                                            "items": {
                                                "type": "object",
                                                "properties": {
                                                    "rel": {
                                                        "type": "string"
                                                    },
                                                    "href": {
                                                        "type": "string"
                                                    },
                                                    "name": {
                                                        "type": "string"
                                                    },
                                                    "kind": {
                                                        "type": "string"
                                                    }
                                                }
                                            }
                                        }
                                    }
                                }
                            }
                        }
                    },
                    "count": {
                        "type": "integer"
                    },
                    "hasMore": {
                        "type": "boolean"
                    },
                    "limit": {
                        "type": "integer"
                    },
                    "offset": {
                        "type": "integer"
                    },
                    "links": {
                        "type": "array",
                        "items": {
                            "type": "object",
                            "properties": {
                                "rel": {
                                    "type": "string"
                                },
                                "href": {
                                    "type": "string"
                                },
                                "name": {
                                    "type": "string"
                                },
                                "kind": {
                                    "type": "string"
                                }
                            }
                        }
                    }
                }
            },
            "GetItemsV2IdChildItemEffCategoryId2ChildItemEFFBCompliancePrivateVO": {
                "type": "object",
                "properties": {
                    "items": {
                        "type": "array",
                        "items": {
                            "type": "object",
                            "properties": {
                                "localOverseasCode": {
                                    "type": "string"
                                }
                            }
                        }
                    },
                    "count": {
                        "type": "integer"
                    },
                    "hasMore": {
                        "type": "boolean"
                    },
                    "limit": {
                        "type": "integer"
                    },
                    "offset": {
                        "type": "integer"
                    },
                    "links": {
                        "type": "array",
                        "items": {
                            "type": "object",
                            "properties": {
                                "rel": {
                                    "type": "string"
                                },
                                "href": {
                                    "type": "string"
                                },
                                "name": {
                                    "type": "string"
                                },
                                "kind": {
                                    "type": "string"
                                }
                            }
                        }
                    }
                }
            },
            "GetSuppliersSupplierIdChildAddressesSupplierAddressId": {
                "type": "object",
                "properties": {
                    "AddressName": {
                        "type": "string"
                    },
                    "CountryCode": {
                        "type": "string"
                    },
                    "Country": {
                        "type": "string"
                    },
                    "City": {
                        "type": "string"
                    },
                    "links": {
                        "type": "array",
                        "items": {
                            "type": "object",
                            "properties": {
                                "rel": {
                                    "type": "string"
                                },
                                "href": {
                                    "type": "string"
                                },
                                "name": {
                                    "type": "string"
                                },
                                "kind": {
                                    "type": "string"
                                },
                                "properties": {
                                    "type": "object",
                                    "properties": {
                                        "changeIndicator": {
                                            "type": "string"
                                        }
                                    }
                                }
                            }
                        }
                    }
                }
            },
            "GetTaxRegistrations": {
                "type": "object",
                "properties": {
                    "items": {
                        "type": "array",
                        "items": {
                            "type": "object",
                            "properties": {
                                "PartyName": {
                                    "type": "string"
                                },
                                "PartyTypeCode": {
                                    "type": "string"
                                },
                                "TaxRegimeCode": {
                                    "type": "string"
                                },
                                "RegistrationStatusCode": {
                                    "type": "string"
                                },
                                "RegistrationNumber": {
                                    "type": "string"
                                },
                                "Country": {
                                    "type": "string"
                                },
                                "PartyCountryCode": {
                                    "type": "string"
                                },
                                "links": {
                                    "type": "array",
                                    "items": {
                                        "type": "object",
                                        "properties": {
                                            "rel": {
                                                "type": "string"
                                            },
                                            "href": {
                                                "type": "string"
                                            },
                                            "name": {
                                                "type": "string"
                                            },
                                            "kind": {
                                                "type": "string"
                                            },
                                            "properties": {
                                                "type": "object",
                                                "properties": {
                                                    "changeIndicator": {
                                                        "type": "string"
                                                    }
                                                }
                                            }
                                        }
                                    }
                                }
                            }
                        }
                    },
                    "count": {
                        "type": "integer"
                    },
                    "hasMore": {
                        "type": "boolean"
                    },
                    "limit": {
                        "type": "integer"
                    },
                    "offset": {
                        "type": "integer"
                    },
                    "links": {
                        "type": "array",
                        "items": {
                            "type": "object",
                            "properties": {
                                "rel": {
                                    "type": "string"
                                },
                                "href": {
                                    "type": "string"
                                },
                                "name": {
                                    "type": "string"
                                },
                                "kind": {
                                    "type": "string"
                                }
                            }
                        }
                    }
                }
            },
            "GetSuppliersSupplieridChildSitesSuppliersiteidChildDFF": {
                "type": "object",
                "properties": {
                    "items": {
                        "type": "array",
                        "items": {
                            "type": "object",
                            "properties": {
                                "vendorTaxCategory": {
                                    "nullable": true
                                },
                                "gstRegistration": {
                                    "type": "string"
                                }
                            }
                        }
                    },
                    "count": {
                        "type": "integer"
                    },
                    "hasMore": {
                        "type": "boolean"
                    },
                    "limit": {
                        "type": "integer"
                    },
                    "offset": {
                        "type": "integer"
                    },
                    "links": {
                        "type": "array",
                        "items": {
                            "type": "object",
                            "properties": {
                                "rel": {
                                    "type": "string"
                                },
                                "href": {
                                    "type": "string"
                                },
                                "name": {
                                    "type": "string"
                                },
                                "kind": {
                                    "type": "string"
                                }
                            }
                        }
                    }
                }
            },
            "GetPurchaseAgreements": {
                "type": "object",
                "properties": {
                    "items": {
                        "type": "array",
                        "items": {
                            "type": "object",
                            "properties": {
                                "AgreementHeaderId": {
                                    "type": "integer"
                                },
                                "AgreementNumber": {
                                    "type": "string"
                                },
                                "ProcurementBUId": {
                                    "type": "integer"
                                },
                                "ProcurementBU": {
                                    "type": "string"
                                },
                                "BuyerId": {
                                    "type": "integer"
                                },
                                "Buyer": {
                                    "type": "string"
                                },
                                "DocumentStyleId": {
                                    "type": "integer"
                                },
                                "DocumentStyle": {
                                    "type": "string"
                                },
                                "StatusCode": {
                                    "type": "string"
                                },
                                "Status": {
                                    "type": "string"
                                },
                                "SupplierId": {
                                    "type": "integer"
                                },
                                "Supplier": {
                                    "type": "string"
                                },
                                "SupplierSiteId": {
                                    "type": "integer"
                                },
                                "SupplierSite": {
                                    "type": "string"
                                },
                                "SupplierContactId": {
                                    "type": "integer"
                                },
                                "SupplierContact": {
                                    "type": "string"
                                },
                                "SupplierCommunicationMethodCode": {
                                    "type": "string"
                                },
                                "SupplierEmailAddress": {
                                    "type": "string",
                                    "nullable": true
                                },
                                "SupplierFax": {
                                    "nullable": true
                                },
                                "StartDate": {
                                    "nullable": true
                                },
                                "EndDate": {
                                    "nullable": true
                                },
                                "AgreementAmount": {
                                    "type": "integer",
                                    "nullable": true
                                },
                                "CurrencyCode": {
                                    "type": "string"
                                },
                                "Currency": {
                                    "type": "string"
                                },
                                "AmountLimit": {
                                    "type": "integer",
                                    "nullable": true
                                },
                                "MinimumReleaseAmount": {
                                    "nullable": true
                                },
                                "ReleasedAmount": {
                                    "type": "integer"
                                },
                                "Description": {
                                    "nullable": true
                                },
                                "DocumentTypeCode": {
                                    "type": "string"
                                },
                                "MasterContractId": {
                                    "nullable": true
                                },
                                "MasterContractNumber": {
                                    "nullable": true
                                },
                                "MasterContractTypeId": {
                                    "nullable": true
                                },
                                "MasterContractType": {
                                    "nullable": true
                                },
                                "ConversionRateTypeCode": {
                                    "nullable": true
                                },
                                "ConversionRateDate": {
                                    "nullable": true
                                },
                                "ConversionRate": {
                                    "nullable": true
                                },
                                "RevisionNumber": {
                                    "type": "integer"
                                },
                                "SupplierAgreement": {
                                    "nullable": true
                                },
                                "ReferenceNumber": {
                                    "nullable": true
                                },
                                "ClosedDate": {
                                    "type": "string"
                                },
                                "RequiredAcknowledgmentCode": {
                                    "type": "string"
                                },
                                "RequiredAcknowledgment": {
                                    "type": "string"
                                },
                                "AcknowledgmentDueDate": {
                                    "nullable": true
                                },
                                "AcknowledgmentWithinDays": {
                                    "nullable": true
                                },
                                "PaymentTermsId": {
                                    "type": "integer"
                                },
                                "PaymentTerms": {
                                    "type": "string"
                                },
                                "CarrierId": {
                                    "type": "integer"
                                },
                                "Carrier": {
                                    "type": "string"
                                },
                                "ModeOfTransportCode": {
                                    "type": "string"
                                },
                                "ModeOfTransport": {
                                    "type": "string"
                                },
                                "ServiceLevelCode": {
                                    "type": "string"
                                },
                                "ServiceLevel": {
                                    "type": "string"
                                },
                                "FreightTermsCode": {
                                    "type": "string"
                                },
                                "FreightTerms": {
                                    "type": "string"
                                },
                                "FOBCode": {
                                    "type": "string"
                                },
                                "FOB": {
                                    "type": "string"
                                },
                                "RequiresSignatureFlag": {
                                    "type": "boolean"
                                },
                                "BuyerManagedTransportFlag": {
                                    "type": "boolean"
                                },
                                "PayOnReceiptFlag": {
                                    "type": "boolean"
                                },
                                "ConfirmingOrderFlag": {
                                    "type": "boolean"
                                },
                                "ConsumptionAdviceFrequencyCode": {
                                    "nullable": true
                                },
                                "ConsumptionAdviceFrequency": {
                                    "nullable": true
                                },
                                "ConsumptionAdviceSummaryCode": {
                                    "nullable": true
                                },
                                "ConsumptionAdviceSummary": {
                                    "nullable": true
                                },
                                "AgingOnsetPointCode": {
                                    "type": "string",
                                    "nullable": true
                                },
                                "AgingOnsetPoint": {
                                    "type": "string",
                                    "nullable": true
                                },
                                "AgingPeriodDays": {
                                    "nullable": true
                                },
                                "NoteToReceiver": {
                                    "nullable": true
                                },
                                "NoteToSupplier": {
                                    "nullable": true
                                },
                                "AutomaticallyGenerateOrdersFlag": {
                                    "type": "boolean"
                                },
                                "AutomaticallySubmitForApprovalFlag": {
                                    "type": "boolean"
                                },
                                "GroupRequisitionsFlag": {
                                    "type": "boolean"
                                },
                                "UseCustomerSalesOrderFlag": {
                                    "nullable": true
                                },
                                "UseShipToLocationFlag": {
                                    "type": "boolean"
                                },
                                "GroupRequisitionLinesFlag": {
                                    "type": "boolean"
                                },
                                "UseRequestedDateFlag": {
                                    "nullable": true
                                },
                                "UseShipToOrganizationAndLocationFlag": {
                                    "nullable": true
                                },
                                "AllowUnassignedSitesFlag": {
                                    "type": "boolean"
                                },
                                "EnableRetroactivePricingFlag": {
                                    "type": "boolean"
                                },
                                "InitiateRetroactivePricingUponApprovalFlag": {
                                    "type": "boolean",
                                    "nullable": true
                                },
                                "RepriceOpenOrdersFlag": {
                                    "type": "boolean"
                                },
                                "CommunicateRepricedOrdersFlag": {
                                    "type": "boolean"
                                },
                                "PunchoutRequestsOnlyFlag": {
                                    "nullable": true
                                },
                                "UseOrderDateForOrderPricingFlag": {
                                    "type": "boolean"
                                },
                                "Priority": {
                                    "nullable": true
                                },
                                "Checklist": {
                                    "nullable": true
                                },
                                "CreationDate": {
                                    "type": "string"
                                },
                                "CreatedBy": {
                                    "type": "string"
                                },
                                "LastUpdateDate": {
                                    "type": "string"
                                },
                                "LastUpdatedBy": {
                                    "type": "string"
                                },

                                "lines": {
                                    "type": "object",
                                    "properties": {
                                        "items": {
                                            "type": "array",
                                            "items": {
                                                "type": "object",
                                                "properties": {
                                                    "AgreementLineId": {
                                                        "type": "integer"
                                                    },
                                                    "LineNumber": {
                                                        "type": "integer"
                                                    },
                                                    "AgreementHeaderId": {
                                                        "type": "integer"
                                                    },
                                                    "AgreementNumber": {
                                                        "type": "string"
                                                    },
                                                    "ProcurementBUId": {
                                                        "type": "integer"
                                                    },
                                                    "ProcurementBU": {
                                                        "type": "string"
                                                    },
                                                    "SupplierId": {
                                                        "type": "integer"
                                                    },
                                                    "Supplier": {
                                                        "type": "string"
                                                    },
                                                    "SupplierSiteId": {
                                                        "type": "integer"
                                                    },
                                                    "SupplierSite": {
                                                        "type": "string"
                                                    },
                                                    "LineTypeId": {
                                                        "type": "integer"
                                                    },
                                                    "LineType": {
                                                        "type": "string"
                                                    },
                                                    "ItemId": {
                                                        "type": "integer"
                                                    },
                                                    "Item": {
                                                        "type": "string"
                                                    },
                                                    "ItemRevision": {
                                                        "nullable": true
                                                    },
                                                    "Description": {
                                                        "type": "string"
                                                    },
                                                    "SupplierItem": {
                                                        "type": "string",
                                                        "nullable": true
                                                    },
                                                    "CategoryId": {
                                                        "type": "integer"
                                                    },
                                                    "CategoryCode": {
                                                        "type": "string"
                                                    },
                                                    "Category": {
                                                        "type": "string"
                                                    },
                                                    "StatusCode": {
                                                        "type": "string"
                                                    },
                                                    "Status": {
                                                        "type": "string"
                                                    },
                                                    "UOMCode": {
                                                        "type": "string"
                                                    },
                                                    "UOM": {
                                                        "type": "string"
                                                    },
                                                    "Price": {
                                                        "type": "integer"
                                                    },
                                                    "Amount": {
                                                        "nullable": true
                                                    },
                                                    "CurrencyCode": {
                                                        "type": "string"
                                                    },
                                                    "Currency": {
                                                        "type": "string"
                                                    },
                                                    "ConsignmentLineFlag": {
                                                        "type": "boolean"
                                                    },
                                                    "NoteToSupplier": {
                                                        "nullable": true
                                                    },
                                                    "AllowItemDescriptionUpdateFlag": {
                                                        "type": "boolean"
                                                    },
                                                    "PriceLimit": {
                                                        "type": "number"
                                                    },
                                                    "AllowPriceOverrideFlag": {
                                                        "type": "boolean"
                                                    },
                                                    "NegotiatedFlag": {
                                                        "type": "boolean"
                                                    },
                                                    "LineStartDate": {
                                                        "nullable": true
                                                    },
                                                    "ExpirationDate": {
                                                        "type": "string",
                                                        "nullable": true
                                                    },
                                                    "MinimumReleaseAmount": {
                                                        "nullable": true
                                                    },
                                                    "AgreementAmount": {
                                                        "nullable": true
                                                    },
                                                    "AgreementQuantity": {
                                                        "type": "integer",
                                                        "nullable": true
                                                    },
                                                    "ReleasedAmount": {
                                                        "type": "integer"
                                                    },
                                                    "PriceBreakTypeCode": {
                                                        "type": "string"
                                                    },
                                                    "SupplierItemAuxiliaryIdentifier": {
                                                        "nullable": true
                                                    },
                                                    "ParentItemId": {
                                                        "nullable": true
                                                    },
                                                    "SupplierParentItem": {
                                                        "nullable": true
                                                    },
                                                    "TopModelId": {
                                                        "nullable": true
                                                    },
                                                    "SupplierTopModel": {
                                                        "nullable": true
                                                    },
                                                    "UnNumberId": {
                                                        "nullable": true
                                                    },
                                                    "UnNumber": {
                                                        "nullable": true
                                                    },
                                                    "UNNumberDescription": {
                                                        "nullable": true
                                                    },
                                                    "HazardClassId": {
                                                        "nullable": true
                                                    },
                                                    "HazardClassCode": {
                                                        "nullable": true
                                                    },
                                                    "HazardClass": {
                                                        "nullable": true
                                                    },
                                                    "AgingPeriodDays": {
                                                        "nullable": true
                                                    },
                                                    "CreatedBy": {
                                                        "type": "string"
                                                    },
                                                    "CreationDate": {
                                                        "type": "string"
                                                    },
                                                    "LastUpdatedBy": {
                                                        "type": "string"
                                                    },
                                                    "LastUpdateDate": {
                                                        "type": "string"
                                                    }
                                                }
                                            }
                                        },
                                        "count": {
                                            "type": "integer"
                                        },
                                        "hasMore": {
                                            "type": "boolean"
                                        },
                                        "limit": {
                                            "type": "integer"
                                        },
                                        "offset": {
                                            "type": "integer"
                                        },
                                        "links": {
                                            "type": "array",
                                            "items": {
                                                "type": "object",
                                                "properties": {
                                                    "rel": {
                                                        "type": "string"
                                                    },
                                                    "href": {
                                                        "type": "string"
                                                    },
                                                    "name": {
                                                        "type": "string"
                                                    },
                                                    "kind": {
                                                        "type": "string"
                                                    }
                                                }
                                            }
                                        }
                                    }
                                }

                            }
                        }
                    },
                    "count": {
                        "type": "integer"
                    },
                    "hasMore": {
                        "type": "boolean"
                    },
                    "limit": {
                        "type": "integer"
                    },
                    "offset": {
                        "type": "integer"
                    },
                    "links": {
                        "type": "array",
                        "items": {
                            "type": "object",
                            "properties": {
                                "rel": {
                                    "type": "string"
                                },
                                "href": {
                                    "type": "string"
                                },
                                "name": {
                                    "type": "string"
                                },
                                "kind": {
                                    "type": "string"
                                }
                            }
                        }
                    }
                }
            },
            "GetLegalEntitiesLOVLegalEntityId": {
                "type": "object",
                "properties": {
                    "LegalEntityId": {
                        "type": "integer"
                    },
                    "Name": {
                        "type": "string"
                    },
                    "LegalEntityIdentifier": {
                        "type": "string"
                    },
                    "EffectiveFrom": {
                        "nullable": true
                    },
                    "EffectiveTo": {
                        "nullable": true
                    },
                    "PartyId": {
                        "type": "integer"
                    },
                    "@context": {
                        "type": "object",
                        "properties": {
                            "key": {
                                "type": "string"
                            },
                            "links": {
                                "type": "array",
                                "items": {
                                    "type": "object",
                                    "properties": {
                                        "rel": {
                                            "type": "string"
                                        },
                                        "href": {
                                            "type": "string"
                                        },
                                        "name": {
                                            "type": "string"
                                        },
                                        "kind": {
                                            "type": "string"
                                        }
                                    }
                                }
                            }
                        }
                    }
                }
            }
        }
    }
}