{
    "LegalEntityId": 300000002248753,
    "Name": "Dell Products L.P.",
    "LegalEntityIdentifier": "U025",
    "EffectiveFrom": null,
    "EffectiveTo": null,
    "PartyId": 300000002447216,
    "@context": {
        "key": "300000002248753",
        "links": [
            {
                "rel": "self",
                "href": "https://iawmqy-dev2.fa.ocs.oraclecloud.com:443/fscmRestApi/resources/11.13.18.05/legalEntitiesLOV/300000002248753",
                "name": "legalEntitiesLOV",
                "kind": "item"
            },
            {
                "rel": "canonical",
                "href": "https://iawmqy-dev2.fa.ocs.oraclecloud.com:443/fscmRestApi/resources/11.13.18.05/legalEntitiesLOV/300000002248753",
                "name": "legalEntitiesLOV",
                "kind": "item"
            }
        ]
    }
}