{
    "items": [
        {
            "order_number": "1200000245"
        },
        {
            "order_number": "1200000257"
        },
        {
            "order_number": "1200000595"
        },
        {
            "order_number": "1200000596"
        },
        {
            "order_number": "1200000598"
        },
        {
            "order_number": "1200000608"
        },
        {
            "order_number": "1200000689"
        },
        {
            "order_number": "1200000708"
        },
        {
            "order_number": "1200000710"
        },
        {
            "order_number": "16008"
        },
        {
            "order_number": "2007"
        },
        {
            "order_number": "2076"
        },
        {
            "order_number": "2138"
        },
        {
            "order_number": "2304"
        },
        {
            "order_number": "2307"
        },
        {
            "order_number": "3222"
        },
        {
            "order_number": "3224"
        },
        {
            "order_number": "3228"
        },
        {
            "order_number": "3229"
        },
        {
            "order_number": "3275"
        },
        {
            "order_number": "3276"
        },
        {
            "order_number": "3907"
        },
        {
            "order_number": "3909"
        },
        {
            "order_number": "3919"
        },
        {
            "order_number": "4304"
        }
    ],
    "hasMore": true,
    "limit": 25,
    "offset": 0,
    "count": 25,
    "links": [
        {
            "rel": "self",
            "href": "https://g1e975c32298168-dellextatpdev2.adb.us-phoenix-1.oraclecloudapps.com/ords/OTDTC_EXT/OTDTC_AR_EXT_002/getOrderNumberLOV?p_business_unit_name=US_PL_USD_BU&p_customer_account_number=4001"
        },
        {
            "rel": "describedby",
            "href": "https://g1e975c32298168-dellextatpdev2.adb.us-phoenix-1.oraclecloudapps.com/ords/OTDTC_EXT/metadata-catalog/OTDTC_AR_EXT_002/item"
        },
        {
            "rel": "first",
            "href": "https://g1e975c32298168-dellextatpdev2.adb.us-phoenix-1.oraclecloudapps.com/ords/OTDTC_EXT/OTDTC_AR_EXT_002/getOrderNumberLOV?p_business_unit_name=US_PL_USD_BU&p_customer_account_number=4001"
        },
        {
            "rel": "next",
            "href": "https://g1e975c32298168-dellextatpdev2.adb.us-phoenix-1.oraclecloudapps.com/ords/OTDTC_EXT/OTDTC_AR_EXT_002/getOrderNumberLOV?p_business_unit_name=US_PL_USD_BU&p_customer_account_number=4001&offset=25"
        }
    ]
}