{
    "items": [
        {
            "Value": "Additional Comments",
            "EnabledFlag": "Y",
            "Description": "Additional Comments",
            "StartDateActive": null,
            "EndDateActive": null
        },
        {
            "Value": "Both",
            "EnabledFlag": "Y",
            "Description": "Both",
            "StartDateActive": null,
            "EndDateActive": null
        },
        {
            "Value": "Consoporte",
            "EnabledFlag": "Y",
            "Description": "Consoporte",
            "StartDateActive": null,
            "EndDateActive": null
        }
    ],
    "count": 3,
    "hasMore": false,
    "limit": 500,
    "offset": 0,
    "links": [
        {
            "rel": "self",
            "href": "https://iawmqy-dev2.fa.ocs.oraclecloud.com:443/fscmRestApi/resources/11.13.18.05/valueSets/DELL_ADD_DETAILS/child/values",
            "name": "values",
            "kind": "collection"
        }
    ]
}