{
    "group_id": null,
    "access_set_id": null,
    "chart_of_account_id": null,
    "ledger_id": 300000021688028,
    "ledger_name": "ADAC PRIMARY LEDGER",
    "accounting_date": null,
    "currency_code": "AED",
    "period_name": "Oct-24",
    "batch_name": "BTR_53",
    "budget_version_id": null,
    "user_je_source_name": null,
    "user_je_category_name": null,
    "justification": null,
    "balance_type_group": null,
    "database": null,
    "interface_flag": null,
    "object_version_num": 1,
    "creation_date": "2024-11-09T10:23:26",
    "created_by": null,
    "last_update_date": "2024-11-25T17:25:44",
    "last_updated_by": "raraju@adairports.ae",
    "actual_flag": null,
    "je_batch_id": null,
    "adb_flag": null,
    "budget_entity_id": null,
    "batch_id": 53,
    "attribute1": 245768,
    "attribute2": 245768,
    "organization": null,
    "fin_year": null,
    "vendor_id": null,
    "vendor_name": null,
    "pcs_instance_id": "256776ee-abc1-11ef-902a-dee6729e2647",
    "status": "SUBMIT",
    "error_message": null,
    "control_budget_id": 300000024164790,
    "budget_name": "ADAC BUDGET 2024",
    "budget_period_id": 100000027687116,
    "budget_transfer_type": "Opex to Opex",
    "lines": [
        {
            "line_id": 65,
            "group_id": null,
            "from_account": "12.00000.0000000.6130002.10300.000000.0000.0000",
            "from_account_id": "12.00000.0000000.6130002.10300.000000.0000.0000",
            "to_account": "12.00000.0000000.5152104.00000.000000.0000.0000",
            "to_account_id": "12.00000.0000000.5152104.00000.000000.0000.0000",
            "from_project": null,
            "from_project_id": null,
            "to_project": null,
            "to_project_id": null,
            "transfer_amount": 1122,
            "justification": null,
            "comments": null,
            "balance_type_group": null,
            "database": null,
            "interface_flag": null,
            "budget_entity_id": null,
            "batch_id": 53,
            "attribute1": null,
            "attribute2": null,
            "currency_conversion_date": null,
            "currency_conversion_rate": null,
            "organization": null,
            "vendor_id": 300000023749889,
            "vendor_name": "Pearl Technologies LLC",
            "to_vendor_id": 300000027888583,
            "to_vendor_name": "National Central Cooling Company PJSC",
            "from_vendor_id": 300000023749889,
            "from_vendor_name": "Pearl Technologies LLC",
            "from_segment1_code": "12",
            "from_segment2_code": "00000",
            "from_segment3_code": "0000000",
            "from_segment4_code": "6130002",
            "from_segment5_code": "10300",
            "from_segment6_code": "000000",
            "from_segment7_code": "0000",
            "from_segment8_code": "0000",
            "to_segment1_code": "12",
            "to_segment2_code": "00000",
            "to_segment3_code": "0000000",
            "to_segment4_code": "5152104",
            "to_segment5_code": "00000",
            "to_segment6_code": "000000",
            "to_segment7_code": "0000",
            "to_segment8_code": "0000",
            "status": null,
            "object_version_num": 1,
            "created_by": "-1",
            "creation_date": "2024-11-09T10:20:35.000000Z",
            "last_updated_by": "-1",
            "last_update_date": "2024-11-09T10:20:35.000000Z",
            "last_update_login": "-1",
            "error_message": null
        },
        {
            "line_id": 66,
            "group_id": null,
            "from_account": "12.00000.0000000.6130002.10300.000000.0000.0000",
            "from_account_id": "12.00000.0000000.6130002.10300.000000.0000.0000",
            "to_account": "12.00000.0000000.5152104.00000.000000.0000.0000",
            "to_account_id": "12.00000.0000000.5152104.00000.000000.0000.0000",
            "from_project": null,
            "from_project_id": null,
            "to_project": null,
            "to_project_id": null,
            "transfer_amount": 122323,
            "justification": null,
            "comments": null,
            "balance_type_group": null,
            "database": null,
            "interface_flag": null,
            "budget_entity_id": null,
            "batch_id": 53,
            "attribute1": null,
            "attribute2": null,
            "currency_conversion_date": null,
            "currency_conversion_rate": null,
            "organization": null,
            "vendor_id": 300000023749762,
            "vendor_name": "Samsung",
            "to_vendor_id": 300000028274317,
            "to_vendor_name": "MANO_JUNE11",
            "from_vendor_id": 300000023749762,
            "from_vendor_name": "Samsung",
            "from_segment1_code": "12",
            "from_segment2_code": "00000",
            "from_segment3_code": "0000000",
            "from_segment4_code": "6130002",
            "from_segment5_code": "10300",
            "from_segment6_code": "000000",
            "from_segment7_code": "0000",
            "from_segment8_code": "0000",
            "to_segment1_code": "12",
            "to_segment2_code": "00000",
            "to_segment3_code": "0000000",
            "to_segment4_code": "5152104",
            "to_segment5_code": "00000",
            "to_segment6_code": "000000",
            "to_segment7_code": "0000",
            "to_segment8_code": "0000",
            "status": null,
            "object_version_num": 1,
            "created_by": "-1",
            "creation_date": "2024-11-09T10:23:26.000000Z",
            "last_updated_by": "-1",
            "last_update_date": "2024-11-09T10:23:26.000000Z",
            "last_update_login": "-1",
            "error_message": null
        },
        {
            "line_id": 166,
            "group_id": null,
            "from_account": "12.00000.0000000.6130002.10300.000000.0000.0000",
            "from_account_id": "12.00000.0000000.6130002.10300.000000.0000.0000",
            "to_account": "12.00000.0000000.5152104.00000.000000.0000.0000",
            "to_account_id": "12.00000.0000000.5152104.00000.000000.0000.0000",
            "from_project": null,
            "from_project_id": null,
            "to_project": null,
            "to_project_id": null,
            "transfer_amount": 122323,
            "justification": null,
            "comments": null,
            "balance_type_group": null,
            "database": null,
            "interface_flag": null,
            "budget_entity_id": null,
            "batch_id": 53,
            "attribute1": null,
            "attribute2": null,
            "currency_conversion_date": null,
            "currency_conversion_rate": null,
            "organization": null,
            "vendor_id": 300000023749762,
            "vendor_name": "Samsung",
            "to_vendor_id": 300000028274317,
            "to_vendor_name": "MANO_JUNE11",
            "from_vendor_id": 300000023749762,
            "from_vendor_name": "Samsung",
            "from_segment1_code": "12",
            "from_segment2_code": "00000",
            "from_segment3_code": "0000000",
            "from_segment4_code": "6130002",
            "from_segment5_code": "10300",
            "from_segment6_code": "000000",
            "from_segment7_code": "0000",
            "from_segment8_code": "0000",
            "to_segment1_code": "12",
            "to_segment2_code": "00000",
            "to_segment3_code": "0000000",
            "to_segment4_code": "5152104",
            "to_segment5_code": "00000",
            "to_segment6_code": "000000",
            "to_segment7_code": "0000",
            "to_segment8_code": "0000",
            "status": null,
            "object_version_num": 1,
            "created_by": "-1",
            "creation_date": "2024-11-09T10:23:26.000000Z",
            "last_updated_by": "-1",
            "last_update_date": "2024-11-09T10:23:26.000000Z",
            "last_update_login": "-1",
            "error_message": null
        }
    ],
    "history": [
        {
            "history_id": 112,
            "created_by": "raraju@adairports.ae",
            "creation_date": "2024-11-25T19:48:16",
            "pcs_action": "SUBMIT",
            "task_user_comments": "Testing"
        },
        {
            "history_id": 95,
            "created_by": "raraju@adairports.ae",
            "creation_date": "2024-11-25T17:25:44",
            "pcs_action": "REJECT",
            "task_user_comments": "Reject 03"
        },
        {
            "history_id": 102,
            "created_by": "raraju@adairports.ae",
            "creation_date": "2024-11-25T17:30:55",
            "pcs_action": "APPROVE",
            "task_user_comments": "Approve 6"
        },
        {
            "history_id": 122,
            "created_by": "raraju@adairports.ae",
            "creation_date": "2024-11-26T05:26:23",
            "pcs_action": "SUBMIT",
            "task_user_comments": "TEsting"
        },
        {
            "history_id": 126,
            "created_by": "raraju@adairports.ae",
            "creation_date": "2024-11-26T06:09:21",
            "pcs_action": "SUBMIT",
            "task_user_comments": "Testing"
        },
        {
            "history_id": 110,
            "created_by": "raraju@adairports.ae",
            "creation_date": "2024-11-25T19:33:27",
            "pcs_action": "SUBMIT",
            "task_user_comments": "123"
        },
        {
            "history_id": 96,
            "created_by": "raraju@adairports.ae",
            "creation_date": "2024-11-25T17:26:21",
            "pcs_action": "SUBMIT",
            "task_user_comments": "Submit 04"
        },
        {
            "history_id": 121,
            "created_by": "raraju@adairports.ae",
            "creation_date": "2024-11-26T05:21:44",
            "pcs_action": "SUBMIT",
            "task_user_comments": "Test"
        },
        {
            "history_id": 123,
            "created_by": "raraju@adairports.ae",
            "creation_date": "2024-11-26T05:31:24",
            "pcs_action": "SUBMIT",
            "task_user_comments": "TEST"
        },
        {
            "history_id": 129,
            "created_by": "raraju@adairports.ae",
            "creation_date": "2024-11-26T06:39:13",
            "pcs_action": "SUBMIT",
            "task_user_comments": "test"
        },
        {
            "history_id": 94,
            "created_by": "raraju@adairports.ae",
            "creation_date": "2024-11-25T17:22:37",
            "pcs_action": "SUBMIT",
            "task_user_comments": "Testing 03"
        },
        {
            "history_id": 90,
            "created_by": "raraju@adairports.ae",
            "creation_date": "2024-11-25T17:08:33",
            "pcs_action": "REJECT",
            "task_user_comments": "Reject 01"
        },
        {
            "history_id": 97,
            "created_by": "raraju@adairports.ae",
            "creation_date": "2024-11-25T17:29:01",
            "pcs_action": "APPROVE",
            "task_user_comments": "Approve 1"
        },
        {
            "history_id": 124,
            "created_by": "raraju@adairports.ae",
            "creation_date": "2024-11-26T05:33:09",
            "pcs_action": "SUBMIT",
            "task_user_comments": "Testing"
        },
        {
            "history_id": 98,
            "created_by": "raraju@adairports.ae",
            "creation_date": "2024-11-25T17:29:17",
            "pcs_action": "APPROVE",
            "task_user_comments": "Approve 2"
        },
        {
            "history_id": 99,
            "created_by": "raraju@adairports.ae",
            "creation_date": "2024-11-25T17:29:34",
            "pcs_action": "APPROVE",
            "task_user_comments": "Approve 3"
        },
        {
            "history_id": 100,
            "created_by": "raraju@adairports.ae",
            "creation_date": "2024-11-25T17:29:53",
            "pcs_action": "APPROVE",
            "task_user_comments": "Approve 4"
        },
        {
            "history_id": 101,
            "created_by": "raraju@adairports.ae",
            "creation_date": "2024-11-25T17:30:13",
            "pcs_action": "APPROVE",
            "task_user_comments": "Approve 5"
        },
        {
            "history_id": 109,
            "created_by": "raraju@adairports.ae",
            "creation_date": "2024-11-25T19:23:25",
            "pcs_action": "SUBMIT",
            "task_user_comments": "Test"
        },
        {
            "history_id": 111,
            "created_by": "raraju@adairports.ae",
            "creation_date": "2024-11-25T19:38:21",
            "pcs_action": "SUBMIT",
            "task_user_comments": "Testing"
        },
        {
            "history_id": 125,
            "created_by": "raraju@adairports.ae",
            "creation_date": "2024-11-26T06:04:50",
            "pcs_action": "SUBMIT",
            "task_user_comments": "Testing"
        },
        {
            "history_id": 89,
            "created_by": "raraju@adairports.ae",
            "creation_date": "2024-11-25T17:07:54",
            "pcs_action": "SUBMIT",
            "task_user_comments": "Testing 01"
        },
        {
            "history_id": 127,
            "created_by": "raraju@adairports.ae",
            "creation_date": "2024-11-26T06:20:05",
            "pcs_action": "SUBMIT",
            "task_user_comments": "Testing"
        },
        {
            "history_id": 128,
            "created_by": "raraju@adairports.ae",
            "creation_date": "2024-11-26T06:26:11",
            "pcs_action": "SUBMIT",
            "task_user_comments": "asasa"
        }
    ],
    "approvals": [
        {
            "approval_id": 125,
            "approval_users": "raraju@adairports.ae",
            "approval_roles": "REQUESTOR",
            "hist_count": 1
        },
        {
            "approval_id": 126,
            "approval_users": "raraju@adairports.ae",
            "approval_roles": "BUDGET1",
            "hist_count": 0
        }
    ]
}