{
    "items": [
        {
            "source_table": "SUBSCRIPTIONS",
            "bu_name": "US_PL_USD_BU",
            "line_number": 0,
            "order_status": "READY TO INVOICE",
            "order_number": "1200000245",
            "unit_selling_price": 100,
            "quantity": 1,
            "line_amount": 100,
            "tax_amount": null,
            "total_amount": 100,
            "fx_rate": "1",
            "bill_to_customer_name": "FOUNTAIN PLAZA PHARMACY, LLC",
            "bill_to_customer_number": "4001",
            "vat_id": "36123456787",
            "line_id": 100000466397487,
            "description": "Support",
            "product_type": "SERVICES",
            "unit_of_measure": "Each",
            "invoice_number": null,
            "consolidation_method": "PO",
            "e_invoicing_flag": null,
            "custom_invoicing_flag": null,
            "date_filter_param": "2025-04-21T05:34:41Z",
            "tax_classification_code": null,
            "item_number": "10000488",
            "trx_business_category": null,
            "remit_number": null,
            "igst": null,
            "bu_id": 300000002301157,
            "transaction_type": "Invoice",
            "transaction_source": "DOO Subscription",
            "bill_to_customer_site": "9002",
            "ship_to_customer_number": "4001",
            "ship_to_customer_site": "9002",
            "payment_term": "IMMEDIATE",
            "invoice_currency_code": "USD",
            "creation_date": "2025-04-22T08:53:40Z",
            "sales_or_subsc_no": "71032"
        },
        {
            "source_table": "SUBSCRIPTIONS",
            "bu_name": "US_PL_USD_BU",
            "line_number": 0,
            "order_status": "READY TO INVOICE",
            "order_number": "1200000257",
            "unit_selling_price": 100,
            "quantity": 1,
            "line_amount": 100,
            "tax_amount": null,
            "total_amount": 100,
            "fx_rate": "1",
            "bill_to_customer_name": "FOUNTAIN PLAZA PHARMACY, LLC",
            "bill_to_customer_number": "4001",
            "vat_id": "36123456787",
            "line_id": 100000467137295,
            "description": "Support",
            "product_type": "SERVICES",
            "unit_of_measure": "Each",
            "invoice_number": null,
            "consolidation_method": "PO",
            "e_invoicing_flag": null,
            "custom_invoicing_flag": null,
            "date_filter_param": "2025-04-21T11:36:47Z",
            "tax_classification_code": null,
            "item_number": "10000488",
            "trx_business_category": null,
            "remit_number": null,
            "igst": null,
            "bu_id": 300000002301157,
            "transaction_type": "Invoice",
            "transaction_source": "DOO Subscription",
            "bill_to_customer_site": "9002",
            "ship_to_customer_number": "4001",
            "ship_to_customer_site": "9002",
            "payment_term": "IMMEDIATE",
            "invoice_currency_code": "USD",
            "creation_date": "2025-04-22T08:53:39Z",
            "sales_or_subsc_no": "71037"
        },
        {
            "source_table": "SALES",
            "bu_name": "US_PL_USD_BU",
            "line_number": 2,
            "order_status": "READY TO INVOICE",
            "order_number": "1200000708",
            "unit_selling_price": 3108,
            "quantity": 1,
            "line_amount": 3108,
            "tax_amount": 400.53,
            "total_amount": 3508.53,
            "fx_rate": "1",
            "bill_to_customer_name": "FOUNTAIN PLAZA PHARMACY, LLC",
            "bill_to_customer_number": "4001",
            "vat_id": "DE129430206",
            "line_id": 300000124470325,
            "description": "Dell 14 5440",
            "product_type": "GOODS",
            "unit_of_measure": "Each",
            "invoice_number": null,
            "consolidation_method": "PO",
            "e_invoicing_flag": null,
            "custom_invoicing_flag": null,
            "date_filter_param": "2025-04-29T14:19:38Z",
            "tax_classification_code": null,
            "item_number": "JXWXCY",
            "trx_business_category": "SALES_TRANSACTION",
            "remit_number": null,
            "igst": null,
            "bu_id": 300000002301157,
            "transaction_type": null,
            "transaction_source": "DOO Orders",
            "bill_to_customer_site": "9002",
            "ship_to_customer_number": "3006",
            "ship_to_customer_site": "2492337",
            "payment_term": "30 Net",
            "invoice_currency_code": "USD",
            "creation_date": "2025-04-29T13:29:13Z",
            "sales_or_subsc_no": "1200000708"
        },
        {
            "source_table": "SUBSCRIPTIONS",
            "bu_name": "US_PL_USD_BU",
            "line_number": 0,
            "order_status": "READY TO INVOICE",
            "order_number": "4016",
            "unit_selling_price": 80,
            "quantity": 12,
            "line_amount": 80,
            "tax_amount": null,
            "total_amount": 80,
            "fx_rate": null,
            "bill_to_customer_name": "Adam Smith",
            "bill_to_customer_number": "3006",
            "vat_id": null,
            "line_id": 100000077447941,
            "description": "Test1",
            "product_type": "GOODS",
            "unit_of_measure": null,
            "invoice_number": "20250426120657_4",
            "consolidation_method": "PO",
            "e_invoicing_flag": null,
            "custom_invoicing_flag": null,
            "date_filter_param": "2024-10-21T12:53:36Z",
            "tax_classification_code": null,
            "item_number": "1001",
            "trx_business_category": null,
            "remit_number": null,
            "igst": null,
            "bu_id": 300000002301157,
            "transaction_type": "Invoice",
            "transaction_source": "Manual",
            "bill_to_customer_site": null,
            "ship_to_customer_number": null,
            "ship_to_customer_site": null,
            "payment_term": "IMMEDIATE",
            "invoice_currency_code": "USD",
            "creation_date": "2025-01-27T07:58:17Z",
            "sales_or_subsc_no": "4016"
        }
    ],
    "hasMore": false,
    "limit": 25,
    "offset": 0,
    "count": 4,
    "links": [
        {
            "rel": "self",
            "href": "https://g1e975c32298168-dellextatpdev2.adb.us-phoenix-1.oraclecloudapps.com/ords/OTDTC_EXT/OTDTC_AR_EXT_002/onPoMatch?p_business_unit_name=US_PL_USD_BU"
        },
        {
            "rel": "describedby",
            "href": "https://g1e975c32298168-dellextatpdev2.adb.us-phoenix-1.oraclecloudapps.com/ords/OTDTC_EXT/metadata-catalog/OTDTC_AR_EXT_002/item"
        },
        {
            "rel": "first",
            "href": "https://g1e975c32298168-dellextatpdev2.adb.us-phoenix-1.oraclecloudapps.com/ords/OTDTC_EXT/OTDTC_AR_EXT_002/onPoMatch?p_business_unit_name=US_PL_USD_BU"
        }
    ]
}