{
    "items": [
        {
            "BusinessUnitId": 300000002324058,
            "BusinessUnitName": "IN_PL_INR_BU",
            "ActiveFlag": true,
            "PrimaryLedgerId": "300000002445045",
            "LocationId": 300000002675109,
            "ManagerId": null,
            "LegalEntityId": "300000002447688",
            "ProfitCenterFlag": true
        }
    ],
    "count": 1,
    "hasMore": false,
    "limit": 25,
    "offset": 0,
    "links": [
        {
            "rel": "self",
            "href": "https://iawmqy-dev2.fa.ocs.oraclecloud.com:443/fscmRestApi/resources/11.13.18.05/finBusinessUnitsLOV",
            "name": "finBusinessUnitsLOV",
            "kind": "collection"
        }
    ]
}