{
    "POLineId": 300000108346789,
    "POHeaderId": 300000108346787,
    "LineNumber": 1,
    "OrderNumber": "U02500000013465",
    "LineTypeId": 1,
    "LineType": "Goods",
    "ItemId": 300000003665910,
    "Item": "10000482",
    "ConsignmentLineFlag": false,
    "ItemRevision": null,
    "Description": "Peripherals_Type_Docking Stations",
    "SupplierItem": null,
    "SupplierConfigurationId": null,
    "CategoryId": 300000002452338,
    "CategoryCode": "Goods",
    "Category": "Goods",
    "StatusCode": "OPEN",
    "Status": "Open",
    "UOMCode": "Ea",
    "UOM": "Each",
    "Quantity": 2,
    "BasePrice": 1.12,
    "DiscountType": null,
    "Discount": null,
    "DiscountReason": null,
    "Price": 1.12,
    "NegotiatedFlag": false,
    "CurrencyCode": "USD",
    "Currency": "US Dollar",
    "WorkOrderProduct": null,
    "NoteToSupplier": null,
    "UNNumberId": null,
    "UNNumber": null,
    "UNNumberDescription": null,
    "UNNumberCode": null,
    "HazardClassCode": null,
    "HazardClassId": null,
    "HazardClass": null,
    "Ordered": 2.24,
    "TotalTax": 0,
    "Total": 2.24,
    "SourceAgreementId": null,
    "SourceAgreementNumber": null,
    "SourceAgreementLineId": null,
    "SourceAgreementLine": null,
    "SourceAgreementTypeCode": null,
    "SourceAgreementType": null,
    "SourceAgreementProcurementBUId": null,
    "SourceAgreementProcurementBU": null,
    "MaximumRetainageAmount": null,
    "Manufacturer": null,
    "ManufacturerPartNumber": null,
    "CreationDate": "2025-04-11T11:39:00+00:00",
    "CreatedBy": "d3c8660f979e4204a6ef3496a93c031d",
    "LastUpdateDate": "2025-04-11T11:39:36+00:00",
    "LastUpdatedBy": "d3c8660f979e4204a6ef3496a93c031d",
    "PricingUOM": "Each",
    "PricingUOMCode": "Ea",
    "SecondaryUOM": null,
    "SecondaryUOMCode": null,
    "SecondaryQuantity": null,
    "NegotiationId": null,
    "Negotiation": null,
    "NegotiationLine": null,
    "CreditFlag": false,
    "DFF": {
        "items": [
            {
                "PoLineId": 300000108346789,
                "__FLEX_Context": null,
                "__FLEX_Context_DisplayValue": null
            }
        ],
        "count": 1,
        "hasMore": false,
        "limit": 24,
        "offset": 0,
        "links": [
            {
                "rel": "self",
                "href": "https://iawmqy-dev2.fa.ocs.oraclecloud.com:443/fscmRestApi/resources/11.13.18.05/purchaseOrders/300000108346787/child/lines/300000108346789/child/DFF",
                "name": "DFF",
                "kind": "collection"
            }
        ]
    },
    "schedules": {
        "items": [
            {
                "LineLocationId": 300000108346790,
                "POLineId": 300000108346789,
                "POHeaderId": 300000108346787,
                "ScheduleNumber": 1,
                "StatusCode": "OPEN",
                "Quantity": 2,
                "SecondaryQuantity": null,
                "SecondaryUOMCode": null,
                "Ordered": 2.24,
                "CountryOfOriginCode": null,
                "ShipToLocationId": 300000048425031,
                "ShipToOrganizationId": 300000002678655,
                "ShipToCustomerId": null,
                "BackToBackFlag": null,
                "SalesOrderNumber": null,
                "DestinationTypeCode": "INVENTORY",
                "ModeOfTransportCode": null,
                "EarlyReceiptToleranceDays": 100,
                "LateReceiptToleranceDays": 100,
                "ReceiptDateExceptionActionCode": "NONE",
                "ShipToExceptionActionCode": "NONE",
                "ReceiptCloseTolerancePercent": 0,
                "OverReceiptTolerancePercent": 0,
                "OverReceiptActionCode": "NONE",
                "ReceiptRoutingId": 3,
                "AllowSubstituteReceiptsFlag": false,
                "InvoiceMatchOptionCode": "P",
                "InvoiceCloseTolerancePercent": 0,
                "AccrueAtReceiptFlag": true,
                "NoteToReceiver": null,
                "WorkOrderId": null,
                "WorkOrderNumber": null,
                "OrchestrationAgreementLineNumber": null,
                "OrchestrationAgreementNumber": null,
                "PrimaryTradeRelationshipId": null,
                "POTradingOrganizationId": null,
                "POTradingOrganizationCode": null,
                "POTradingOrganization": null,
                "RequestedDeliveryDate": "2025-04-14",
                "PromisedDeliveryDate": "2025-04-15",
                "RequestedShipDate": null,
                "PromisedShipDate": null,
                "WorkOrderOperationSequence": null,
                "Status": "Open",
                "DestinationType": "Inventory",
                "InvoiceMatchOption": "Order",
                "LineNumber": 1,
                "UOM": "Each",
                "SecondaryUOM": null,
                "ShipToLocationCode": "CEVA BW2",
                "ShipToCustomer": null,
                "Carrier": null,
                "ModeOfTransport": null,
                "ReceiptDateExceptionAction": "None",
                "ShipToExceptionAction": "None",
                "OverReceiptAction": "None",
                "ReceiptRouting": "Direct delivery",
                "OriginalPromisedDeliveryDate": "2025-04-15",
                "OriginalPromisedShipDate": null,
                "CurrencyCode": "USD",
                "Currency": "US Dollar",
                "CountryOfOrigin": null,
                "OrderNumber": "U02500000013465",
                "TotalTax": 0,
                "Total": 2.24,
                "MatchApprovalLevelCode": null,
                "LastAcceptableDeliveryDate": "2025-07-24",
                "LastAcceptableShipDate": null,
                "LastAcceptDate": "2025-07-24",
                "CarrierId": null,
                "ShipToOrganization": "BW2-CEVA BW2",
                "ShipToOrganizationCode": "BW2",
                "RetainageRate": null,
                "RetainageAmount": null,
                "RetainageReleasedAmount": null,
                "Description": null,
                "Type": null,
                "Price": 1.12,
                "TypeCode": null,
                "UOMCode": "Ea",
                "CreationDate": "2025-04-11T11:39:00+00:00",
                "CreatedBy": "d3c8660f979e4204a6ef3496a93c031d",
                "LastUpdateDate": "2025-04-11T11:39:36+00:00",
                "LastUpdatedBy": "d3c8660f979e4204a6ef3496a93c031d",
                "PricingUOMCode": "Ea",
                "PricingUOM": "Each",
                "BilledAmount": null,
                "ReceivedAmount": null,
                "BilledQuantity": 0,
                "ReceivedQuantity": 0,
                "ShippingMethod": null,
                "ShipToCustomerLocationId": null,
                "ShipToCustomerLocation": null,
                "SupplierOrder": null,
                "SupplierOrderLineNumber": null,
                "CustomerItem": null,
                "CustomerItemDescription": null,
                "ShipToCustomerContactId": null,
                "ShipToCustomerContact": null,
                "SalesOrderLineNumber": null,
                "SalesOrderScheduleNumber": null,
                "CustomerPONumber": null,
                "CustomerPOLineNumber": null,
                "CustomerPOScheduleNumber": null,
                "FirmFlag": null,
                "AssessableValue": 2.24,
                "ProductFiscalClassificationId": null,
                "ProductFiscalClassificationCode": null,
                "ProductFiscalClassification": null,
                "ProductTypeCode": "GOODS",
                "ProductType": "Goods",
                "ProductCategoryCode": null,
                "ProductCategory": null,
                "LineIntendedUseId": null,
                "LineIntendedUse": null,
                "UserDefinedFiscalClassificationCode": null,
                "UserDefinedFiscalClassification": null,
                "TransactionBusinessCategoryCode": null,
                "TransactionBusinessCategory": null,
                "TransactionBusinessCategoryId": null,
                "TaxClassificationCode": null,
                "TaxClassification": null,
                "LocationOfFinalDischargeId": null,
                "LocationOfFinalDischargeCode": null
            }
        ],
        "count": 1,
        "hasMore": false,
        "limit": 25,
        "offset": 0,
        "links": [
            {
                "rel": "self",
                "href": "https://iawmqy-dev2.fa.ocs.oraclecloud.com:443/fscmRestApi/resources/11.13.18.05/purchaseOrders/300000108346787/child/lines/300000108346789/child/schedules",
                "name": "schedules",
                "kind": "collection"
            }
        ]
    },
    "attachments": {
        "items": [],
        "count": 0,
        "hasMore": false,
        "limit": 24,
        "offset": 0,
        "links": [
            {
                "rel": "self",
                "href": "https://iawmqy-dev2.fa.ocs.oraclecloud.com:443/fscmRestApi/resources/11.13.18.05/purchaseOrders/300000108346787/child/lines/300000108346789/child/attachments",
                "name": "attachments",
                "kind": "collection"
            }
        ]
    },
    "specialHandlingDFF": {
        "items": [
            {
                "PoLineId": 300000108346789,
                "__FLEX_Context": null,
                "__FLEX_Context_DisplayValue": null
            }
        ],
        "count": 1,
        "hasMore": false,
        "limit": 24,
        "offset": 0,
        "links": [
            {
                "rel": "self",
                "href": "https://iawmqy-dev2.fa.ocs.oraclecloud.com:443/fscmRestApi/resources/11.13.18.05/purchaseOrders/300000108346787/child/lines/300000108346789/child/specialHandlingDFF",
                "name": "specialHandlingDFF",
                "kind": "collection"
            }
        ]
    }
}