{
    "backends": {
        "fscmRestApi": {
            "serviceType": "adf-describe",
            "serviceTypeProperties": {
                "faCatalogAppId": "REST-fscmRestApp"
            },
            "headers": {
                "REST-Framework-Version": "4"
            },
            "transforms": {
                "path": "vb/BusinessObjectsTransforms"
            },
            "servers": [
                {
                    "url": "vb-catalog://backends/ics",
                    "description": "Overridden Enterprise Resource Planning and Supply Chain Server 1",
                    "x-vb": {
                        "authentication": {
                            "authenticated": {
                                "type": "cloud"
                            }
                        },
                        "anonymousAccess": false
                    }
                }
            ]
        },
        "ords": {
            "description": "ords_conn",
            "transforms": {
                "path": "./ordsTransform.js"
            },
            "servers": [
                {
                    "url": "https://g1e975c32298168-dellextatpdev2.adb.us-phoenix-1.oraclecloudapps.com/ords",
                    "description": "Overridden Default Server",
                    "x-vb": {
                        "forceProxy": "always",
                        "authentication": {
                            "authenticated": {
                                "type": "basic",
                                "credentials": "vb_e3b741d4-1085-464e-b8b6-49ec4bf04d32"
                            }
                        }
                    }
                }
            ]
        },
        "fusionFSCM": {
            "transforms": {
                "path": "./customFusionTransform.js"
            },
            "servers": [
                {
                    "url": "https://iawmqy-dev2.fa.ocs.oraclecloud.com:443/fscmRestApi/resources/latest",
                    "description": "Default Server",
                    "x-vb": {
                        "authentication": {
                            "authenticated": {
                                "type": "oauth2_client_credentials",
                                "clientIdCredentials": "vb_2d83cb1d-82ba-47a7-a4fe-13ecdcf2909e",
                                "scope": "https://iawmqy-dev2.fa.ocs.oraclecloud.com:443/",
                                "authUrl": "https://idcs-09b68ff6f5a84782934af375c162ed01.identity.oraclecloud.com:443/oauth2/v1/token"
                            }
                        },
                        "headers": {
                            "REST-Framework-Version": "4"
                        },
                        "anonymousAccess": true,
                        "forceProxy": "always"
                    }
                }
            ]
        },
        "fa": {
            "description": "Oracle Cloud Applications",
            "serviceType": "fa-base",
            "servers": [
                {
                    "url": "vb-catalog://backends/ics",
                    "description": "Default Server"
                }
            ]
        },
        "fusionRestAPI": {
            "servers": [
                {
                    "url": "https://iawmqy-dev2.fa.ocs.oraclecloud.com:443/fscmRestApi/resources/latest",
                    "description": "Default Server",
                    "x-vb": {
                        "authentication": {
                            "authenticated": {
                                "type": "oauth2_resource_owner",
                                "clientIdCredentials": "vb_d0678b01-62f6-4159-9294-a67187957ae7",
                                "scope": "https://iawmqy-dev2.fa.ocs.oraclecloud.com:443/",
                                "authUrl": "https://idcs-09b68ff6f5a84782934af375c162ed01.identity.oraclecloud.com/oauth2/v1/token",
                                "credentials": "vb_3fedabce-b65a-423d-9207-6f4bdebbc131"
                            }
                        },
                        "headers": {
                            "REST-Framework-Version": "4"
                        },
                        "anonymousAccess": true,
                        "forceProxy": "always"
                    }
                }
            ]
        },
        "ics": {
            "serviceType": "ics",
            "servers": [
                {
                    "url": "vb-catalog://backends.tenant/ics",
                    "description": "Overridden Integration Server",
                    "x-vb": {
                        "authentication": {
                            "authenticated": {
                                "type": "oauth2_client_credentials",
                                "clientIdCredentials": "vb_f3287ef4-5cd1-4d0c-989f-77a1a473d7de",
                                "scope": "https://EEEA315E9A6C490CAD289B11C2EB433A.integration.us-phoenix-1.ocp.oraclecloud.com:443urn:opc:resource:consumer::all",
                                "authUrl": "https://idcs-09b68ff6f5a84782934af375c162ed01.identity.oraclecloud.com:443/oauth2/v1/token"
                            }
                        }
                    }
                }
            ]
        },
        "BipReportService": {
            "servers": [
                {
                    "url": "https://iawmqy-dev2.fa.ocs.oraclecloud.com:443/xmlpserver/services",
                    "description": "Xmlpserver Services",
                    "x-vb": {
                        "authentication": {
                            "authenticated": {
                                "type": "oauth2_client_credentials",
                                "clientIdCredentials": "vb_755801f6-db0f-4852-89fb-f3afa611ff09",
                                "scope": "https://iawmqy-dev2.fa.ocs.oraclecloud.com:443/",
                                "authUrl": "https://idcs-09b68ff6f5a84782934af375c162ed01.identity.oraclecloud.com:443/oauth2/v1/token"
                            }
                        },
                        "forceProxy": "always"
                    }
                }
            ]
        },
        "fusionHCM": {
            "servers": [
                {
                    "url": "https://iawmqy-dev2.fa.ocs.oraclecloud.com/hcmRestApi/resources/latest",
                    "description": "Default Server",
                    "x-vb": {
                        "forceProxy": "always",
                        "authentication": {
                            "authenticated": {
                                "type": "oauth2_client_credentials",
                                "clientIdCredentials": "vb_0d525a05-fc47-4eda-84b2-f6d840dfd0b7",
                                "scope": "https://iawmqy-dev2.fa.ocs.oraclecloud.com:443/",
                                "authUrl": "https://idcs-09b68ff6f5a84782934af375c162ed01.identity.oraclecloud.com/oauth2/v1/token"
                            }
                        }
                    }
                }
            ]
        }
      },
    "services": {}
}