{
    "items": [
        {
            "InterfaceTransactionId": 168004,
            "InterfaceType": "PO_DOCS_OPEN_INTERFACE",
            "BatchId": 1745829391694,
            "RequestId": 3136696,
            "ColumnName": "INTERFACE_HEADER_ID",
            "ColumnValue": "300000123119678",
            "ErrorMessage": "You can't perform this action because a pending change order exists. ",
            "ErrorMessageName": "PO_POWS_NO_UPDATE_PENDING_CO",
            "TableName": "PO_HEADERS_INTERFACE",
            "InterfaceAssignmentId": null,
            "InterfaceAttrValuesId": null,
            "InterfaceAttrValuesTlpId": null,
            "InterfaceDistributionId": null,
            "InterfaceHeaderId": 300000123119678,
            "InterfaceLineId": null,
            "InterfaceLineLocationId": null,
            "ProcessingDate": "2025-04-28",
            "CreatedBy": "d3c8660f979e4204a6ef3496a93c031d",
            "CreationDate": "2025-04-28T08:36:42+00:00"
        }
    ],
    "count": 1,
    "hasMore": false,
    "limit": 25,
    "offset": 0,
    "links": [
        {
            "rel": "self",
            "href": "https://iawmqy-dev2.fa.ocs.oraclecloud.com:443/fscmRestApi/resources/11.13.18.05/purchasingDocumentImportErrors",
            "name": "purchasingDocumentImportErrors",
            "kind": "collection"
        }
    ]
}