{
    "openapi": "3.0.0",
    "info": {
        "title": "FusionHCM",
        "version": "1.0.0"
    },
    "servers": [
        {
            "url": "vb-catalog://backends/fusionHCM",
            "description": "FusionHCM"
        }
    ],
    "paths": {
        "/userAccounts": {
            "get": {
                "operationId": "getUserAccounts",
                "parameters": [
                    {
                        "name": "q",
                        "in": "query",
                        "schema": {
                            "type": "string"
                        }
                    }
                ],
                "responses": {
                    "default": {
                        "description": "Response for default",
                        "content": {
                            "application/json": {
                                "schema": {
                                    "$ref": "#/components/schemas/GetUserAccounts"
                                },
                                "examples": {
                                    "vb": {
                                        "summary": "Example stored by VB User",
                                        "externalValue": "./examples/getUserAccounts/response_default_application_json_vb.json"
                                    }
                                }
                            }
                        }
                    }
                },
                "x-vb": {
                    "actionHint": "getMany",
                    "headers": {
                        "REST-Framework-Version": "4"
                    }
                }
            }
        },
        "/userAccounts/{Guid}/child/userAccountRoles": {
            "parameters": [
                {
                    "name": "Guid",
                    "in": "path",
                    "required": true,
                    "schema": {
                        "type": "string"
                    }
                }
            ],
            "get": {
                "operationId": "getUserAccountsGuidChildUserAccountRoles",
                "parameters": [
                    {
                        "name": "onlyData",
                        "in": "query",
                        "schema": {
                            "type": "string"
                        },
                        "x-vb": {
                            "defaultValue": "true"
                        }
                    },
                    {
                        "name": "q",
                        "in": "query",
                        "schema": {
                            "type": "string"
                        }
                    }
                ],
                "responses": {
                    "default": {
                        "description": "Response for default",
                        "content": {
                            "application/json": {
                                "schema": {
                                    "$ref": "#/components/schemas/GetUserAccountsGuidChildUserAccountRoles"
                                },
                                "examples": {
                                    "vb": {
                                        "summary": "Example stored by VB User",
                                        "externalValue": "./examples/getUserAccountsGuidChildUserAccountRoles/response_default_application_json_vb.json"
                                    }
                                }
                            }
                        }
                    }
                },
                "x-vb": {
                    "actionHint": "getMany",
                    "headers": {
                        "REST-Framework-Version": "4"
                    }
                }
            }
        }
    },
    "components": {
        "schemas": {
            "GetUserAccounts": {
                "type": "object",
                "properties": {
                    "items": {
                        "type": "array",
                        "items": {
                            "type": "object",
                            "properties": {
                                "UserId": {
                                    "type": "integer"
                                },
                                "Username": {
                                    "type": "string"
                                },
                                "SuspendedFlag": {
                                    "type": "boolean"
                                },
                                "PersonId": {
                                    "type": "integer"
                                },
                                "PersonNumber": {
                                    "type": "string"
                                },
                                "CredentialsEmailSentFlag": {
                                    "type": "boolean"
                                },
                                "GUID": {
                                    "type": "string"
                                },
                                "CreatedBy": {
                                    "type": "string"
                                },
                                "CreationDate": {
                                    "type": "string"
                                },
                                "LastUpdatedBy": {
                                    "type": "string"
                                },
                                "LastUpdateDate": {
                                    "type": "string"
                                },
                                "links": {
                                    "type": "array",
                                    "items": {
                                        "type": "object",
                                        "properties": {
                                            "rel": {
                                                "type": "string"
                                            },
                                            "href": {
                                                "type": "string"
                                            },
                                            "name": {
                                                "type": "string"
                                            },
                                            "kind": {
                                                "type": "string"
                                            },
                                            "properties": {
                                                "type": "object",
                                                "properties": {
                                                    "changeIndicator": {
                                                        "type": "string"
                                                    }
                                                }
                                            }
                                        }
                                    }
                                }
                            }
                        }
                    },
                    "count": {
                        "type": "integer"
                    },
                    "hasMore": {
                        "type": "boolean"
                    },
                    "limit": {
                        "type": "integer"
                    },
                    "offset": {
                        "type": "integer"
                    },
                    "links": {
                        "type": "array",
                        "items": {
                            "type": "object",
                            "properties": {
                                "rel": {
                                    "type": "string"
                                },
                                "href": {
                                    "type": "string"
                                },
                                "name": {
                                    "type": "string"
                                },
                                "kind": {
                                    "type": "string"
                                }
                            }
                        }
                    }
                }
            },
            "GetUserAccountsGuidChildUserAccountRoles": {
                "type": "object",
                "properties": {
                    "items": {
                        "type": "array",
                        "items": {
                            "type": "object",
                            "properties": {
                                "UserRoleId": {
                                    "type": "integer"
                                },
                                "RoleId": {
                                    "type": "integer"
                                },
                                "RoleCode": {
                                    "type": "string"
                                },
                                "CreatedBy": {
                                    "type": "string"
                                },
                                "CreationDate": {
                                    "type": "string"
                                },
                                "LastUpdatedBy": {
                                    "type": "string"
                                },
                                "LastUpdateDate": {
                                    "type": "string"
                                }
                            }
                        }
                    },
                    "count": {
                        "type": "integer"
                    },
                    "hasMore": {
                        "type": "boolean"
                    },
                    "limit": {
                        "type": "integer"
                    },
                    "offset": {
                        "type": "integer"
                    },
                    "links": {
                        "type": "array",
                        "items": {
                            "type": "object",
                            "properties": {
                                "rel": {
                                    "type": "string"
                                },
                                "href": {
                                    "type": "string"
                                },
                                "name": {
                                    "type": "string"
                                },
                                "kind": {
                                    "type": "string"
                                }
                            }
                        }
                    }
                }
            }
        }
    }
}