{
    "openapi": "3.0.0",
    "info": {
        "title": "Xmlpserver Services",
        "version": "1.0.0",
        "x-vb": {
            "headers": {
                "Content-Type": "application/soap+xml;charset=UTF-8"
            }
        }
    },
    "servers": [
        {
            "url": "vb-catalog://backends/BipReportService"
        }
    ],
    "paths": {
        "/ExternalReportWSSService": {
            "post": {
                "operationId": "postExternalReportWSSService",
                "requestBody": {
                    "content": {
                        "application/json": {}
                    }
                },
                "responses": {},
                "x-vb": {
                    "actionHint": "getMany",
                    "headers": {
                        "Content-Type": "application/soap+xml; charset=UTF-8"
                    }
                }
            }
        }
    },
    "components": {
        "schemas": {
            "GetExternalReportWSSService": {
                "type": "object",
                "properties": {
                    "xmlns:soap": {
                        "type": "string"
                    },
                    "xmlns:pub": {
                        "type": "string"
                    },
                    "Header": {
                        "type": "object"
                    },
                    "Body": {
                        "type": "object",
                        "properties": {
                            "runReport": {
                                "type": "object",
                                "properties": {
                                    "reportRequest": {
                                        "type": "object",
                                        "properties": {
                                            "reportAbsolutePath": {
                                                "type": "string"
                                            },
                                            "sizeOfDataChunkDownload": {
                                                "type": "integer"
                                            }
                                        }
                                    },
                                    "appParams": {
                                        "type": "string"
                                    }
                                }
                            }
                        }
                    }
                }
            }
        }
    }
}