{
  "title": "",
  "description": "",
  "variables": {
    "allFilters": {
      "type": "filterChip[]",
      "defaultValue": "{{$page.variables.selectContextValueItem && $page.variables.selectContextValueItem.key ? (($page.variables.appliedFilters || []).concat([{ 'filter': 'keyword', 'label': $page.variables.selectContextValueItem.data ? $page.variables.selectContextValueItem.data.label : $page.variables.selectContextValueItem.key, 'value': $page.variables.selectContextValueItem.key }])) :  $page.variables.appliedFilters }}"
    },
    "appliedFilters": {
      "type": "filterChip[]",
      "defaultValue": "{{ $page.variables.appliedFiltersStr && $page.variables.appliedFiltersStr.length > 0 ? JSON.parse($page.variables.appliedFiltersStr) : [] }}",
      "onValueChanged": {
        "chains": [
          {
            "chain": "updateAllFilters",
            "parameters": {
              "value": "[[ $page.variables.appliedFilters ]]"
            }
          }
        ]
      }
    },
    "appliedFiltersStr": {
      "type": "string",
      "input": "fromUrl",
      "defaultValue": "",
      "onValueChanged": {
        "chains": [
          {
            "chain": "updateAppliedFilters",
            "parameters": {}
          }
        ]
      }
    },
    "askHint": {
      "type": "string",
      "defaultValue": "Search"
    },
    "displayMode": {
      "type": "string",
      "defaultValue": "mixed"
    },
    "expanded": {
      "type": "string",
      "defaultValue": "auto"
    },
    "filterObject": {
       "type": "object"
       
    },
    "functionalPrimaryActions": {
      "type": "action[]"
    },
    "functionalSecondaryActions": {
      "type": "action[]"
    },
    "goToParentOption": {
      "type": "boolean",
      "defaultValue": false
    },
    "initialString": {
      "type": "string"
    },
    "noDataErrorMsg": {
      "type": "string",
      "defaultValue": "No data to display."
    },
    "primaryAction": {
      "type": "action"
    },
    "qParameterForBPO": {
      "type": "string"
    },
    "searchResultsDP": {
      "type": "vb/ArrayDataProvider2",
      "defaultValue": {
        "keyAttributes": "line_id",
        "itemType": "any"
      }
    },
    "searchResultsSDP": {
      "type": "vb/ServiceDataProvider",
      "defaultValue": {
        "endpoint": "fscm_conn/getPurchaseOrders",
        "keyAttributes": "POHeaderId",
        "itemsPath": "items",
        "responseType": "getPurchaseOrders2Response",
        "uriParameters": {
          "q": "{{ $variables.qParameterForBPO }}"
        },
        "sortCriteria": [
          {
            "attribute": "CreationDate",
            "direction": "dsc"
          }
        ]
      }
    },
    "searchSuggestionsDP": {
      "type": "oj-sp/data-provider/SmartSuggestionChipsDataProvider",
      "defaultValue": {
        "dataProviders": {
          "recentSearches": {
            "//": "specify endpoint for recent search below",
            "endpoint": null,
            "uriParameters": {
              "smartSearchName": "<The name of the Smart Search as registered by the product team>"
            }
          },
          "autocompleteSearch": {
            "//": "specify endpoint for search all below",
            "endpoint": null,
            "uriParameters": {
              "smartSearchName": "<The name of the Smart Search as registered by the product team>"
            }
          },
          "suggestionFiltersSearch": {
            "//": "specify endpoint for suggest search below",
            "endpoint": null,
            "uriParameters": {
              "smartSearchName": "<The name of the Smart Search as registered by the product team>"
            }
          }
        }
      }
    },
    "secondaryActions": {
      "type": "action[]"
    },
    "selectContextData": {
      "type": "vb/ArrayDataProvider"
    },
    "selectContextItemText": {
      "type": "string",
      "defaultValue": "label"
    },
    "selectContextLabelHint": {
      "type": "string"
    },
    "selectContextValue": {
      "type": "string",
      "defaultValue": null,
      "persisted": "device",
      "input": "fromUrl"
    },
    "selectContextValueItem": {
      "type": "any",
      "onValueChanged": {
        "chains": [
          {
            "chain": "updateAllFilters",
            "parameters": {
              "value": "[[ $page.variables.appliedFilters ]]"
            }
          }
        ]
      }
    },
    "showAllTotalCount": {
      "type": "boolean",
      "defaultValue": false
    },
    "showFilter": {
      "type": "boolean",
      "defaultValue": false
    },
    "suggestionFiltersDP": {
      "type": "oj-sp/data-provider/SuggestionFiltersDataProvider",
      "defaultValue": {
        "//": "specify endpoint for suggest search below",
        "endpoint": null,
        "uriParameters": {
          "smartSearchName": "<The name of the Smart Search as registered by the product team>"
        }
      }
    }

  },
  "metadata": {},
  "types": {
    "@decorators.getBudTransferReq": {
      "endpoint": "getBudTransferReq",
      "service": "ords",
      "path": "response"
    },
    "@decorators.getBudTransferRequest": {
      "endpoint": "getBudTransferReq",
      "service": "ords",
      "path": "response"
    },
    "@decorators.getPoHeader": {
      "endpoint": "getPoHeader",
      "service": "ords",
      "path": "response"
    },
    "@decorators.getPurchaseOrders2Response": {
      "endpoint": "getPurchaseOrders2",
      "service": "fscm_conn",
      "path": "response"
    },
    "action": {
      "id": "string",
      "label": "string",
      "display": "string",
      "icon": "string"
    },
    "contextSelectType": {
      "value": "string",
      "label": "string"
    },
    "filterChip": {
      "count": "number",
      "dependencies": "string[]",
      "filter": "string",
      "filterLabel": "string",
      "label": "string",
      "value": "any"
    },
    "getBudTransferReq": {
      "items": [
        {
          "attribute1": "any",
          "attribute2": "any",
          "balance_type_group": "any",
          "batch_id": "any",
          "batch_name": "number",
          "budget_entity_id": "any",
          "budget_name": "any",
          "budget_transfer_type": "any",
          "comments": "any",
          "created_by": "any",
          "creation_date": "any",
          "currency_code": "any",
          "currency_conversion_date": "any",
          "currency_conversion_rate": "any",
          "database": "any",
          "error_message": "any",
          "from_account": "any",
          "from_account_id": "any",
          "from_project": "any",
          "from_project_id": "any",
          "from_vendor_id": "any",
          "from_vendor_name": "any",
          "group_id": "any",
          "hdr_justification": "any",
          "hdr_status": "string",
          "interface_flag": "any",
          "justification": "any",
          "last_update_date": "any",
          "last_update_login": "any",
          "last_updated_by": "any",
          "ledger_id": "number",
          "ledger_name": "string",
          "line_id": "any",
          "line_number": "any",
          "object_version_num": "any",
          "organization": "any",
          "period_name": "string",
          "rownum": "number",
          "status": "any",
          "to_account": "any",
          "to_account_id": "any",
          "to_project": "any",
          "to_project_id": "any",
          "to_vendor_id": "any",
          "to_vendor_name": "any",
          "transfer_amount": "any"

        }
      ]
    },
    "getBudTransferRequest": {
      "count": "number",
      "hasMore": "boolean",
      "items": [
        {
          "attribute1": "any",
          "attribute2": "any",
          "balance_type_group": "any",
          "batch_id": "any",
          "batch_name": "string",
          "budget_entity_id": "any",
          "budget_name": "any",
          "budget_transfer_type": "any",
          "comments": "any",
          "created_by": "any",
          "creation_date": "any",
          "currency_code": "any",
          "currency_conversion_date": "any",
          "currency_conversion_rate": "any",
          "database": "any",
          "error_message": "any",
          "from_account": "any",
          "from_account_id": "any",
          "from_project": "any",
          "from_project_id": "any",
          "from_vendor_id": "any",
          "from_vendor_name": "any",
          "group_id": "any",
          "hdr_justification": "any",
          "hdr_status": "string",
          "interface_flag": "any",
          "justification": "any",
          "last_update_date": "any",
          "last_update_login": "any",
          "last_updated_by": "any",
          "ledger_id": "number",
          "ledger_name": "string",
          "line_id": "any",
          "line_number": "any",
          "object_version_num": "any",
          "organization": "any",
          "period_name": "string",
          "rownum": "number",
          "status": "any",
          "to_account": "any",
          "to_account_id": "any",
          "to_project": "any",
          "to_project_id": "any",
          "to_vendor_id": "any",
          "to_vendor_name": "any",
          "transfer_amount": "any"
        }
      ],
      "limit": "number",
      "links": [
        {
          "href": "string",
          "rel": "string"
        }
      ],
      "offset": "number"
    },
    "getPoHeader": {
      "items": [
        {
          "acknowledge_within_days": "any",
          "attribute_category": "any",
          "attribute1": "any",
          "attribute10": "any",
          "attribute2": "any",
          "attribute3": "any",
          "attribute4": "any",
          "attribute5": "any",
          "attribute6": "any",
          "attribute7": "any",
          "attribute8": "any",
          "attribute9": "any",
          "bill_to_bu": "any",
          "bill_to_location": "string",
          "buyer_id": "any",
          "buyer_name": "string",
          "change_order_description": "any",
          "change_order_num": "any",
          "change_type": "any",
          "communication_method": "string",
          "communication_value": "any",
          "created_by": "any",
          "creation_date": "string",
          "currency_code": "string",
          "document_type_code": "any",
          "fob": "any",
          "freight_terms": "any",
          "functional_currency": "any",
          "initiating_party": "any",
          "note_to_receiver": "any",
          "note_to_supplier": "any",
          "object_version": "any",
          "ordered_quantity": "number",
          "orders": "number",
          "payment_terms": "any",
          "po_comments": "any",
          "po_header_id": "number",
          "po_number": "string",
          "po_status": "string",
          "po_style": "any",
          "procurement_bu": "string",
          "rate": "any",
          "rate_date": "any",
          "rate_type": "any",
          "request_id": "number",
          "required_acknowledgment": "any",
          "requisitioning_bu": "string",
          "sequencenumber": "number",
          "ship_address1": "any",
          "ship_address2": "any",
          "ship_address3": "any",
          "ship_city": "any",
          "ship_country": "any",
          "ship_state": "any",
          "ship_to_location": "string",
          "ship_to_tax": "any",
          "ship_zip": "any",
          "shipmnet_method": "any",
          "shipping_contact": "any",
          "shipping_instruction": "any",
          "sold_to_legal_entity": "any",
          "supplier": "string",
          "supplier_contact": "any",
          "supplier_id": "any",
          "supplier_site": "string",
          "supplier_site_id": "any",
          "updated_by": "any",
          "updated_date": "string"

        }
      ]
    },
    "getPurchaseOrders2Response": {
      "items": [
        {
          "AcknowledgeWithinDays": "any",
          "AcknowledgmentDueDate": "any",
          "AdditionalContactEmail": "any",
          "BillToBU": "string",
          "BillToBUId": "number",
          "BillToLocation": "string",
          "BillToLocationId": "number",
          "Buyer": "string",
          "BuyerDisplayName": "string",
          "BuyerId": "number",
          "BuyerManagedTransportFlag": "boolean",
          "Carrier": "any",
          "CarrierId": "any",
          "ConfirmingOrderFlag": "boolean",
          "ConsignmentTermsFlag": "boolean",
          "ConversionRate": "any",
          "ConversionRateDate": "any",
          "ConversionRateType": "any",
          "CreatedBy": "string",
          "CreationDate": "string",
          "CreditAmount": "number",
          "Currency": "string",
          "CurrencyCode": "string",
          "DefaultTaxationCountry": "string",
          "DefaultTaxationCountryCode": "string",
          "Description": "string",
          "DiscountAmount": "number",
          "DocumentFiscalClassification": "any",
          "DocumentFiscalClassificationCode": "any",
          "DocumentFiscalClassificationId": "any",
          "DocumentStyle": "string",
          "DocumentStyleId": "number",
          "FirstPartyRegistrationId": "any",
          "FirstPartyRegistrationNumber": "any",
          "FOB": "any",
          "FOBCode": "any",
          "FreightTerms": "any",
          "FreightTermsCode": "any",
          "FrozenFlag": "any",
          "ImportSourceCode": "any",
          "LastUpdateDate": "string",
          "LastUpdatedBy": "string",
          "MasterContractId": "any",
          "MasterContractNumber": "any",
          "MasterContractType": "any",
          "MasterContractTypeId": "any",
          "ModeOfTransport": "any",
          "ModeOfTransportCode": "any",
          "Negotiation": "any",
          "NoteToReceiver": "any",
          "NoteToSupplier": "any",
          "OrderDate": "string",
          "Ordered": "number",
          "OrderedAmountBeforeAdjustments": "number",
          "OrderNumber": "string",
          "OverrideB2BCommunicationFlag": "boolean",
          "OverridingApprover": "any",
          "OverridingApproverDisplayName": "any",
          "OverridingApproverId": "any",
          "PaymentTerms": "string",
          "PaymentTermsId": "number",
          "PayOnReceiptFlag": "boolean",
          "POHeaderId": "number",
          "ProcurementBU": "string",
          "ProcurementBUId": "number",
          "ProgressPaymentFlag": "boolean",
          "PurchaseBasis": "string",
          "ReferenceNumber": "any",
          "RequesterDisplayName": "string",
          "RequesterId": "number",
          "RequiredAcknowledgment": "string",
          "RequiredAcknowledgmentCode": "string",
          "RequiresSignatureFlag": "boolean",
          "Requisition": "string",
          "RequisitioningBU": "string",
          "RequisitioningBUId": "number",
          "Revision": "number",
          "SalesOrder": "any",
          "ServiceLevel": "any",
          "ServiceLevelCode": "any",
          "ShippingMethod": "string",
          "ShipToLocationAddress": "string",
          "ShipToLocationCode": "string",
          "ShipToLocationId": "number",
          "SoldToLegalEntity": "string",
          "SoldToLegalEntityId": "number",
          "SourceAgreement": "any",
          "SpecialHandlingType": "any",
          "SpecialHandlingTypeCode": "any",
          "Status": "string",
          "StatusCode": "string",
          "Supplier": "string",
          "SupplierBccEmailAddress": "any",
          "SupplierCcEmailAddress": "any",
          "SupplierCommunicationMethod": "string",
          "SupplierCommunicationMethodCode": "string",
          "SupplierContact": "string",
          "SupplierContactDisplayName": "string",
          "SupplierContactId": "number",
          "SupplierEmailAddress": "string",
          "SupplierFax": "any",
          "SupplierId": "number",
          "SupplierOrder": "any",
          "SupplierSite": "string",
          "SupplierSiteId": "number",
          "ThirdPartyRegistrationId": "any",
          "ThirdPartyRegistrationNumber": "any",
          "Total": "number",
          "TotalTax": "number"
        }
      ]
    }
  },
  "eventListeners": {
    "buttonAction": {
      "chains": [
        {
          "chain": "searchActionChain"
        }
      ]
    },
    "buttonAction2": {
      "chains": [
        {
          "chain": "resetActionChain"
        }
      ]
    },
    "buttonAction3": {
      "chains": [
        {
          "chain": "FilterPopupActionChain"
        }
      ]
    },
    "buttonAction4": {
      "chains": [
        {
          "chain": "RefreshPoSearchPage"
        }
      ]
    },
    "collectionContainerSpAdd": {
      "chains": [
        {
          "chain": "navPoDetails"
        }
      ]
    },
    "collectionContainerSpExport": {
      "chains": [
        {
          "chain": "CollectionContainerSpExportChain"
        }
      ]
    },
    "doActionClick": {
      "chains": [
        {
          "chain": "flow:doRequestAction",
          "parameters": {
            "action": "DELETE",
            "headerId": "[[$current.row.batch_name]]"
          }
        }
      ]
    },
    "generalDrawerTemplateSpClose": {
      "chains": [
        {
          "chain": "GeneralDrawerTemplateSpCloseChain"
        }
      ]
    },
    "hyperlinkClick": {
      "chains": [
        {
          "chain": "navPoDetails",
          "parameters": {
            "headerId": "[[$current.row]]",
            "row": "[[ $current.row ]]"
          }
        }
      ]
    },
    "iconClick": {
      "chains": [
        {
          "chain": "flow:doRequestChain",
          "parameters": {
            "action": "DELETE",
            "headerId": "[[ $current.row.request_id ]]"
          }
        }
      ]
    },
    "inputTextValue": {
      "chains": [
        {
          "chain": "InputTextValueChangeChain",
          "parameters": {
            "value": "{{ $event.detail.value }}"
          }
        }
      ]
    },
    "ojSpGoToParent": {
      "chains": [
        {
          "chain": "goToParent",
          "parameters": {}
        }
      ]
    },
    "ojSpNavigateBack": {
      "chains": [
        {
          "chain": "navigateBack",
          "parameters": {}
        }
      ]
    },
    "ojSpSmartFiltersChangedAction": {
      "chains": [
        {
          "chain": "updateAllFilters",
          "parameters": {
            "value": "{{ $event.detail.value }}"
          }
        }
      ]
    },
    "vbEnter": {
      "chains": [
        {
          "parameters": {},
          "chain": "pageLoadChain"
        }
      ]
    },
    "ojSsp1SpPrimaryAction": {
      "chains": [
        {
          "chain": "navPoDetails"
        }
      ]
    }

  },
  "imports": {
    "components": {
      "oj-accordion": {
        "path": "ojs/ojaccordion"
      },
      "oj-button": {
        "path": "ojs/ojbutton"
      },
      "oj-collapsible": {
        "path": "ojs/ojcollapsible"
      },
      "oj-date-picker": {
        "path": "ojs/ojdatetimepicker"
      },
      "oj-drawer-popup": {
        "path": "ojs/ojdrawerpopup"
      },
      "oj-dynamic-table": {
        "path": "oj-dynamic/table/loader"
      },
      "oj-form-layout": {
        "path": "ojs/ojformlayout"
      },
      "oj-highlight-text": {
        "path": "ojs/ojhighlighttext"
      },
      "oj-input-date": {
        "path": "ojs/ojdatetimepicker"
      },
      "oj-input-date-time": {
        "path": "ojs/ojdatetimepicker"
      },
      "oj-input-text": {
        "path": "ojs/ojinputtext"
      },
      "oj-label-value": {
        "path": "ojs/ojlabelvalue"
      },
      "oj-list-view": {
        "path": "ojs/ojlistview"
      },
      "oj-sample-export-data": {
        "path": "oj-sample/export-data/loader"
      },
      "oj-select-single": {
        "path": "ojs/ojselectsingle"
      },
      "oj-sp-collection-container": {
        "path": "oj-sp/collection-container/loader"
      },
      "oj-sp-collection-toolbar": {
        "path": "oj-sp/collection-toolbar/loader"
      },
      "oj-sp-empty-state": {
        "path": "oj-sp/empty-state/loader"
      },
      "oj-sp-general-drawer-template": {
        "path": "oj-sp/general-drawer-template/loader"
      },
      "oj-sp-list-item-template": {
        "path": "oj-sp/list-item-template/loader"
      },
      "oj-sp-smart-search": {
        "path": "oj-sp/smart-search/loader"
      },
      "oj-sp-smart-search-page": {
        "path": "oj-sp/smart-search-page/loader"
      },
      "oj-table": {
        "path": "ojs/ojtable"
      },
      "oj-toolbar": {
        "path": "ojs/ojtoolbar"
      },
      "oj-validation-group": {
        "path": "ojs/ojvalidationgroup"
      }

    },
    "modules": {
      "ojValidationDateTime": {
        "path": "ojs/ojvalidation-datetime"
      }
    }
  },
  "events": {},
  "security": {
    "access": {
      "requiresAuthentication": false
    }
  }
}
