{
    "items": [
        {
            "Value": "Add Customer Verbiage/Comments",
            "EnabledFlag": "Y",
            "StartDateActive": null,
            "EndDateActive": null
        },
        {
            "Value": "Add Proof of Delivery",
            "EnabledFlag": "Y",
            "StartDateActive": null,
            "EndDateActive": null
        },
        {
            "Value": "Change Product Pricing Style",
            "EnabledFlag": "Y",
            "StartDateActive": null,
            "EndDateActive": null
        },
        {
            "Value": "Consolidation + Add POD",
            "EnabledFlag": "Y",
            "StartDateActive": null,
            "EndDateActive": null
        },
        {
            "Value": "Consolidation + Change Prod Pricing Style",
            "EnabledFlag": "Y",
            "StartDateActive": null,
            "EndDateActive": null
        },
        {
            "Value": "Consolidation + Match Customer PO",
            "EnabledFlag": "Y",
            "StartDateActive": null,
            "EndDateActive": null
        },
        {
            "Value": "Manual Consolidation Only",
            "EnabledFlag": "Y",
            "StartDateActive": null,
            "EndDateActive": null
        },
        {
            "Value": "Match PO Descriptions",
            "EnabledFlag": "Y",
            "StartDateActive": null,
            "EndDateActive": null
        },
        {
            "Value": "Other",
            "EnabledFlag": "Y",
            "StartDateActive": null,
            "EndDateActive": null
        },
        {
            "Value": "PO Match",
            "EnabledFlag": "Y",
            "StartDateActive": null,
            "EndDateActive": null
        },
        {
            "Value": "Portal Billing",
            "EnabledFlag": "Y",
            "StartDateActive": null,
            "EndDateActive": null
        },
        {
            "Value": "Special date",
            "EnabledFlag": "Y",
            "StartDateActive": null,
            "EndDateActive": null
        },
        {
            "Value": "Summary Invoicing",
            "EnabledFlag": "Y",
            "StartDateActive": null,
            "EndDateActive": null
        },
        {
            "Value": "Web Invoicing",
            "EnabledFlag": "Y",
            "StartDateActive": null,
            "EndDateActive": null
        },
        {
            "Value": "Yes",
            "EnabledFlag": "Y",
            "StartDateActive": null,
            "EndDateActive": null
        }
    ],
    "count": 15,
    "hasMore": false,
    "limit": 500,
    "offset": 0,
    "links": [
        {
            "rel": "self",
            "href": "https://iawmqy-dev2.fa.ocs.oraclecloud.com:443/fscmRestApi/resources/11.13.18.05/valueSets/DELL_SPL_HAN_DESC/child/values",
            "name": "values",
            "kind": "collection"
        }
    ]
}