{
    "items": [
        {
            "bu_name": "US_PL_USD_BU"
        }
    ],
    "hasMore": false,
    "limit": 25,
    "offset": 0,
    "count": 1,
    "links": [
        {
            "rel": "self",
            "href": "https://g1e975c32298168-dellextatpdev2.adb.us-phoenix-1.oraclecloudapps.com/ords/OTDTC_EXT/OTDTC_AR_EXT_002/getBuNameLOV"
        },
        {
            "rel": "describedby",
            "href": "https://g1e975c32298168-dellextatpdev2.adb.us-phoenix-1.oraclecloudapps.com/ords/OTDTC_EXT/metadata-catalog/OTDTC_AR_EXT_002/item"
        },
        {
            "rel": "first",
            "href": "https://g1e975c32298168-dellextatpdev2.adb.us-phoenix-1.oraclecloudapps.com/ords/OTDTC_EXT/OTDTC_AR_EXT_002/getBuNameLOV"
        }
    ]
}