{
    "items": [
        {
            "AgreementHeaderId": 752007,
            "AgreementNumber": "PA-US00000058602",
            "ProcurementBUId": 300000002301171,
            "ProcurementBU": "US_PROC_USD_BU",
            "BuyerId": 300000002736084,
            "Buyer": "Jangam, Akshay",
            "DocumentStyleId": 300000002724537,
            "DocumentStyle": "Dell-Blanket Purchase Order",
            "StatusCode": "OPEN",
            "Status": "Open",
            "SupplierId": 300000002823279,
            "Supplier": "COMPAL ELECTRONICS INC",
            "SupplierSiteId": 300000002452444,
            "SupplierSite": "12967PUR_US",
            "SupplierContactId": 300000002823433,
            "SupplierContact": "Klasen, Henry",
            "SupplierCommunicationMethodCode": "EMAIL",
            "SupplierEmailAddress": "ngajavalli@deloitte.com",
            "SupplierFax": null,
            "StartDate": null,
            "EndDate": null,
            "AgreementAmount": 18.938299999999998,
            "CurrencyCode": "USD",
            "Currency": "US Dollar",
            "AmountLimit": 18.938299999999998,
            "MinimumReleaseAmount": null,
            "ReleasedAmount": null,
            "Description": null,
            "DocumentTypeCode": "BLANKET",
            "MasterContractId": null,
            "MasterContractNumber": null,
            "MasterContractTypeId": null,
            "MasterContractType": null,
            "ConversionRateTypeCode": null,
            "ConversionRateDate": null,
            "ConversionRate": null,
            "RevisionNumber": 0,
            "SupplierAgreement": null,
            "ReferenceNumber": null,
            "ClosedDate": null,
            "RequiredAcknowledgmentCode": "N",
            "RequiredAcknowledgment": "None",
            "AcknowledgmentDueDate": null,
            "AcknowledgmentWithinDays": null,
            "PaymentTermsId": 10014,
            "PaymentTerms": "2/10 Net 30",
            "CarrierId": 300000006343380,
            "Carrier": "Fedex Air",
            "ModeOfTransportCode": "AIR",
            "ModeOfTransport": "AIR TRNSPRT",
            "ServiceLevelCode": "AIR",
            "ServiceLevel": "AIR TRNSPRT",
            "FreightTermsCode": "DIR_FT_11",
            "FreightTerms": "FOB",
            "FOBCode": "AI",
            "FOB": "AIR",
            "RequiresSignatureFlag": false,
            "BuyerManagedTransportFlag": false,
            "PayOnReceiptFlag": false,
            "ConfirmingOrderFlag": false,
            "ConsumptionAdviceFrequencyCode": null,
            "ConsumptionAdviceFrequency": null,
            "ConsumptionAdviceSummaryCode": null,
            "ConsumptionAdviceSummary": null,
            "AgingOnsetPointCode": "NONE",
            "AgingOnsetPoint": "None",
            "AgingPeriodDays": null,
            "NoteToReceiver": null,
            "NoteToSupplier": null,
            "AutomaticallyGenerateOrdersFlag": true,
            "AutomaticallySubmitForApprovalFlag": true,
            "GroupRequisitionsFlag": true,
            "UseCustomerSalesOrderFlag": null,
            "UseShipToLocationFlag": false,
            "GroupRequisitionLinesFlag": true,
            "UseRequestedDateFlag": null,
            "UseShipToOrganizationAndLocationFlag": null,
            "AllowUnassignedSitesFlag": false,
            "EnableRetroactivePricingFlag": true,
            "InitiateRetroactivePricingUponApprovalFlag": false,
            "RepriceOpenOrdersFlag": true,
            "CommunicateRepricedOrdersFlag": true,
            "PunchoutRequestsOnlyFlag": null,
            "UseOrderDateForOrderPricingFlag": false,
            "Priority": null,
            "Checklist": null,
            "CreationDate": "2025-04-22T06:53:18+00:00",
            "CreatedBy": "d3c8660f979e4204a6ef3496a93c031d",
            "LastUpdateDate": "2025-04-22T06:53:34.038+00:00",
            "LastUpdatedBy": "FUSION_APPS_PRC_SOA_APPID",
            "lines": {
                "items": [
                    {
                        "AgreementLineId": 751011,
                        "LineNumber": 1,
                        "AgreementHeaderId": 752007,
                        "AgreementNumber": "PA-US00000058602",
                        "ProcurementBUId": 300000002301171,
                        "ProcurementBU": "US_PROC_USD_BU",
                        "SupplierId": 300000002823279,
                        "Supplier": "COMPAL ELECTRONICS INC",
                        "SupplierSiteId": 300000002452444,
                        "SupplierSite": "12967PUR_US",
                        "LineTypeId": 1,
                        "LineType": "Goods",
                        "ItemId": 300000069301433,
                        "Item": "10000142",
                        "ItemRevision": null,
                        "Description": "10000142",
                        "SupplierItem": "SUP-PA-US00000000390",
                        "CategoryId": 300000002452338,
                        "CategoryCode": "Goods",
                        "Category": "Goods",
                        "StatusCode": "OPEN",
                        "Status": "Open",
                        "UOMCode": "Ea",
                        "UOM": "Each",
                        "Price": 1.89383,
                        "Amount": null,
                        "CurrencyCode": "USD",
                        "Currency": "US Dollar",
                        "ConsignmentLineFlag": false,
                        "NoteToSupplier": null,
                        "AllowItemDescriptionUpdateFlag": true,
                        "PriceLimit": null,
                        "AllowPriceOverrideFlag": true,
                        "NegotiatedFlag": true,
                        "LineStartDate": null,
                        "ExpirationDate": "2025-04-30",
                        "MinimumReleaseAmount": null,
                        "AgreementAmount": null,
                        "AgreementQuantity": 10,
                        "ReleasedAmount": null,
                        "PriceBreakTypeCode": "CUMULATIVE",
                        "SupplierItemAuxiliaryIdentifier": null,
                        "ParentItemId": null,
                        "SupplierParentItem": null,
                        "TopModelId": null,
                        "SupplierTopModel": null,
                        "UnNumberId": null,
                        "UnNumber": null,
                        "UNNumberDescription": null,
                        "HazardClassId": null,
                        "HazardClassCode": null,
                        "HazardClass": null,
                        "AgingPeriodDays": null,
                        "CreatedBy": "d3c8660f979e4204a6ef3496a93c031d",
                        "CreationDate": "2025-04-22T06:53:18+00:00",
                        "LastUpdatedBy": "FUSION_APPS_PRC_SOA_APPID",
                        "LastUpdateDate": "2025-04-22T06:53:34+00:00"
                    }
                ],
                "count": 1,
                "hasMore": false,
                "limit": 25,
                "offset": 0,
                "links": [
                    {
                        "rel": "self",
                        "href": "https://iawmqy-dev2.fa.ocs.oraclecloud.com:443/fscmRestApi/resources/11.13.18.05/purchaseAgreements/752007/child/lines",
                        "name": "lines",
                        "kind": "collection"
                    }
                ]
            }
        },
        {
            "AgreementHeaderId": 300000116557085,
            "AgreementNumber": "PA-US00000058620",
            "ProcurementBUId": 300000002301171,
            "ProcurementBU": "US_PROC_USD_BU",
            "BuyerId": 300000002736084,
            "Buyer": "Jangam, Akshay",
            "DocumentStyleId": 300000002724537,
            "DocumentStyle": "Dell-Blanket Purchase Order",
            "StatusCode": "OPEN",
            "Status": "Open",
            "SupplierId": 300000002823279,
            "Supplier": "COMPAL ELECTRONICS INC",
            "SupplierSiteId": 300000002452444,
            "SupplierSite": "12967PUR_US",
            "SupplierContactId": 300000058798836,
            "SupplierContact": "Klasen, Henry",
            "SupplierCommunicationMethodCode": "EMAIL",
            "SupplierEmailAddress": "pvelmineti@deloitte.com",
            "SupplierFax": null,
            "StartDate": null,
            "EndDate": null,
            "AgreementAmount": null,
            "CurrencyCode": "USD",
            "Currency": "US Dollar",
            "AmountLimit": null,
            "MinimumReleaseAmount": null,
            "ReleasedAmount": 5000,
            "Description": null,
            "DocumentTypeCode": "BLANKET",
            "MasterContractId": null,
            "MasterContractNumber": null,
            "MasterContractTypeId": null,
            "MasterContractType": null,
            "ConversionRateTypeCode": null,
            "ConversionRateDate": null,
            "ConversionRate": null,
            "RevisionNumber": 1,
            "SupplierAgreement": null,
            "ReferenceNumber": null,
            "ClosedDate": null,
            "RequiredAcknowledgmentCode": "N",
            "RequiredAcknowledgment": "None",
            "AcknowledgmentDueDate": null,
            "AcknowledgmentWithinDays": null,
            "PaymentTermsId": 10014,
            "PaymentTerms": "2/10 Net 30",
            "CarrierId": 300000006343380,
            "Carrier": "Fedex Air",
            "ModeOfTransportCode": "AIR",
            "ModeOfTransport": "AIR TRNSPRT",
            "ServiceLevelCode": "AIR",
            "ServiceLevel": "AIR TRNSPRT",
            "FreightTermsCode": "DIR_FT_11",
            "FreightTerms": "FOB",
            "FOBCode": "AI",
            "FOB": "AIR",
            "RequiresSignatureFlag": false,
            "BuyerManagedTransportFlag": false,
            "PayOnReceiptFlag": false,
            "ConfirmingOrderFlag": false,
            "ConsumptionAdviceFrequencyCode": null,
            "ConsumptionAdviceFrequency": null,
            "ConsumptionAdviceSummaryCode": null,
            "ConsumptionAdviceSummary": null,
            "AgingOnsetPointCode": null,
            "AgingOnsetPoint": null,
            "AgingPeriodDays": null,
            "NoteToReceiver": null,
            "NoteToSupplier": null,
            "AutomaticallyGenerateOrdersFlag": true,
            "AutomaticallySubmitForApprovalFlag": true,
            "GroupRequisitionsFlag": true,
            "UseCustomerSalesOrderFlag": null,
            "UseShipToLocationFlag": false,
            "GroupRequisitionLinesFlag": true,
            "UseRequestedDateFlag": null,
            "UseShipToOrganizationAndLocationFlag": null,
            "AllowUnassignedSitesFlag": false,
            "EnableRetroactivePricingFlag": true,
            "InitiateRetroactivePricingUponApprovalFlag": null,
            "RepriceOpenOrdersFlag": true,
            "CommunicateRepricedOrdersFlag": true,
            "PunchoutRequestsOnlyFlag": null,
            "UseOrderDateForOrderPricingFlag": false,
            "Priority": null,
            "Checklist": null,
            "CreationDate": "2025-04-22T09:41:52+00:00",
            "CreatedBy": "1405185",
            "LastUpdateDate": "2025-04-22T09:51:15.557+00:00",
            "LastUpdatedBy": "1405185",
            "lines": {
                "items": [
                    {
                        "AgreementLineId": 300000116557089,
                        "LineNumber": 1,
                        "AgreementHeaderId": 300000116557085,
                        "AgreementNumber": "PA-US00000058620",
                        "ProcurementBUId": 300000002301171,
                        "ProcurementBU": "US_PROC_USD_BU",
                        "SupplierId": 300000002823279,
                        "Supplier": "COMPAL ELECTRONICS INC",
                        "SupplierSiteId": 300000002452444,
                        "SupplierSite": "12967PUR_US",
                        "LineTypeId": 1,
                        "LineType": "Goods",
                        "ItemId": 300000069301433,
                        "Item": "10000142",
                        "ItemRevision": null,
                        "Description": "10000142",
                        "SupplierItem": null,
                        "CategoryId": 300000002452338,
                        "CategoryCode": "Goods",
                        "Category": "Goods",
                        "StatusCode": "CANCELED",
                        "Status": "Canceled",
                        "UOMCode": "Ea",
                        "UOM": "Each",
                        "Price": 100.89,
                        "Amount": null,
                        "CurrencyCode": "USD",
                        "Currency": "US Dollar",
                        "ConsignmentLineFlag": false,
                        "NoteToSupplier": null,
                        "AllowItemDescriptionUpdateFlag": true,
                        "PriceLimit": 100.89,
                        "AllowPriceOverrideFlag": true,
                        "NegotiatedFlag": true,
                        "LineStartDate": null,
                        "ExpirationDate": null,
                        "MinimumReleaseAmount": null,
                        "AgreementAmount": null,
                        "AgreementQuantity": null,
                        "ReleasedAmount": null,
                        "PriceBreakTypeCode": "CUMULATIVE",
                        "SupplierItemAuxiliaryIdentifier": null,
                        "ParentItemId": null,
                        "SupplierParentItem": null,
                        "TopModelId": null,
                        "SupplierTopModel": null,
                        "UnNumberId": null,
                        "UnNumber": null,
                        "UNNumberDescription": null,
                        "HazardClassId": null,
                        "HazardClassCode": null,
                        "HazardClass": null,
                        "AgingPeriodDays": null,
                        "CreatedBy": "1405185",
                        "CreationDate": "2025-04-22T09:44:43+00:00",
                        "LastUpdatedBy": "1405185",
                        "LastUpdateDate": "2025-04-22T09:51:15.427+00:00"
                    },
                    {
                        "AgreementLineId": 300000116557105,
                        "LineNumber": 2,
                        "AgreementHeaderId": 300000116557085,
                        "AgreementNumber": "PA-US00000058620",
                        "ProcurementBUId": 300000002301171,
                        "ProcurementBU": "US_PROC_USD_BU",
                        "SupplierId": 300000002823279,
                        "Supplier": "COMPAL ELECTRONICS INC",
                        "SupplierSiteId": 300000002452444,
                        "SupplierSite": "12967PUR_US",
                        "LineTypeId": 1,
                        "LineType": "Goods",
                        "ItemId": 300000054620271,
                        "Item": "10000182",
                        "ItemRevision": null,
                        "Description": "Peripherals - Docking Station",
                        "SupplierItem": null,
                        "CategoryId": 300000002452338,
                        "CategoryCode": "Goods",
                        "Category": "Goods",
                        "StatusCode": "OPEN",
                        "Status": "Open",
                        "UOMCode": "EA",
                        "UOM": "EA",
                        "Price": 500,
                        "Amount": null,
                        "CurrencyCode": "USD",
                        "Currency": "US Dollar",
                        "ConsignmentLineFlag": false,
                        "NoteToSupplier": null,
                        "AllowItemDescriptionUpdateFlag": true,
                        "PriceLimit": null,
                        "AllowPriceOverrideFlag": false,
                        "NegotiatedFlag": true,
                        "LineStartDate": null,
                        "ExpirationDate": null,
                        "MinimumReleaseAmount": null,
                        "AgreementAmount": null,
                        "AgreementQuantity": null,
                        "ReleasedAmount": 5000,
                        "PriceBreakTypeCode": "CUMULATIVE",
                        "SupplierItemAuxiliaryIdentifier": null,
                        "ParentItemId": null,
                        "SupplierParentItem": null,
                        "TopModelId": null,
                        "SupplierTopModel": null,
                        "UnNumberId": null,
                        "UnNumber": null,
                        "UNNumberDescription": null,
                        "HazardClassId": null,
                        "HazardClassCode": null,
                        "HazardClass": null,
                        "AgingPeriodDays": null,
                        "CreatedBy": "1405185",
                        "CreationDate": "2025-04-22T09:51:16+00:00",
                        "LastUpdatedBy": "1405185",
                        "LastUpdateDate": "2025-04-22T09:51:16+00:00"
                    }
                ],
                "count": 2,
                "hasMore": false,
                "limit": 25,
                "offset": 0,
                "links": [
                    {
                        "rel": "self",
                        "href": "https://iawmqy-dev2.fa.ocs.oraclecloud.com:443/fscmRestApi/resources/11.13.18.05/purchaseAgreements/300000116557085/child/lines",
                        "name": "lines",
                        "kind": "collection"
                    }
                ]
            }
        },
        {
            "AgreementHeaderId": 749015,
            "AgreementNumber": "PA-US00000058582",
            "ProcurementBUId": 300000002301171,
            "ProcurementBU": "US_PROC_USD_BU",
            "BuyerId": 300000002736084,
            "Buyer": "Jangam, Akshay",
            "DocumentStyleId": 300000002724537,
            "DocumentStyle": "Dell-Blanket Purchase Order",
            "StatusCode": "CANCELED",
            "Status": "Canceled",
            "SupplierId": 300000002823279,
            "Supplier": "COMPAL ELECTRONICS INC",
            "SupplierSiteId": 300000002452444,
            "SupplierSite": "12967PUR_US",
            "SupplierContactId": 300000002823433,
            "SupplierContact": "Klasen, Henry",
            "SupplierCommunicationMethodCode": "EMAIL",
            "SupplierEmailAddress": "ngajavalli@deloitte.com",
            "SupplierFax": null,
            "StartDate": null,
            "EndDate": null,
            "AgreementAmount": 1000,
            "CurrencyCode": "USD",
            "Currency": "US Dollar",
            "AmountLimit": 1000,
            "MinimumReleaseAmount": null,
            "ReleasedAmount": null,
            "Description": null,
            "DocumentTypeCode": "BLANKET",
            "MasterContractId": null,
            "MasterContractNumber": null,
            "MasterContractTypeId": null,
            "MasterContractType": null,
            "ConversionRateTypeCode": null,
            "ConversionRateDate": null,
            "ConversionRate": null,
            "RevisionNumber": 2,
            "SupplierAgreement": null,
            "ReferenceNumber": null,
            "ClosedDate": "2025-04-22",
            "RequiredAcknowledgmentCode": "N",
            "RequiredAcknowledgment": "None",
            "AcknowledgmentDueDate": null,
            "AcknowledgmentWithinDays": null,
            "PaymentTermsId": 10014,
            "PaymentTerms": "2/10 Net 30",
            "CarrierId": 300000006343380,
            "Carrier": "Fedex Air",
            "ModeOfTransportCode": "AIR",
            "ModeOfTransport": "AIR TRNSPRT",
            "ServiceLevelCode": "AIR",
            "ServiceLevel": "AIR TRNSPRT",
            "FreightTermsCode": "DIR_FT_11",
            "FreightTerms": "FOB",
            "FOBCode": "AI",
            "FOB": "AIR",
            "RequiresSignatureFlag": false,
            "BuyerManagedTransportFlag": false,
            "PayOnReceiptFlag": false,
            "ConfirmingOrderFlag": false,
            "ConsumptionAdviceFrequencyCode": null,
            "ConsumptionAdviceFrequency": null,
            "ConsumptionAdviceSummaryCode": null,
            "ConsumptionAdviceSummary": null,
            "AgingOnsetPointCode": "NONE",
            "AgingOnsetPoint": "None",
            "AgingPeriodDays": null,
            "NoteToReceiver": null,
            "NoteToSupplier": null,
            "AutomaticallyGenerateOrdersFlag": true,
            "AutomaticallySubmitForApprovalFlag": true,
            "GroupRequisitionsFlag": true,
            "UseCustomerSalesOrderFlag": null,
            "UseShipToLocationFlag": false,
            "GroupRequisitionLinesFlag": true,
            "UseRequestedDateFlag": null,
            "UseShipToOrganizationAndLocationFlag": null,
            "AllowUnassignedSitesFlag": false,
            "EnableRetroactivePricingFlag": true,
            "InitiateRetroactivePricingUponApprovalFlag": false,
            "RepriceOpenOrdersFlag": true,
            "CommunicateRepricedOrdersFlag": true,
            "PunchoutRequestsOnlyFlag": null,
            "UseOrderDateForOrderPricingFlag": false,
            "Priority": null,
            "Checklist": null,
            "CreationDate": "2025-04-21T08:07:17+00:00",
            "CreatedBy": "d3c8660f979e4204a6ef3496a93c031d",
            "LastUpdateDate": "2025-04-22T07:50:39.116+00:00",
            "LastUpdatedBy": "DELL_STP_EXTENSION_USER_SVC",
            "lines": {
                "items": [
                    {
                        "AgreementLineId": 749004,
                        "LineNumber": 1,
                        "AgreementHeaderId": 749015,
                        "AgreementNumber": "PA-US00000058582",
                        "ProcurementBUId": 300000002301171,
                        "ProcurementBU": "US_PROC_USD_BU",
                        "SupplierId": 300000002823279,
                        "Supplier": "COMPAL ELECTRONICS INC",
                        "SupplierSiteId": 300000002452444,
                        "SupplierSite": "12967PUR_US",
                        "LineTypeId": 1,
                        "LineType": "Goods",
                        "ItemId": 300000069301433,
                        "Item": "10000142",
                        "ItemRevision": null,
                        "Description": "10000142",
                        "SupplierItem": null,
                        "CategoryId": 300000002452338,
                        "CategoryCode": "Goods",
                        "Category": "Goods",
                        "StatusCode": "CANCELED",
                        "Status": "Canceled",
                        "UOMCode": "Ea",
                        "UOM": "Each",
                        "Price": 100,
                        "Amount": null,
                        "CurrencyCode": "USD",
                        "Currency": "US Dollar",
                        "ConsignmentLineFlag": false,
                        "NoteToSupplier": null,
                        "AllowItemDescriptionUpdateFlag": true,
                        "PriceLimit": null,
                        "AllowPriceOverrideFlag": true,
                        "NegotiatedFlag": true,
                        "LineStartDate": null,
                        "ExpirationDate": null,
                        "MinimumReleaseAmount": null,
                        "AgreementAmount": null,
                        "AgreementQuantity": 10,
                        "ReleasedAmount": null,
                        "PriceBreakTypeCode": "CUMULATIVE",
                        "SupplierItemAuxiliaryIdentifier": null,
                        "ParentItemId": null,
                        "SupplierParentItem": null,
                        "TopModelId": null,
                        "SupplierTopModel": null,
                        "UnNumberId": null,
                        "UnNumber": null,
                        "UNNumberDescription": null,
                        "HazardClassId": null,
                        "HazardClassCode": null,
                        "HazardClass": null,
                        "AgingPeriodDays": null,
                        "CreatedBy": "d3c8660f979e4204a6ef3496a93c031d",
                        "CreationDate": "2025-04-21T08:07:18+00:00",
                        "LastUpdatedBy": "DELL_STP_EXTENSION_USER_SVC",
                        "LastUpdateDate": "2025-04-22T07:50:39.031+00:00"
                    }
                ],
                "count": 1,
                "hasMore": false,
                "limit": 25,
                "offset": 0,
                "links": [
                    {
                        "rel": "self",
                        "href": "https://iawmqy-dev2.fa.ocs.oraclecloud.com:443/fscmRestApi/resources/11.13.18.05/purchaseAgreements/749015/child/lines",
                        "name": "lines",
                        "kind": "collection"
                    }
                ]
            }
        },
        {
            "AgreementHeaderId": 773007,
            "AgreementNumber": "PA-US00000058693",
            "ProcurementBUId": 300000002301171,
            "ProcurementBU": "US_PROC_USD_BU",
            "BuyerId": 300000002736084,
            "Buyer": "Jangam, Akshay",
            "DocumentStyleId": 300000002724537,
            "DocumentStyle": "Dell-Blanket Purchase Order",
            "StatusCode": "OPEN",
            "Status": "Open",
            "SupplierId": 300000002823279,
            "Supplier": "COMPAL ELECTRONICS INC",
            "SupplierSiteId": 300000002452444,
            "SupplierSite": "12967PUR_US",
            "SupplierContactId": 300000002823433,
            "SupplierContact": "Klasen, Henry",
            "SupplierCommunicationMethodCode": "NONE",
            "SupplierEmailAddress": null,
            "SupplierFax": null,
            "StartDate": null,
            "EndDate": null,
            "AgreementAmount": 100010,
            "CurrencyCode": "USD",
            "Currency": "US Dollar",
            "AmountLimit": 100010,
            "MinimumReleaseAmount": null,
            "ReleasedAmount": 27500,
            "Description": null,
            "DocumentTypeCode": "BLANKET",
            "MasterContractId": null,
            "MasterContractNumber": null,
            "MasterContractTypeId": null,
            "MasterContractType": null,
            "ConversionRateTypeCode": null,
            "ConversionRateDate": null,
            "ConversionRate": null,
            "RevisionNumber": 0,
            "SupplierAgreement": null,
            "ReferenceNumber": null,
            "ClosedDate": null,
            "RequiredAcknowledgmentCode": "N",
            "RequiredAcknowledgment": "None",
            "AcknowledgmentDueDate": null,
            "AcknowledgmentWithinDays": null,
            "PaymentTermsId": 10014,
            "PaymentTerms": "2/10 Net 30",
            "CarrierId": 300000006343380,
            "Carrier": "Fedex Air",
            "ModeOfTransportCode": "AIR",
            "ModeOfTransport": "AIR TRNSPRT",
            "ServiceLevelCode": "AIR",
            "ServiceLevel": "AIR TRNSPRT",
            "FreightTermsCode": "DIR_FT_11",
            "FreightTerms": "FOB",
            "FOBCode": "AI",
            "FOB": "AIR",
            "RequiresSignatureFlag": false,
            "BuyerManagedTransportFlag": false,
            "PayOnReceiptFlag": false,
            "ConfirmingOrderFlag": false,
            "ConsumptionAdviceFrequencyCode": null,
            "ConsumptionAdviceFrequency": null,
            "ConsumptionAdviceSummaryCode": null,
            "ConsumptionAdviceSummary": null,
            "AgingOnsetPointCode": "NONE",
            "AgingOnsetPoint": "None",
            "AgingPeriodDays": null,
            "NoteToReceiver": null,
            "NoteToSupplier": null,
            "AutomaticallyGenerateOrdersFlag": true,
            "AutomaticallySubmitForApprovalFlag": true,
            "GroupRequisitionsFlag": true,
            "UseCustomerSalesOrderFlag": null,
            "UseShipToLocationFlag": false,
            "GroupRequisitionLinesFlag": true,
            "UseRequestedDateFlag": null,
            "UseShipToOrganizationAndLocationFlag": null,
            "AllowUnassignedSitesFlag": false,
            "EnableRetroactivePricingFlag": true,
            "InitiateRetroactivePricingUponApprovalFlag": false,
            "RepriceOpenOrdersFlag": true,
            "CommunicateRepricedOrdersFlag": true,
            "PunchoutRequestsOnlyFlag": null,
            "UseOrderDateForOrderPricingFlag": false,
            "Priority": null,
            "Checklist": null,
            "CreationDate": "2025-04-28T15:04:00+00:00",
            "CreatedBy": "d3c8660f979e4204a6ef3496a93c031d",
            "LastUpdateDate": "2025-04-28T15:04:28.275+00:00",
            "LastUpdatedBy": "FUSION_APPS_PRC_SOA_APPID",
            "lines": {
                "items": [
                    {
                        "AgreementLineId": 771024,
                        "LineNumber": 1,
                        "AgreementHeaderId": 773007,
                        "AgreementNumber": "PA-US00000058693",
                        "ProcurementBUId": 300000002301171,
                        "ProcurementBU": "US_PROC_USD_BU",
                        "SupplierId": 300000002823279,
                        "Supplier": "COMPAL ELECTRONICS INC",
                        "SupplierSiteId": 300000002452444,
                        "SupplierSite": "12967PUR_US",
                        "LineTypeId": 1,
                        "LineType": "Goods",
                        "ItemId": 300000069301433,
                        "Item": "10000142",
                        "ItemRevision": null,
                        "Description": "10000142",
                        "SupplierItem": null,
                        "CategoryId": 300000002452338,
                        "CategoryCode": "Goods",
                        "Category": "Goods",
                        "StatusCode": "OPEN",
                        "Status": "Open",
                        "UOMCode": "Ea",
                        "UOM": "Each",
                        "Price": 100,
                        "Amount": null,
                        "CurrencyCode": "USD",
                        "Currency": "US Dollar",
                        "ConsignmentLineFlag": false,
                        "NoteToSupplier": null,
                        "AllowItemDescriptionUpdateFlag": true,
                        "PriceLimit": null,
                        "AllowPriceOverrideFlag": true,
                        "NegotiatedFlag": true,
                        "LineStartDate": null,
                        "ExpirationDate": null,
                        "MinimumReleaseAmount": null,
                        "AgreementAmount": null,
                        "AgreementQuantity": 0.1,
                        "ReleasedAmount": 27500,
                        "PriceBreakTypeCode": "CUMULATIVE",
                        "SupplierItemAuxiliaryIdentifier": null,
                        "ParentItemId": null,
                        "SupplierParentItem": null,
                        "TopModelId": null,
                        "SupplierTopModel": null,
                        "UnNumberId": null,
                        "UnNumber": null,
                        "UNNumberDescription": null,
                        "HazardClassId": null,
                        "HazardClassCode": null,
                        "HazardClass": null,
                        "AgingPeriodDays": null,
                        "CreatedBy": "d3c8660f979e4204a6ef3496a93c031d",
                        "CreationDate": "2025-04-28T15:04:00+00:00",
                        "LastUpdatedBy": "FUSION_APPS_PRC_SOA_APPID",
                        "LastUpdateDate": "2025-04-28T15:04:28+00:00"
                    },
                    {
                        "AgreementLineId": 771025,
                        "LineNumber": 2,
                        "AgreementHeaderId": 773007,
                        "AgreementNumber": "PA-US00000058693",
                        "ProcurementBUId": 300000002301171,
                        "ProcurementBU": "US_PROC_USD_BU",
                        "SupplierId": 300000002823279,
                        "Supplier": "COMPAL ELECTRONICS INC",
                        "SupplierSiteId": 300000002452444,
                        "SupplierSite": "12967PUR_US",
                        "LineTypeId": 1,
                        "LineType": "Goods",
                        "ItemId": 300000069301715,
                        "Item": "10000146",
                        "ItemRevision": null,
                        "Description": "10000146",
                        "SupplierItem": null,
                        "CategoryId": 300000002452338,
                        "CategoryCode": "Goods",
                        "Category": "Goods",
                        "StatusCode": "OPEN",
                        "Status": "Open",
                        "UOMCode": "Ea",
                        "UOM": "Each",
                        "Price": 100000,
                        "Amount": null,
                        "CurrencyCode": "USD",
                        "Currency": "US Dollar",
                        "ConsignmentLineFlag": false,
                        "NoteToSupplier": null,
                        "AllowItemDescriptionUpdateFlag": true,
                        "PriceLimit": null,
                        "AllowPriceOverrideFlag": true,
                        "NegotiatedFlag": true,
                        "LineStartDate": null,
                        "ExpirationDate": null,
                        "MinimumReleaseAmount": null,
                        "AgreementAmount": null,
                        "AgreementQuantity": null,
                        "ReleasedAmount": null,
                        "PriceBreakTypeCode": "CUMULATIVE",
                        "SupplierItemAuxiliaryIdentifier": null,
                        "ParentItemId": null,
                        "SupplierParentItem": null,
                        "TopModelId": null,
                        "SupplierTopModel": null,
                        "UnNumberId": null,
                        "UnNumber": null,
                        "UNNumberDescription": null,
                        "HazardClassId": null,
                        "HazardClassCode": null,
                        "HazardClass": null,
                        "AgingPeriodDays": null,
                        "CreatedBy": "d3c8660f979e4204a6ef3496a93c031d",
                        "CreationDate": "2025-04-28T15:04:00+00:00",
                        "LastUpdatedBy": "FUSION_APPS_PRC_SOA_APPID",
                        "LastUpdateDate": "2025-04-28T15:04:28+00:00"
                    }
                ],
                "count": 2,
                "hasMore": false,
                "limit": 25,
                "offset": 0,
                "links": [
                    {
                        "rel": "self",
                        "href": "https://iawmqy-dev2.fa.ocs.oraclecloud.com:443/fscmRestApi/resources/11.13.18.05/purchaseAgreements/773007/child/lines",
                        "name": "lines",
                        "kind": "collection"
                    }
                ]
            }
        }
    ],
    "count": 4,
    "hasMore": false,
    "limit": 25,
    "offset": 0,
    "links": [
        {
            "rel": "self",
            "href": "https://iawmqy-dev2.fa.ocs.oraclecloud.com:443/fscmRestApi/resources/11.13.18.05/purchaseAgreements",
            "name": "purchaseAgreements",
            "kind": "collection"
        }
    ]
}