{
    "items": [
        {
            "LocationName": "TRANSLOAD 3PL",
            "LocationCode": "TRANSLOAD 3PL",
            "Description": null,
            "LocationId": 300000002748324,
            "SetName": "Common Set",
            "Address": "771 Watson Center Rd,,  90745"
        },
        {
            "LocationName": "TSS",
            "LocationCode": "TSS",
            "Description": null,
            "LocationId": 300000002453870,
            "SetName": "Common Set",
            "Address": "110 E Old Settlers Blvd,  78664"
        },
        {
            "LocationName": "BRAZIL WTM BFC AT 3PL",
            "LocationCode": "BRAZIL WTM BFC AT 3PL",
            "Description": null,
            "LocationId": 300000002757141,
            "SetName": "Common Set",
            "Address": "Av Emancipação 5000 Parte B,  13184-654"
        },
        {
            "LocationName": "Sydney FC BX2",
            "LocationCode": "Sydney FC BX2",
            "Description": null,
            "LocationId": 300000002757243,
            "SetName": "Common Set",
            "Address": "SCHENKER AUSTRALIA PTY LTD,  2015"
        },
        {
            "LocationName": "SCC C2 CUST KIT",
            "LocationCode": "SCC C2 CUST KIT",
            "Description": null,
            "LocationId": 300000002757447,
            "SetName": "Common Set",
            "Address": "No. 2388, Jinshang Road,  361001"
        },
        {
            "LocationName": "CRH CHINA XIAMEN AIO HUB",
            "LocationCode": "CRH CHINA XIAMEN AIO HUB",
            "Description": null,
            "LocationId": 300000002757753,
            "SetName": "Common Set",
            "Address": "DELL (CHINA) CO.LTD EAST OF BUILDING B, 3RD FLOOR,  361026"
        },
        {
            "LocationName": "BRAZIL FACTORY SYNCREON SLC",
            "LocationCode": "BRAZIL FACTORY SYNCREON SLC",
            "Description": null,
            "LocationId": 300000002761059,
            "SetName": "Common Set",
            "Address": "Av Emancipação 5000 Parte A,  13184-654"
        },
        {
            "LocationName": "BN2 BNG-BANGALORE FULFILLMENT",
            "LocationCode": "BN2 BNG-BANGALORE FULFILLMENT",
            "Description": null,
            "LocationId": 300000002761161,
            "SetName": "Common Set",
            "Address": "Dell International Services India Pvt Ltd;, # 120/3 Bommanahalli Village,  560049"
        },
        {
            "LocationName": "K1S KUNSHAN 2T TO CHINA",
            "LocationCode": "K1S KUNSHAN 2T TO CHINA",
            "Description": null,
            "LocationId": 300000002761875,
            "SetName": "Common Set",
            "Address": "No.5 Tao Yuan, Kunshan Free Trade Zone,  215300"
        },
        {
            "LocationName": "CANADA READY STOCK",
            "LocationCode": "CANADA READY STOCK",
            "Description": null,
            "LocationId": 300000002764181,
            "SetName": "Common Set",
            "Address": "15 Bramalea Rd,  L6T 0J4"
        },
        {
            "LocationName": "JAPAN KLS FGA INVENTORY",
            "LocationCode": "JAPAN KLS FGA INVENTORY",
            "Description": null,
            "LocationId": 300000002764301,
            "SetName": "Common Set",
            "Address": "10-1, Haneda Asahi cho, Ota-ku,  100-0000"
        },
        {
            "LocationName": "BRAZIL DEMO BRH AT FACTORY",
            "LocationCode": "BRAZIL DEMO BRH AT FACTORY",
            "Description": null,
            "LocationId": 300000002764510,
            "SetName": "Common Set",
            "Address": "Av Emancipação 5000 Parte A,  13184-654"
        },
        {
            "LocationName": "BRAZIL ISG BRW AT 3PL",
            "LocationCode": "BRAZIL ISG BRW AT 3PL",
            "Description": null,
            "LocationId": 300000002764612,
            "SetName": "Common Set",
            "Address": "Avenida Tambore, n. 1.180, modulo B-06, mezanino, sala 06, Condominio Multiplo,  06460-000"
        },
        {
            "LocationName": "C2H CC2 FACTORY SLC (DOI)",
            "LocationCode": "C2H CC2 FACTORY SLC (DOI)",
            "Description": null,
            "LocationId": 300000002764714,
            "SetName": "Common Set",
            "Address": "DELL (CHINA) CO, LTD, No. 2388, Jinshang Road,  361011"
        },
        {
            "LocationName": "NASHVILLE OPTIONS",
            "LocationCode": "NASHVILLE OPTIONS",
            "Description": null,
            "LocationId": 300000002764816,
            "SetName": "Common Set",
            "Address": "DOI D and CP Dell, BW3 Receiving Lead, 12014 Volunteer Blvd, Dock, Doors, S5 - S6,  37122"
        },
        {
            "LocationName": "NASHVILLE SECOND TOUCH",
            "LocationCode": "NASHVILLE SECOND TOUCH",
            "Description": null,
            "LocationId": 300000002764918,
            "SetName": "Common Set",
            "Address": "1000 Hixson Blvd,  37090"
        },
        {
            "LocationName": "JAPAN ARB",
            "LocationCode": "JAPAN ARB",
            "Description": null,
            "LocationId": 300000002765020,
            "SetName": "Common Set",
            "Address": "10-11,Haneda Asahi cho, Ota-ku, ,  100-0000"
        },
        {
            "LocationName": "20N CHINA ARB",
            "LocationCode": "20N CHINA ARB",
            "Description": null,
            "LocationId": 300000002757651,
            "SetName": "Common Set",
            "Address": "Jinshang road No.2388,  361011"
        },
        {
            "LocationName": "YI2 YIN-YIN 3PL",
            "LocationCode": "YI2 YIN-YIN 3PL",
            "Description": null,
            "LocationId": 300000002761569,
            "SetName": "Common Set",
            "Address": "Dell International Services India Pvt Ltd, M-4 Sipcot Industrial Park, Sunguvarchatram Post,,  602106"
        },
        {
            "LocationName": "IF2 CHENNAI ICC BTS",
            "LocationCode": "IF2 CHENNAI ICC BTS",
            "Description": null,
            "LocationId": 300000002761773,
            "SetName": "Common Set",
            "Address": "Dell International Services India Pvt Ltd;, C/o YCH Logistics India Private Limited, Plot No D-VI DTA UNIT;,  602105"
        },
        {
            "LocationName": "NASHVILLE STRAT HUB",
            "LocationCode": "NASHVILLE STRAT HUB",
            "Description": null,
            "LocationId": 300000002761977,
            "SetName": "Common Set",
            "Address": "DELL STRATEGIC HUB, CEVA LOGISTICS, 12008 VOLUNTEER BLVD,  37211"
        },
        {
            "LocationName": "BRAZIL DEMO BFC AT 3PL",
            "LocationCode": "BRAZIL DEMO BFC AT 3PL",
            "Description": null,
            "LocationId": 300000002765140,
            "SetName": "Common Set",
            "Address": "Av Emancipação 5000 Parte B,  13184-654"
        },
        {
            "LocationName": "BRAZIL DEMO BFC AT FACTORY",
            "LocationCode": "BRAZIL DEMO BFC AT FACTORY",
            "Description": null,
            "LocationId": 300000002765242,
            "SetName": "Common Set",
            "Address": "Av Emancipação 5000 Parte B,  13184-654"
        },
        {
            "LocationName": "BRAZIL TRY AND BUY BRH AT FACTORY",
            "LocationCode": "BRAZIL TRY AND BUY BRH AT FACTORY",
            "Description": null,
            "LocationId": 300000002765344,
            "SetName": "Common Set",
            "Address": "Av Emancipação 5000 Parte A,  13184-654"
        },
        {
            "LocationName": "CC4 FACTORY SLC (DOI)",
            "LocationCode": "CC4 FACTORY SLC (DOI)",
            "Description": null,
            "LocationId": 300000002779561,
            "SetName": "Common Set",
            "Address": "DELL (XIAMEN) C0, LTD No. 2366, Jinshang Road,  361011"
        }
    ],
    "count": 25,
    "hasMore": true,
    "limit": 25,
    "offset": 0,
    "links": [
        {
            "rel": "self",
            "href": "https://iawmqy-dev2.fa.ocs.oraclecloud.com:443/fscmRestApi/resources/11.13.18.05/b2bShipToLocationsLOV",
            "name": "b2bShipToLocationsLOV",
            "kind": "collection"
        }
    ]
}