{
    "items": [
        {
            "p_period_year": 2024,
            "control_budget_id": 300000024164790,
            "name": "ADAC BUDGET 2024",
            "segment_value1": null,
            "segment_value2": null,
            "segment_value3": null,
            "segment_value4": null,
            "segment_value5": null,
            "segment_value6": null,
            "segment_value7": null,
            "segment_value8": null,
            "period_year": 2024,
            "period_name": "Apr-24",
            "period_num": 4,
            "code_combination_id": "12.00000.0000000.6130002.10300.000000.0000.0000",
            "funds_available_amount": 999999999,
            "report_load_date": "2024-11-09T04:04:04.851Z"
        },
        {
            "p_period_year": 2024,
            "control_budget_id": 300000024164790,
            "name": "ADAC BUDGET 2024",
            "segment_value1": null,
            "segment_value2": null,
            "segment_value3": null,
            "segment_value4": null,
            "segment_value5": null,
            "segment_value6": null,
            "segment_value7": null,
            "segment_value8": null,
            "period_year": 2024,
            "period_name": "Aug-24",
            "period_num": 8,
            "code_combination_id": "12.00000.0000000.6130002.10300.000000.0000.0000",
            "funds_available_amount": 999999999,
            "report_load_date": "2024-11-09T04:04:04.851Z"
        },
        {
            "p_period_year": 2024,
            "control_budget_id": 300000024164790,
            "name": "ADAC BUDGET 2024",
            "segment_value1": null,
            "segment_value2": null,
            "segment_value3": null,
            "segment_value4": null,
            "segment_value5": null,
            "segment_value6": null,
            "segment_value7": null,
            "segment_value8": null,
            "period_year": 2024,
            "period_name": "Jul-24",
            "period_num": 7,
            "code_combination_id": "12.00000.0000000.6130002.10300.000000.0000.0000",
            "funds_available_amount": 999999999,
            "report_load_date": "2024-11-09T04:04:04.851Z"
        },
        {
            "p_period_year": 2024,
            "control_budget_id": 300000024164790,
            "name": "ADAC BUDGET 2024",
            "segment_value1": null,
            "segment_value2": null,
            "segment_value3": null,
            "segment_value4": null,
            "segment_value5": null,
            "segment_value6": null,
            "segment_value7": null,
            "segment_value8": null,
            "period_year": 2024,
            "period_name": "Jan-24",
            "period_num": 1,
            "code_combination_id": "12.00000.0000000.6130002.10300.000000.0000.0000",
            "funds_available_amount": 999999999,
            "report_load_date": "2024-11-09T04:04:04.851Z"
        },
        {
            "p_period_year": 2024,
            "control_budget_id": 300000024164790,
            "name": "ADAC BUDGET 2024",
            "segment_value1": null,
            "segment_value2": null,
            "segment_value3": null,
            "segment_value4": null,
            "segment_value5": null,
            "segment_value6": null,
            "segment_value7": null,
            "segment_value8": null,
            "period_year": 2024,
            "period_name": "Feb-24",
            "period_num": 2,
            "code_combination_id": "12.00000.0000000.6130002.10300.000000.0000.0000",
            "funds_available_amount": 999999999,
            "report_load_date": "2024-11-09T04:04:04.851Z"
        },
        {
            "p_period_year": 2024,
            "control_budget_id": 300000024164790,
            "name": "ADAC BUDGET 2024",
            "segment_value1": null,
            "segment_value2": null,
            "segment_value3": null,
            "segment_value4": null,
            "segment_value5": null,
            "segment_value6": null,
            "segment_value7": null,
            "segment_value8": null,
            "period_year": 2024,
            "period_name": "Nov-24",
            "period_num": 11,
            "code_combination_id": "12.00000.0000000.6130002.10300.000000.0000.0000",
            "funds_available_amount": 999999999,
            "report_load_date": "2024-11-09T04:04:04.851Z"
        },
        {
            "p_period_year": 2024,
            "control_budget_id": 300000024164790,
            "name": "ADAC BUDGET 2024",
            "segment_value1": null,
            "segment_value2": null,
            "segment_value3": null,
            "segment_value4": null,
            "segment_value5": null,
            "segment_value6": null,
            "segment_value7": null,
            "segment_value8": null,
            "period_year": 2024,
            "period_name": "May-24",
            "period_num": 5,
            "code_combination_id": "12.00000.0000000.6130002.10300.000000.0000.0000",
            "funds_available_amount": 999999999,
            "report_load_date": "2024-11-09T04:04:04.851Z"
        },
        {
            "p_period_year": 2024,
            "control_budget_id": 300000024164790,
            "name": "ADAC BUDGET 2024",
            "segment_value1": null,
            "segment_value2": null,
            "segment_value3": null,
            "segment_value4": null,
            "segment_value5": null,
            "segment_value6": null,
            "segment_value7": null,
            "segment_value8": null,
            "period_year": 2024,
            "period_name": "Dec-24",
            "period_num": 12,
            "code_combination_id": "12.00000.0000000.6130002.10300.000000.0000.0000",
            "funds_available_amount": 999999999,
            "report_load_date": "2024-11-09T04:04:04.851Z"
        },
        {
            "p_period_year": 2024,
            "control_budget_id": 300000024164790,
            "name": "ADAC BUDGET 2024",
            "segment_value1": null,
            "segment_value2": null,
            "segment_value3": null,
            "segment_value4": null,
            "segment_value5": null,
            "segment_value6": null,
            "segment_value7": null,
            "segment_value8": null,
            "period_year": 2024,
            "period_name": "Mar-24",
            "period_num": 3,
            "code_combination_id": "12.00000.0000000.6130002.10300.000000.0000.0000",
            "funds_available_amount": 999988888,
            "report_load_date": "2024-11-09T04:04:04.851Z"
        },
        {
            "p_period_year": 2024,
            "control_budget_id": 300000024164790,
            "name": "ADAC BUDGET 2024",
            "segment_value1": null,
            "segment_value2": null,
            "segment_value3": null,
            "segment_value4": null,
            "segment_value5": null,
            "segment_value6": null,
            "segment_value7": null,
            "segment_value8": null,
            "period_year": 2024,
            "period_name": "Jun-24",
            "period_num": 6,
            "code_combination_id": "12.00000.0000000.6130002.10300.000000.0000.0000",
            "funds_available_amount": 999999999,
            "report_load_date": "2024-11-09T04:04:04.851Z"
        },
        {
            "p_period_year": 2024,
            "control_budget_id": 300000024164790,
            "name": "ADAC BUDGET 2024",
            "segment_value1": null,
            "segment_value2": null,
            "segment_value3": null,
            "segment_value4": null,
            "segment_value5": null,
            "segment_value6": null,
            "segment_value7": null,
            "segment_value8": null,
            "period_year": 2024,
            "period_name": "Sep-24",
            "period_num": 9,
            "code_combination_id": "12.00000.0000000.6130002.10300.000000.0000.0000",
            "funds_available_amount": 999999999,
            "report_load_date": "2024-11-09T04:04:04.851Z"
        },
        {
            "p_period_year": 2024,
            "control_budget_id": 300000024164790,
            "name": "ADAC BUDGET 2024",
            "segment_value1": null,
            "segment_value2": null,
            "segment_value3": null,
            "segment_value4": null,
            "segment_value5": null,
            "segment_value6": null,
            "segment_value7": null,
            "segment_value8": null,
            "period_year": 2024,
            "period_name": "Oct-24",
            "period_num": 10,
            "code_combination_id": "12.00000.0000000.6130002.10300.000000.0000.0000",
            "funds_available_amount": 999999999,
            "report_load_date": "2024-11-09T04:04:04.851Z"
        }
    ],
    "hasMore": false,
    "limit": 25,
    "offset": 0,
    "count": 12,
    "links": [
        {
            "rel": "self",
            "href": "https://atpdb-dev.adairports.ae/ords/frcJjVXi/fin/bud-available?b_accounts=12.00000.0000000.6130002.10300.000000.0000.0000"
        },
        {
            "rel": "describedby",
            "href": "https://atpdb-dev.adairports.ae/ords/frcJjVXi/metadata-catalog/fin/item"
        },
        {
            "rel": "first",
            "href": "https://atpdb-dev.adairports.ae/ords/frcJjVXi/fin/bud-available?b_accounts=12.00000.0000000.6130002.10300.000000.0000.0000"
        }
    ]
}