{
    "items": [
        {
            "source_table": "SUBSCRIPTIONS",
            "bu_name": "US_PL_USD_BU",
            "line_number": 0,
            "order_status": "READY TO INVOICE",
            "order_number": "1200000245",
            "unit_selling_price": 100,
            "quantity": 1,
            "line_amount": 100,
            "tax_amount": null,
            "total_amount": 100,
            "fx_rate": "1",
            "bill_to_customer_name": "FOUNTAIN PLAZA PHARMACY, LLC",
            "bill_to_customer_number": "4001",
            "vat_id": "36123456787",
            "line_id": 100000466397487,
            "description": "Support",
            "product_type": "SERVICES",
            "unit_of_measure": "Each",
            "invoice_number": null,
            "consolidation_method": "PO",
            "e_invoicing_flag": null,
            "custom_invoicing_flag": null,
            "date_filter_param": "2025-04-21T05:34:41Z",
            "tax_classification_code": null,
            "item_number": "10000488",
            "trx_business_category": null,
            "remit_number": null,
            "igst": null,
            "bu_id": 300000002301157,
            "transaction_type": "Invoice",
            "transaction_source": "DOO Subscription",
            "bill_to_customer_site": "9002",
            "ship_to_customer_number": "4001",
            "ship_to_customer_site": "9002",
            "payment_term": "IMMEDIATE",
            "invoice_currency_code": "USD",
            "creation_date": "2025-04-22T08:53:40Z",
            "sales_or_subsc_no": "71032",
            "qbli_flag_d": "YES",
            "special_date_flag_d": "YES",
            "additional_details_flag_d": "Additional Comments",
            "special_instructions_flag_d": "YES",
            "interface_line_attribute1": "71032",
            "interface_line_attribute2": "1",
            "interface_line_attribute3": "100000466397487",
            "interface_line_attribute4": "983464",
            "interface_line_attribute5": 300000115294273,
            "interface_line_attribute6": 300000115294059,
            "interface_line_attribute7": "QP_SALE_PRICE",
            "interface_line_attribute8": "5",
            "interface_line_attribute9": null,
            "interface_line_attribute10": null,
            "interface_line_attribute11": null,
            "interface_line_attribute12": null,
            "interface_line_attribute13": null,
            "interface_line_attribute14": null
        },
        {
            "source_table": "SUBSCRIPTIONS",
            "bu_name": "US_PL_USD_BU",
            "line_number": 0,
            "order_status": "READY TO INVOICE",
            "order_number": "1200000257",
            "unit_selling_price": 100,
            "quantity": 1,
            "line_amount": 100,
            "tax_amount": null,
            "total_amount": 100,
            "fx_rate": "1",
            "bill_to_customer_name": "FOUNTAIN PLAZA PHARMACY, LLC",
            "bill_to_customer_number": "4001",
            "vat_id": "36123456787",
            "line_id": 100000467137295,
            "description": "Support",
            "product_type": "SERVICES",
            "unit_of_measure": "Each",
            "invoice_number": null,
            "consolidation_method": "PO",
            "e_invoicing_flag": null,
            "custom_invoicing_flag": null,
            "date_filter_param": "2025-04-21T11:36:47Z",
            "tax_classification_code": null,
            "item_number": "10000488",
            "trx_business_category": null,
            "remit_number": null,
            "igst": null,
            "bu_id": 300000002301157,
            "transaction_type": "Invoice",
            "transaction_source": "DOO Subscription",
            "bill_to_customer_site": "9002",
            "ship_to_customer_number": "4001",
            "ship_to_customer_site": "9002",
            "payment_term": "IMMEDIATE",
            "invoice_currency_code": "USD",
            "creation_date": "2025-04-22T08:53:39Z",
            "sales_or_subsc_no": "71037",
            "qbli_flag_d": "YES",
            "special_date_flag_d": "YES",
            "additional_details_flag_d": "Additional Comments",
            "special_instructions_flag_d": "YES",
            "interface_line_attribute1": "71037",
            "interface_line_attribute2": "1",
            "interface_line_attribute3": "100000467137295",
            "interface_line_attribute4": "983467",
            "interface_line_attribute5": 300000115758845,
            "interface_line_attribute6": 300000115758823,
            "interface_line_attribute7": "QP_SALE_PRICE",
            "interface_line_attribute8": "5",
            "interface_line_attribute9": null,
            "interface_line_attribute10": null,
            "interface_line_attribute11": null,
            "interface_line_attribute12": null,
            "interface_line_attribute13": null,
            "interface_line_attribute14": null
        },
        {
            "source_table": "SALES",
            "bu_name": "US_PL_USD_BU",
            "line_number": 2,
            "order_status": "PROCESSED",
            "order_number": "1200000595",
            "unit_selling_price": 3108,
            "quantity": 1,
            "line_amount": 3108,
            "tax_amount": 400.53,
            "total_amount": 3508.53,
            "fx_rate": "1",
            "bill_to_customer_name": "FOUNTAIN PLAZA PHARMACY, LLC",
            "bill_to_customer_number": "4001",
            "vat_id": "DE129430206",
            "line_id": 300000121872300,
            "description": "Dell 14 5440",
            "product_type": "GOODS",
            "unit_of_measure": "Each",
            "invoice_number": "20250426120657_3",
            "consolidation_method": "PO",
            "e_invoicing_flag": null,
            "custom_invoicing_flag": null,
            "date_filter_param": "2025-04-26T11:33:14Z",
            "tax_classification_code": null,
            "item_number": "JXWXCY",
            "trx_business_category": "SALES_TRANSACTION",
            "remit_number": null,
            "igst": null,
            "bu_id": 300000002301157,
            "transaction_type": "Invoice",
            "transaction_source": "DOO Orders",
            "bill_to_customer_site": "9002",
            "ship_to_customer_number": "3006",
            "ship_to_customer_site": "2492337",
            "payment_term": "IMMEDIATE",
            "invoice_currency_code": "USD",
            "creation_date": "2025-04-26T09:47:37Z",
            "sales_or_subsc_no": "1200000595",
            "qbli_flag_d": "NO",
            "special_date_flag_d": "NO",
            "additional_details_flag_d": null,
            "special_instructions_flag_d": "NO",
            "interface_line_attribute1": "1200000595",
            "interface_line_attribute2": "OPS",
            "interface_line_attribute3": "1200000595",
            "interface_line_attribute4": "Standard Order POD",
            "interface_line_attribute5": 300000121872300,
            "interface_line_attribute6": 300000121872300,
            "interface_line_attribute7": "491001",
            "interface_line_attribute8": "0",
            "interface_line_attribute9": "0",
            "interface_line_attribute10": "JXWXCY",
            "interface_line_attribute11": "1",
            "interface_line_attribute12": "0",
            "interface_line_attribute13": 300000002301157,
            "interface_line_attribute14": 1
        },
        {
            "source_table": "SALES",
            "bu_name": "US_PL_USD_BU",
            "line_number": 96,
            "order_status": "PROCESSED",
            "order_number": "1200000596",
            "unit_selling_price": 100,
            "quantity": 1,
            "line_amount": 100,
            "tax_amount": 9.75,
            "total_amount": 109.75,
            "fx_rate": "1",
            "bill_to_customer_name": "FOUNTAIN PLAZA PHARMACY, LLC",
            "bill_to_customer_number": "4001",
            "vat_id": "DE129430206",
            "line_id": 300000122542867,
            "description": "Series_4,Screen_Size_Code_14,Processor_Generation_8th Generation,Processor_Make_Intel",
            "product_type": "GOODS",
            "unit_of_measure": "EA",
            "invoice_number": "20250426120657_2",
            "consolidation_method": "PO",
            "e_invoicing_flag": null,
            "custom_invoicing_flag": null,
            "date_filter_param": "2025-04-26T11:06:30Z",
            "tax_classification_code": null,
            "item_number": "10000080",
            "trx_business_category": "SALES_TRANSACTION",
            "remit_number": null,
            "igst": null,
            "bu_id": 300000002301157,
            "transaction_type": "Invoice",
            "transaction_source": "DOO Orders",
            "bill_to_customer_site": "9002",
            "ship_to_customer_number": "3006",
            "ship_to_customer_site": "2492337",
            "payment_term": "IMMEDIATE",
            "invoice_currency_code": "USD",
            "creation_date": "2025-04-26T10:22:19Z",
            "sales_or_subsc_no": "1200000596",
            "qbli_flag_d": "NO",
            "special_date_flag_d": "NO",
            "additional_details_flag_d": null,
            "special_instructions_flag_d": "NO",
            "interface_line_attribute1": "1200000596",
            "interface_line_attribute2": "OPS",
            "interface_line_attribute3": "1200000596",
            "interface_line_attribute4": "Standard Order POD",
            "interface_line_attribute5": 300000122542867,
            "interface_line_attribute6": 300000122542867,
            "interface_line_attribute7": "491002",
            "interface_line_attribute8": "0",
            "interface_line_attribute9": "0",
            "interface_line_attribute10": "10000080",
            "interface_line_attribute11": "1",
            "interface_line_attribute12": "0",
            "interface_line_attribute13": 300000002301157,
            "interface_line_attribute14": 1
        },
        {
            "source_table": "SALES",
            "bu_name": "US_PL_USD_BU",
            "line_number": 1,
            "order_status": "PROCESSED",
            "order_number": "1200000598",
            "unit_selling_price": 3108,
            "quantity": 1,
            "line_amount": 3108,
            "tax_amount": 400.53,
            "total_amount": 3508.53,
            "fx_rate": "1",
            "bill_to_customer_name": "FOUNTAIN PLAZA PHARMACY, LLC",
            "bill_to_customer_number": "4001",
            "vat_id": "DE129430206",
            "line_id": 300000122543574,
            "description": "Dell 14 5440",
            "product_type": "GOODS",
            "unit_of_measure": "Each",
            "invoice_number": "20250426134739_2",
            "consolidation_method": "PO",
            "e_invoicing_flag": null,
            "custom_invoicing_flag": null,
            "date_filter_param": "2025-04-26T13:28:40Z",
            "tax_classification_code": null,
            "item_number": "JXWXCY",
            "trx_business_category": "SALES_TRANSACTION",
            "remit_number": null,
            "igst": null,
            "bu_id": 300000002301157,
            "transaction_type": "Invoice",
            "transaction_source": "DOO Orders",
            "bill_to_customer_site": "9002",
            "ship_to_customer_number": "3006",
            "ship_to_customer_site": "2492337",
            "payment_term": "IMMEDIATE",
            "invoice_currency_code": "USD",
            "creation_date": "2025-04-26T13:17:04Z",
            "sales_or_subsc_no": "1200000598",
            "qbli_flag_d": "NO",
            "special_date_flag_d": "NO",
            "additional_details_flag_d": null,
            "special_instructions_flag_d": "NO",
            "interface_line_attribute1": "1200000598",
            "interface_line_attribute2": "OPS",
            "interface_line_attribute3": "1200000598",
            "interface_line_attribute4": "Standard Order POD",
            "interface_line_attribute5": 300000122543574,
            "interface_line_attribute6": 300000122543574,
            "interface_line_attribute7": "491006",
            "interface_line_attribute8": "0",
            "interface_line_attribute9": "0",
            "interface_line_attribute10": "JXWXCY",
            "interface_line_attribute11": "1",
            "interface_line_attribute12": "0",
            "interface_line_attribute13": 300000002301157,
            "interface_line_attribute14": 1
        },
        {
            "source_table": "SALES",
            "bu_name": "US_PL_USD_BU",
            "line_number": 2,
            "order_status": "PROCESSED",
            "order_number": "1200000598",
            "unit_selling_price": 3108,
            "quantity": 1,
            "line_amount": 3108,
            "tax_amount": 400.53,
            "total_amount": 3508.53,
            "fx_rate": "1",
            "bill_to_customer_name": "FOUNTAIN PLAZA PHARMACY, LLC",
            "bill_to_customer_number": "4001",
            "vat_id": "DE129430206",
            "line_id": 300000122543576,
            "description": "Dell 14 5440",
            "product_type": "GOODS",
            "unit_of_measure": "Each",
            "invoice_number": "20250426134739_2",
            "consolidation_method": "PO",
            "e_invoicing_flag": null,
            "custom_invoicing_flag": null,
            "date_filter_param": "2025-04-26T13:28:41Z",
            "tax_classification_code": null,
            "item_number": "JXWXCY",
            "trx_business_category": "SALES_TRANSACTION",
            "remit_number": null,
            "igst": null,
            "bu_id": 300000002301157,
            "transaction_type": "Invoice",
            "transaction_source": "DOO Orders",
            "bill_to_customer_site": "9002",
            "ship_to_customer_number": "3006",
            "ship_to_customer_site": "2492337",
            "payment_term": "IMMEDIATE",
            "invoice_currency_code": "USD",
            "creation_date": "2025-04-26T13:17:04Z",
            "sales_or_subsc_no": "1200000598",
            "qbli_flag_d": "NO",
            "special_date_flag_d": "NO",
            "additional_details_flag_d": null,
            "special_instructions_flag_d": "NO",
            "interface_line_attribute1": "1200000598",
            "interface_line_attribute2": "OPS",
            "interface_line_attribute3": "1200000598",
            "interface_line_attribute4": "Standard Order POD",
            "interface_line_attribute5": 300000122543576,
            "interface_line_attribute6": 300000122543576,
            "interface_line_attribute7": "491006",
            "interface_line_attribute8": "0",
            "interface_line_attribute9": "0",
            "interface_line_attribute10": "JXWXCY",
            "interface_line_attribute11": "1",
            "interface_line_attribute12": "0",
            "interface_line_attribute13": 300000002301157,
            "interface_line_attribute14": 1
        },
        {
            "source_table": "SALES",
            "bu_name": "US_PL_USD_BU",
            "line_number": 2,
            "order_status": "ERROR",
            "order_number": "1200000608",
            "unit_selling_price": 3108,
            "quantity": 1,
            "line_amount": 3108,
            "tax_amount": 400.53,
            "total_amount": 3508.53,
            "fx_rate": "1",
            "bill_to_customer_name": "FOUNTAIN PLAZA PHARMACY, LLC",
            "bill_to_customer_number": "4001",
            "vat_id": "DE129430206",
            "line_id": 300000122568467,
            "description": "Dell 14 5440",
            "product_type": "GOODS",
            "unit_of_measure": "Each",
            "invoice_number": "20250430080139_3",
            "consolidation_method": "PO",
            "e_invoicing_flag": null,
            "custom_invoicing_flag": null,
            "date_filter_param": "2025-04-28T05:54:38Z",
            "tax_classification_code": null,
            "item_number": "JXWXCY",
            "trx_business_category": "SALES_TRANSACTION",
            "remit_number": null,
            "igst": null,
            "bu_id": 300000002301157,
            "transaction_type": null,
            "transaction_source": "DOO Orders",
            "bill_to_customer_site": "9002",
            "ship_to_customer_number": "3006",
            "ship_to_customer_site": "2492337",
            "payment_term": "IMMEDIATE",
            "invoice_currency_code": "USD",
            "creation_date": "2025-04-28T05:48:43Z",
            "sales_or_subsc_no": "1200000608",
            "qbli_flag_d": "NO",
            "special_date_flag_d": "NO",
            "additional_details_flag_d": null,
            "special_instructions_flag_d": "NO",
            "interface_line_attribute1": "1200000608",
            "interface_line_attribute2": "OPS",
            "interface_line_attribute3": "1200000608",
            "interface_line_attribute4": "Standard Order POD",
            "interface_line_attribute5": 300000122568467,
            "interface_line_attribute6": 300000122568467,
            "interface_line_attribute7": "492009",
            "interface_line_attribute8": "0",
            "interface_line_attribute9": "0",
            "interface_line_attribute10": "JXWXCY",
            "interface_line_attribute11": "1",
            "interface_line_attribute12": "0",
            "interface_line_attribute13": 300000002301157,
            "interface_line_attribute14": 1
        },
        {
            "source_table": "SALES",
            "bu_name": "US_PL_USD_BU",
            "line_number": 1,
            "order_status": "REVALIDATE",
            "order_number": "1200000689",
            "unit_selling_price": 100,
            "quantity": 1,
            "line_amount": 100,
            "tax_amount": 0,
            "total_amount": 100,
            "fx_rate": "1",
            "bill_to_customer_name": "FOUNTAIN PLAZA PHARMACY, LLC",
            "bill_to_customer_number": "4001",
            "vat_id": "DE129430206",
            "line_id": 300000124036190,
            "description": "Series_4,Screen_Size_Code_14,Processor_Generation_8th Generation,Processor_Make_Intel",
            "product_type": "GOODS",
            "unit_of_measure": "EA",
            "invoice_number": "20250430080139_2",
            "consolidation_method": "PO",
            "e_invoicing_flag": null,
            "custom_invoicing_flag": null,
            "date_filter_param": null,
            "tax_classification_code": null,
            "item_number": "10000080",
            "trx_business_category": "SALES_TRANSACTION",
            "remit_number": null,
            "igst": null,
            "bu_id": 300000002301157,
            "transaction_type": "Invoice",
            "transaction_source": "DOO Orders",
            "bill_to_customer_site": "9002",
            "ship_to_customer_number": "4001",
            "ship_to_customer_site": "9002",
            "payment_term": "IMMEDIATE",
            "invoice_currency_code": "USD",
            "creation_date": "2025-04-29T12:22:48Z",
            "sales_or_subsc_no": "1200000689",
            "qbli_flag_d": "NO",
            "special_date_flag_d": "NO",
            "additional_details_flag_d": null,
            "special_instructions_flag_d": "NO",
            "interface_line_attribute1": "1200000689",
            "interface_line_attribute2": "OPS",
            "interface_line_attribute3": "1200000689",
            "interface_line_attribute4": "CTO ODM Orders",
            "interface_line_attribute5": 300000124036190,
            "interface_line_attribute6": 300000124036190,
            "interface_line_attribute7": "497004",
            "interface_line_attribute8": "0",
            "interface_line_attribute9": "0",
            "interface_line_attribute10": "10000080",
            "interface_line_attribute11": "1",
            "interface_line_attribute12": "0",
            "interface_line_attribute13": 300000002301157,
            "interface_line_attribute14": 1
        },
        {
            "source_table": "SALES",
            "bu_name": "US_PL_USD_BU",
            "line_number": 2,
            "order_status": "REVALIDATE",
            "order_number": "1200000689",
            "unit_selling_price": 100,
            "quantity": 1,
            "line_amount": 100,
            "tax_amount": 0,
            "total_amount": 100,
            "fx_rate": "1",
            "bill_to_customer_name": "FOUNTAIN PLAZA PHARMACY, LLC",
            "bill_to_customer_number": "4001",
            "vat_id": "DE129430206",
            "line_id": 300000124036192,
            "description": "Series_4,Screen_Size_Code_14,Processor_Generation_8th Generation,Processor_Make_Intel",
            "product_type": "GOODS",
            "unit_of_measure": "EA",
            "invoice_number": "20250430080139_2",
            "consolidation_method": "PO",
            "e_invoicing_flag": null,
            "custom_invoicing_flag": null,
            "date_filter_param": null,
            "tax_classification_code": null,
            "item_number": "10000080",
            "trx_business_category": "SALES_TRANSACTION",
            "remit_number": null,
            "igst": null,
            "bu_id": 300000002301157,
            "transaction_type": "Invoice",
            "transaction_source": "DOO Orders",
            "bill_to_customer_site": "9002",
            "ship_to_customer_number": "4001",
            "ship_to_customer_site": "9002",
            "payment_term": "IMMEDIATE",
            "invoice_currency_code": "USD",
            "creation_date": "2025-04-29T12:22:47Z",
            "sales_or_subsc_no": "1200000689",
            "qbli_flag_d": "NO",
            "special_date_flag_d": "NO",
            "additional_details_flag_d": null,
            "special_instructions_flag_d": "NO",
            "interface_line_attribute1": "1200000689",
            "interface_line_attribute2": "OPS",
            "interface_line_attribute3": "1200000689",
            "interface_line_attribute4": "CTO ODM Orders",
            "interface_line_attribute5": 300000124036192,
            "interface_line_attribute6": 300000124036192,
            "interface_line_attribute7": "497004",
            "interface_line_attribute8": "0",
            "interface_line_attribute9": "0",
            "interface_line_attribute10": "10000080",
            "interface_line_attribute11": "1",
            "interface_line_attribute12": "0",
            "interface_line_attribute13": 300000002301157,
            "interface_line_attribute14": 1
        },
        {
            "source_table": "SALES",
            "bu_name": "US_PL_USD_BU",
            "line_number": 2,
            "order_status": "READY TO INVOICE",
            "order_number": "1200000708",
            "unit_selling_price": 3108,
            "quantity": 1,
            "line_amount": 3108,
            "tax_amount": 400.53,
            "total_amount": 3508.53,
            "fx_rate": "1",
            "bill_to_customer_name": "FOUNTAIN PLAZA PHARMACY, LLC",
            "bill_to_customer_number": "4001",
            "vat_id": "DE129430206",
            "line_id": 300000124470326,
            "description": "Dell 14 5440",
            "product_type": "GOODS",
            "unit_of_measure": "Each",
            "invoice_number": null,
            "consolidation_method": "PO",
            "e_invoicing_flag": null,
            "custom_invoicing_flag": null,
            "date_filter_param": "2025-04-29T14:19:38Z",
            "tax_classification_code": null,
            "item_number": "JXWXCY",
            "trx_business_category": "SALES_TRANSACTION",
            "remit_number": null,
            "igst": null,
            "bu_id": 300000002301157,
            "transaction_type": null,
            "transaction_source": "DOO Orders",
            "bill_to_customer_site": "9002",
            "ship_to_customer_number": "3006",
            "ship_to_customer_site": "2492337",
            "payment_term": "30 Net",
            "invoice_currency_code": "USD",
            "creation_date": "2025-04-29T13:29:13Z",
            "sales_or_subsc_no": "1200000708",
            "qbli_flag_d": "NO",
            "special_date_flag_d": "NO",
            "additional_details_flag_d": null,
            "special_instructions_flag_d": "NO",
            "interface_line_attribute1": "1200000708",
            "interface_line_attribute2": "OPS",
            "interface_line_attribute3": "1200000708",
            "interface_line_attribute4": "Standard Order POD",
            "interface_line_attribute5": 300000124470326,
            "interface_line_attribute6": 300000124470326,
            "interface_line_attribute7": "497006",
            "interface_line_attribute8": "0",
            "interface_line_attribute9": "0",
            "interface_line_attribute10": "JXWXCY",
            "interface_line_attribute11": "1",
            "interface_line_attribute12": "0",
            "interface_line_attribute13": 300000002301157,
            "interface_line_attribute14": 1
        },
        {
            "source_table": "SALES",
            "bu_name": "US_PL_USD_BU",
            "line_number": 1,
            "order_status": "ERROR",
            "order_number": "1200000710",
            "unit_selling_price": 3108,
            "quantity": 1,
            "line_amount": 3108,
            "tax_amount": 400.53,
            "total_amount": 3508.53,
            "fx_rate": "1",
            "bill_to_customer_name": "FOUNTAIN PLAZA PHARMACY, LLC",
            "bill_to_customer_number": "4001",
            "vat_id": "DE129430206",
            "line_id": 300000124567470,
            "description": "Dell 14 5440",
            "product_type": "GOODS",
            "unit_of_measure": "Each",
            "invoice_number": "20250430080139_4",
            "consolidation_method": "PO",
            "e_invoicing_flag": null,
            "custom_invoicing_flag": null,
            "date_filter_param": "2025-04-29T14:41:53Z",
            "tax_classification_code": null,
            "item_number": "JXWXCY",
            "trx_business_category": "SALES_TRANSACTION",
            "remit_number": null,
            "igst": null,
            "bu_id": 300000002301157,
            "transaction_type": null,
            "transaction_source": "DOO Orders",
            "bill_to_customer_site": "9002",
            "ship_to_customer_number": "3006",
            "ship_to_customer_site": "2492337",
            "payment_term": "IMMEDIATE",
            "invoice_currency_code": "USD",
            "creation_date": "2025-04-29T14:26:20Z",
            "sales_or_subsc_no": "1200000710",
            "qbli_flag_d": "NO",
            "special_date_flag_d": "NO",
            "additional_details_flag_d": null,
            "special_instructions_flag_d": "NO",
            "interface_line_attribute1": "1200000710",
            "interface_line_attribute2": "OPS",
            "interface_line_attribute3": "1200000710",
            "interface_line_attribute4": "Standard Order POD",
            "interface_line_attribute5": 300000124567470,
            "interface_line_attribute6": 300000124567470,
            "interface_line_attribute7": "497007",
            "interface_line_attribute8": "0",
            "interface_line_attribute9": "0",
            "interface_line_attribute10": "JXWXCY",
            "interface_line_attribute11": "1",
            "interface_line_attribute12": "0",
            "interface_line_attribute13": 300000002301157,
            "interface_line_attribute14": 1
        },
        {
            "source_table": "SALES",
            "bu_name": "US_PL_USD_BU",
            "line_number": 2,
            "order_status": "ERROR",
            "order_number": "1200000710",
            "unit_selling_price": 3108,
            "quantity": 1,
            "line_amount": 3108,
            "tax_amount": 400.53,
            "total_amount": 3508.53,
            "fx_rate": "1",
            "bill_to_customer_name": "FOUNTAIN PLAZA PHARMACY, LLC",
            "bill_to_customer_number": "4001",
            "vat_id": "DE129430206",
            "line_id": 300000124567472,
            "description": "Dell 14 5440",
            "product_type": "GOODS",
            "unit_of_measure": "Each",
            "invoice_number": "20250430080139_4",
            "consolidation_method": "PO",
            "e_invoicing_flag": null,
            "custom_invoicing_flag": null,
            "date_filter_param": "2025-04-29T14:41:49Z",
            "tax_classification_code": null,
            "item_number": "JXWXCY",
            "trx_business_category": "SALES_TRANSACTION",
            "remit_number": null,
            "igst": null,
            "bu_id": 300000002301157,
            "transaction_type": null,
            "transaction_source": "DOO Orders",
            "bill_to_customer_site": "9002",
            "ship_to_customer_number": "3006",
            "ship_to_customer_site": "2492337",
            "payment_term": "IMMEDIATE",
            "invoice_currency_code": "USD",
            "creation_date": "2025-04-29T14:26:20Z",
            "sales_or_subsc_no": "1200000710",
            "qbli_flag_d": "NO",
            "special_date_flag_d": "NO",
            "additional_details_flag_d": null,
            "special_instructions_flag_d": "NO",
            "interface_line_attribute1": "1200000710",
            "interface_line_attribute2": "OPS",
            "interface_line_attribute3": "1200000710",
            "interface_line_attribute4": "Standard Order POD",
            "interface_line_attribute5": 300000124567472,
            "interface_line_attribute6": 300000124567472,
            "interface_line_attribute7": "497007",
            "interface_line_attribute8": "0",
            "interface_line_attribute9": "0",
            "interface_line_attribute10": "JXWXCY",
            "interface_line_attribute11": "1",
            "interface_line_attribute12": "0",
            "interface_line_attribute13": 300000002301157,
            "interface_line_attribute14": 1
        },
        {
            "source_table": "SUBSCRIPTIONS",
            "bu_name": "US_PL_USD_BU",
            "line_number": 0,
            "order_status": null,
            "order_number": "16008",
            "unit_selling_price": 0,
            "quantity": 1,
            "line_amount": 0,
            "tax_amount": null,
            "total_amount": 0,
            "fx_rate": null,
            "bill_to_customer_name": "FOUNTAIN PLAZA PHARMACY, LLC",
            "bill_to_customer_number": "4001",
            "vat_id": null,
            "line_id": 100000133805652,
            "description": null,
            "product_type": "SUBSCRIPTION",
            "unit_of_measure": null,
            "invoice_number": null,
            "consolidation_method": null,
            "e_invoicing_flag": null,
            "custom_invoicing_flag": null,
            "date_filter_param": "2024-12-12T07:56:14Z",
            "tax_classification_code": null,
            "item_number": null,
            "trx_business_category": null,
            "remit_number": null,
            "igst": null,
            "bu_id": 300000002301157,
            "transaction_type": null,
            "transaction_source": null,
            "bill_to_customer_site": null,
            "ship_to_customer_number": null,
            "ship_to_customer_site": null,
            "payment_term": null,
            "invoice_currency_code": "USD",
            "creation_date": "2024-12-18T17:31:02Z",
            "sales_or_subsc_no": "16008",
            "qbli_flag_d": null,
            "special_date_flag_d": null,
            "additional_details_flag_d": null,
            "special_instructions_flag_d": null,
            "interface_line_attribute1": "16008",
            "interface_line_attribute2": null,
            "interface_line_attribute3": "100000133805652",
            "interface_line_attribute4": null,
            "interface_line_attribute5": null,
            "interface_line_attribute6": null,
            "interface_line_attribute7": null,
            "interface_line_attribute8": null,
            "interface_line_attribute9": null,
            "interface_line_attribute10": null,
            "interface_line_attribute11": null,
            "interface_line_attribute12": null,
            "interface_line_attribute13": null,
            "interface_line_attribute14": null
        },
        {
            "source_table": "SUBSCRIPTIONS",
            "bu_name": "US_PL_USD_BU",
            "line_number": 1,
            "order_status": null,
            "order_number": "16008",
            "unit_selling_price": 64.52,
            "quantity": 1,
            "line_amount": 64.52,
            "tax_amount": null,
            "total_amount": 64.52,
            "fx_rate": null,
            "bill_to_customer_name": "FOUNTAIN PLAZA PHARMACY, LLC",
            "bill_to_customer_number": "4001",
            "vat_id": null,
            "line_id": 100000133805653,
            "description": null,
            "product_type": "SUBSCRIPTION",
            "unit_of_measure": null,
            "invoice_number": null,
            "consolidation_method": null,
            "e_invoicing_flag": null,
            "custom_invoicing_flag": null,
            "date_filter_param": "2024-12-12T07:56:14Z",
            "tax_classification_code": null,
            "item_number": null,
            "trx_business_category": null,
            "remit_number": null,
            "igst": null,
            "bu_id": 300000002301157,
            "transaction_type": null,
            "transaction_source": null,
            "bill_to_customer_site": null,
            "ship_to_customer_number": null,
            "ship_to_customer_site": null,
            "payment_term": null,
            "invoice_currency_code": "USD",
            "creation_date": "2024-12-18T17:31:05Z",
            "sales_or_subsc_no": "16008",
            "qbli_flag_d": null,
            "special_date_flag_d": null,
            "additional_details_flag_d": null,
            "special_instructions_flag_d": null,
            "interface_line_attribute1": "16008",
            "interface_line_attribute2": null,
            "interface_line_attribute3": "100000133805653",
            "interface_line_attribute4": null,
            "interface_line_attribute5": null,
            "interface_line_attribute6": null,
            "interface_line_attribute7": null,
            "interface_line_attribute8": null,
            "interface_line_attribute9": null,
            "interface_line_attribute10": null,
            "interface_line_attribute11": null,
            "interface_line_attribute12": null,
            "interface_line_attribute13": null,
            "interface_line_attribute14": null
        },
        {
            "source_table": "SUBSCRIPTIONS",
            "bu_name": "US_PL_USD_BU",
            "line_number": 0,
            "order_status": "IN-PROGRESS",
            "order_number": "2007",
            "unit_selling_price": 20,
            "quantity": 1,
            "line_amount": 20,
            "tax_amount": null,
            "total_amount": 20,
            "fx_rate": null,
            "bill_to_customer_name": "Adam Smith",
            "bill_to_customer_number": "4001",
            "vat_id": "36123456787",
            "line_id": 100000237418511,
            "description": "Support",
            "product_type": "SUBSCRIPTION",
            "unit_of_measure": null,
            "invoice_number": "20250129330835",
            "consolidation_method": "PO",
            "e_invoicing_flag": null,
            "custom_invoicing_flag": null,
            "date_filter_param": "2025-01-28T06:15:24Z",
            "tax_classification_code": null,
            "item_number": "10000488",
            "trx_business_category": null,
            "remit_number": null,
            "igst": null,
            "bu_id": 300000002301157,
            "transaction_type": "Invoice",
            "transaction_source": "PO",
            "bill_to_customer_site": null,
            "ship_to_customer_number": "4001",
            "ship_to_customer_site": "Strongsville,Strongsville,OH,44136,Cuyahoga",
            "payment_term": "IMMEDIATE",
            "invoice_currency_code": "USD",
            "creation_date": "2025-01-28T06:28:49Z",
            "sales_or_subsc_no": "29083",
            "qbli_flag_d": null,
            "special_date_flag_d": null,
            "additional_details_flag_d": null,
            "special_instructions_flag_d": null,
            "interface_line_attribute1": "29083",
            "interface_line_attribute2": null,
            "interface_line_attribute3": "100000237418511",
            "interface_line_attribute4": null,
            "interface_line_attribute5": null,
            "interface_line_attribute6": 300000029395689,
            "interface_line_attribute7": null,
            "interface_line_attribute8": null,
            "interface_line_attribute9": null,
            "interface_line_attribute10": null,
            "interface_line_attribute11": null,
            "interface_line_attribute12": null,
            "interface_line_attribute13": null,
            "interface_line_attribute14": null
        },
        {
            "source_table": "SUBSCRIPTIONS",
            "bu_name": "US_PL_USD_BU",
            "line_number": 0,
            "order_status": "COMPLETED",
            "order_number": "2076",
            "unit_selling_price": 20,
            "quantity": 1,
            "line_amount": 20,
            "tax_amount": null,
            "total_amount": 20,
            "fx_rate": "1",
            "bill_to_customer_name": "Adam Smith",
            "bill_to_customer_number": "4001",
            "vat_id": "36123456787",
            "line_id": 100000279417351,
            "description": "Support",
            "product_type": "SUBSCRIPTION",
            "unit_of_measure": null,
            "invoice_number": "20250220110152_2",
            "consolidation_method": "PO",
            "e_invoicing_flag": null,
            "custom_invoicing_flag": null,
            "date_filter_param": "2025-01-28T14:39:22Z",
            "tax_classification_code": null,
            "item_number": "10000488",
            "trx_business_category": null,
            "remit_number": null,
            "igst": null,
            "bu_id": 300000002301157,
            "transaction_type": "Invoice",
            "transaction_source": "PO",
            "bill_to_customer_site": "9002",
            "ship_to_customer_number": "4001",
            "ship_to_customer_site": "9002",
            "payment_term": "IMMEDIATE",
            "invoice_currency_code": "USD",
            "creation_date": "2025-01-28T14:55:22Z",
            "sales_or_subsc_no": "29090",
            "qbli_flag_d": null,
            "special_date_flag_d": null,
            "additional_details_flag_d": null,
            "special_instructions_flag_d": null,
            "interface_line_attribute1": "29090",
            "interface_line_attribute2": null,
            "interface_line_attribute3": "100000279417351",
            "interface_line_attribute4": null,
            "interface_line_attribute5": null,
            "interface_line_attribute6": 300000034258843,
            "interface_line_attribute7": null,
            "interface_line_attribute8": null,
            "interface_line_attribute9": null,
            "interface_line_attribute10": null,
            "interface_line_attribute11": null,
            "interface_line_attribute12": null,
            "interface_line_attribute13": null,
            "interface_line_attribute14": null
        },
        {
            "source_table": "SUBSCRIPTIONS",
            "bu_name": "US_PL_USD_BU",
            "line_number": 0,
            "order_status": "SUCCESS",
            "order_number": "2138",
            "unit_selling_price": 20,
            "quantity": 1,
            "line_amount": 20,
            "tax_amount": null,
            "total_amount": 20,
            "fx_rate": "1",
            "bill_to_customer_name": "Adam Smith",
            "bill_to_customer_number": "4001",
            "vat_id": "36123456787",
            "line_id": 100000279711444,
            "description": "Support",
            "product_type": "SUBSCRIPTION",
            "unit_of_measure": null,
            "invoice_number": "20250129580801",
            "consolidation_method": "PO",
            "e_invoicing_flag": null,
            "custom_invoicing_flag": null,
            "date_filter_param": "2025-01-29T06:00:40Z",
            "tax_classification_code": null,
            "item_number": "10000488",
            "trx_business_category": null,
            "remit_number": null,
            "igst": null,
            "bu_id": 300000002301157,
            "transaction_type": "Invoice",
            "transaction_source": "PO",
            "bill_to_customer_site": "9002",
            "ship_to_customer_number": "4001",
            "ship_to_customer_site": "9002",
            "payment_term": "30 Net",
            "invoice_currency_code": "USD",
            "creation_date": "2025-01-29T06:23:37Z",
            "sales_or_subsc_no": "30010",
            "qbli_flag_d": null,
            "special_date_flag_d": null,
            "additional_details_flag_d": null,
            "special_instructions_flag_d": null,
            "interface_line_attribute1": "30010",
            "interface_line_attribute2": null,
            "interface_line_attribute3": "100000279711444",
            "interface_line_attribute4": null,
            "interface_line_attribute5": null,
            "interface_line_attribute6": 300000034273910,
            "interface_line_attribute7": null,
            "interface_line_attribute8": null,
            "interface_line_attribute9": null,
            "interface_line_attribute10": null,
            "interface_line_attribute11": null,
            "interface_line_attribute12": null,
            "interface_line_attribute13": null,
            "interface_line_attribute14": null
        },
        {
            "source_table": "SUBSCRIPTIONS",
            "bu_name": "US_PL_USD_BU",
            "line_number": 0,
            "order_status": "WARNING",
            "order_number": "2304",
            "unit_selling_price": 40,
            "quantity": 1,
            "line_amount": 40,
            "tax_amount": null,
            "total_amount": 40,
            "fx_rate": "1",
            "bill_to_customer_name": "Adam Smith",
            "bill_to_customer_number": "4001",
            "vat_id": "36123456787",
            "line_id": 100000281539702,
            "description": "Support",
            "product_type": "SUBSCRIPTION",
            "unit_of_measure": null,
            "invoice_number": "20250423174613_66",
            "consolidation_method": "PO",
            "e_invoicing_flag": null,
            "custom_invoicing_flag": null,
            "date_filter_param": "2025-01-30T06:36:37Z",
            "tax_classification_code": null,
            "item_number": "10000488",
            "trx_business_category": null,
            "remit_number": null,
            "igst": null,
            "bu_id": 300000002301157,
            "transaction_type": "Invoice",
            "transaction_source": "PO",
            "bill_to_customer_site": "9002",
            "ship_to_customer_number": "4001",
            "ship_to_customer_site": "9002",
            "payment_term": "1 Day Net",
            "invoice_currency_code": "USD",
            "creation_date": "2025-01-30T07:05:08Z",
            "sales_or_subsc_no": "30077",
            "qbli_flag_d": null,
            "special_date_flag_d": null,
            "additional_details_flag_d": null,
            "special_instructions_flag_d": null,
            "interface_line_attribute1": "30077",
            "interface_line_attribute2": null,
            "interface_line_attribute3": "100000281539702",
            "interface_line_attribute4": null,
            "interface_line_attribute5": null,
            "interface_line_attribute6": 300000043085738,
            "interface_line_attribute7": null,
            "interface_line_attribute8": null,
            "interface_line_attribute9": null,
            "interface_line_attribute10": null,
            "interface_line_attribute11": null,
            "interface_line_attribute12": null,
            "interface_line_attribute13": null,
            "interface_line_attribute14": null
        },
        {
            "source_table": "SUBSCRIPTIONS",
            "bu_name": "US_PL_USD_BU",
            "line_number": 0,
            "order_status": "WARNING",
            "order_number": "2307",
            "unit_selling_price": 40,
            "quantity": 1,
            "line_amount": 40,
            "tax_amount": null,
            "total_amount": 40,
            "fx_rate": "1",
            "bill_to_customer_name": "Adam Smith",
            "bill_to_customer_number": "4001",
            "vat_id": "36123456787",
            "line_id": 100000281553342,
            "description": "Support",
            "product_type": "SUBSCRIPTION",
            "unit_of_measure": null,
            "invoice_number": "20250423174613_73",
            "consolidation_method": "PO",
            "e_invoicing_flag": null,
            "custom_invoicing_flag": null,
            "date_filter_param": "2025-01-30T06:36:37Z",
            "tax_classification_code": null,
            "item_number": "10000488",
            "trx_business_category": null,
            "remit_number": null,
            "igst": null,
            "bu_id": 300000002301157,
            "transaction_type": "Invoice",
            "transaction_source": "PO",
            "bill_to_customer_site": "9002",
            "ship_to_customer_number": "4001",
            "ship_to_customer_site": "9002",
            "payment_term": "1 Day Net",
            "invoice_currency_code": "USD",
            "creation_date": "2025-01-30T07:05:15Z",
            "sales_or_subsc_no": "30076",
            "qbli_flag_d": null,
            "special_date_flag_d": null,
            "additional_details_flag_d": null,
            "special_instructions_flag_d": null,
            "interface_line_attribute1": "30076",
            "interface_line_attribute2": null,
            "interface_line_attribute3": "100000281553342",
            "interface_line_attribute4": null,
            "interface_line_attribute5": null,
            "interface_line_attribute6": 300000043098013,
            "interface_line_attribute7": null,
            "interface_line_attribute8": null,
            "interface_line_attribute9": null,
            "interface_line_attribute10": null,
            "interface_line_attribute11": null,
            "interface_line_attribute12": null,
            "interface_line_attribute13": null,
            "interface_line_attribute14": null
        },
        {
            "source_table": "SUBSCRIPTIONS",
            "bu_name": "US_PL_USD_BU",
            "line_number": 0,
            "order_status": "COMPLETED",
            "order_number": "3222",
            "unit_selling_price": 40,
            "quantity": 1,
            "line_amount": 40,
            "tax_amount": null,
            "total_amount": 40,
            "fx_rate": "1",
            "bill_to_customer_name": "Adam Smith",
            "bill_to_customer_number": "4001",
            "vat_id": "36123456787",
            "line_id": 100000287776107,
            "description": "Support",
            "product_type": "SERVICES",
            "unit_of_measure": "Each",
            "invoice_number": "20250210100943_3",
            "consolidation_method": "PO",
            "e_invoicing_flag": null,
            "custom_invoicing_flag": null,
            "date_filter_param": "2025-02-10T08:59:56Z",
            "tax_classification_code": null,
            "item_number": "10000488",
            "trx_business_category": null,
            "remit_number": null,
            "igst": null,
            "bu_id": 300000002301157,
            "transaction_type": "Invoice",
            "transaction_source": "DOO Cross Source",
            "bill_to_customer_site": "9002",
            "ship_to_customer_number": "4001",
            "ship_to_customer_site": "9002",
            "payment_term": "IMMEDIATE",
            "invoice_currency_code": "USD",
            "creation_date": "2025-02-10T09:04:52Z",
            "sales_or_subsc_no": "35045",
            "qbli_flag_d": null,
            "special_date_flag_d": null,
            "additional_details_flag_d": null,
            "special_instructions_flag_d": null,
            "interface_line_attribute1": "35045",
            "interface_line_attribute2": null,
            "interface_line_attribute3": "100000287776107",
            "interface_line_attribute4": null,
            "interface_line_attribute5": null,
            "interface_line_attribute6": 300000046862643,
            "interface_line_attribute7": null,
            "interface_line_attribute8": null,
            "interface_line_attribute9": null,
            "interface_line_attribute10": null,
            "interface_line_attribute11": null,
            "interface_line_attribute12": null,
            "interface_line_attribute13": null,
            "interface_line_attribute14": null
        },
        {
            "source_table": "SUBSCRIPTIONS",
            "bu_name": "US_PL_USD_BU",
            "line_number": 0,
            "order_status": "WARNING",
            "order_number": "3224",
            "unit_selling_price": 40,
            "quantity": 1,
            "line_amount": 40,
            "tax_amount": null,
            "total_amount": 40,
            "fx_rate": "1",
            "bill_to_customer_name": "Adam Smith",
            "bill_to_customer_number": "4001",
            "vat_id": "36123456787",
            "line_id": 100000287776108,
            "description": "Support",
            "product_type": "SERVICES",
            "unit_of_measure": "Each",
            "invoice_number": "20250423174613_52",
            "consolidation_method": "PO",
            "e_invoicing_flag": null,
            "custom_invoicing_flag": null,
            "date_filter_param": "2025-02-10T08:59:56Z",
            "tax_classification_code": null,
            "item_number": "10000488",
            "trx_business_category": null,
            "remit_number": null,
            "igst": null,
            "bu_id": 300000002301157,
            "transaction_type": "Invoice",
            "transaction_source": "DOO Cross Source",
            "bill_to_customer_site": "9002",
            "ship_to_customer_number": "4001",
            "ship_to_customer_site": "9002",
            "payment_term": "IMMEDIATE",
            "invoice_currency_code": "USD",
            "creation_date": "2025-02-10T09:04:49Z",
            "sales_or_subsc_no": "35046",
            "qbli_flag_d": null,
            "special_date_flag_d": null,
            "additional_details_flag_d": null,
            "special_instructions_flag_d": null,
            "interface_line_attribute1": "35046",
            "interface_line_attribute2": null,
            "interface_line_attribute3": "100000287776108",
            "interface_line_attribute4": null,
            "interface_line_attribute5": null,
            "interface_line_attribute6": 300000046862883,
            "interface_line_attribute7": null,
            "interface_line_attribute8": null,
            "interface_line_attribute9": null,
            "interface_line_attribute10": null,
            "interface_line_attribute11": null,
            "interface_line_attribute12": null,
            "interface_line_attribute13": null,
            "interface_line_attribute14": null
        },
        {
            "source_table": "SUBSCRIPTIONS",
            "bu_name": "US_PL_USD_BU",
            "line_number": 0,
            "order_status": "COMPLETED",
            "order_number": "3228",
            "unit_selling_price": 40,
            "quantity": 1,
            "line_amount": 40,
            "tax_amount": null,
            "total_amount": 40,
            "fx_rate": "1",
            "bill_to_customer_name": "Adam Smith",
            "bill_to_customer_number": "4001",
            "vat_id": "36123456787",
            "line_id": 100000287794612,
            "description": "Support",
            "product_type": "SERVICES",
            "unit_of_measure": "Each",
            "invoice_number": "20250210100943_2",
            "consolidation_method": "PO",
            "e_invoicing_flag": null,
            "custom_invoicing_flag": null,
            "date_filter_param": "2025-02-10T09:43:25Z",
            "tax_classification_code": null,
            "item_number": "10000488",
            "trx_business_category": null,
            "remit_number": null,
            "igst": null,
            "bu_id": 300000002301157,
            "transaction_type": "Invoice",
            "transaction_source": "DOO Cross Source",
            "bill_to_customer_site": "9002",
            "ship_to_customer_number": "4001",
            "ship_to_customer_site": "9002",
            "payment_term": "IMMEDIATE",
            "invoice_currency_code": "USD",
            "creation_date": "2025-02-10T10:05:32Z",
            "sales_or_subsc_no": "35122",
            "qbli_flag_d": null,
            "special_date_flag_d": null,
            "additional_details_flag_d": null,
            "special_instructions_flag_d": null,
            "interface_line_attribute1": "35122",
            "interface_line_attribute2": null,
            "interface_line_attribute3": "100000287794612",
            "interface_line_attribute4": null,
            "interface_line_attribute5": null,
            "interface_line_attribute6": 300000046998062,
            "interface_line_attribute7": null,
            "interface_line_attribute8": null,
            "interface_line_attribute9": null,
            "interface_line_attribute10": null,
            "interface_line_attribute11": null,
            "interface_line_attribute12": null,
            "interface_line_attribute13": null,
            "interface_line_attribute14": null
        },
        {
            "source_table": "SUBSCRIPTIONS",
            "bu_name": "US_PL_USD_BU",
            "line_number": 0,
            "order_status": "COMPLETED",
            "order_number": "3229",
            "unit_selling_price": 40,
            "quantity": 1,
            "line_amount": 40,
            "tax_amount": null,
            "total_amount": 40,
            "fx_rate": "1",
            "bill_to_customer_name": "Adam Smith",
            "bill_to_customer_number": "4001",
            "vat_id": "36123456787",
            "line_id": 100000287794619,
            "description": "Support",
            "product_type": "SERVICES",
            "unit_of_measure": "Each",
            "invoice_number": "20250210100943_5",
            "consolidation_method": "PO",
            "e_invoicing_flag": null,
            "custom_invoicing_flag": null,
            "date_filter_param": "2025-02-10T09:43:29Z",
            "tax_classification_code": null,
            "item_number": "10000488",
            "trx_business_category": null,
            "remit_number": null,
            "igst": null,
            "bu_id": 300000002301157,
            "transaction_type": "Invoice",
            "transaction_source": "DOO Cross Source",
            "bill_to_customer_site": "9002",
            "ship_to_customer_number": "4001",
            "ship_to_customer_site": "9002",
            "payment_term": "IMMEDIATE",
            "invoice_currency_code": "USD",
            "creation_date": "2025-02-10T10:05:32Z",
            "sales_or_subsc_no": "35123",
            "qbli_flag_d": null,
            "special_date_flag_d": null,
            "additional_details_flag_d": null,
            "special_instructions_flag_d": null,
            "interface_line_attribute1": "35123",
            "interface_line_attribute2": null,
            "interface_line_attribute3": "100000287794619",
            "interface_line_attribute4": null,
            "interface_line_attribute5": null,
            "interface_line_attribute6": 300000046998238,
            "interface_line_attribute7": null,
            "interface_line_attribute8": null,
            "interface_line_attribute9": null,
            "interface_line_attribute10": null,
            "interface_line_attribute11": null,
            "interface_line_attribute12": null,
            "interface_line_attribute13": null,
            "interface_line_attribute14": null
        },
        {
            "source_table": "SUBSCRIPTIONS",
            "bu_name": "US_PL_USD_BU",
            "line_number": 0,
            "order_status": "COMPLETED",
            "order_number": "3275",
            "unit_selling_price": 40,
            "quantity": 1,
            "line_amount": 40,
            "tax_amount": null,
            "total_amount": 40,
            "fx_rate": "1",
            "bill_to_customer_name": "Adam Smith",
            "bill_to_customer_number": "4001",
            "vat_id": "36123456787",
            "line_id": 100000287843792,
            "description": "Support",
            "product_type": "SERVICES",
            "unit_of_measure": "Each",
            "invoice_number": "20250210141622_2",
            "consolidation_method": "PO",
            "e_invoicing_flag": null,
            "custom_invoicing_flag": null,
            "date_filter_param": "2025-02-10T12:11:47Z",
            "tax_classification_code": null,
            "item_number": "10000488",
            "trx_business_category": null,
            "remit_number": null,
            "igst": null,
            "bu_id": 300000002301157,
            "transaction_type": "Invoice",
            "transaction_source": "DOO Cross Source",
            "bill_to_customer_site": "9002",
            "ship_to_customer_number": "4001",
            "ship_to_customer_site": "9002",
            "payment_term": "IMMEDIATE",
            "invoice_currency_code": "USD",
            "creation_date": "2025-02-10T12:32:15Z",
            "sales_or_subsc_no": "35135",
            "qbli_flag_d": null,
            "special_date_flag_d": null,
            "additional_details_flag_d": null,
            "special_instructions_flag_d": null,
            "interface_line_attribute1": "35135",
            "interface_line_attribute2": null,
            "interface_line_attribute3": "100000287843792",
            "interface_line_attribute4": null,
            "interface_line_attribute5": null,
            "interface_line_attribute6": 300000046998401,
            "interface_line_attribute7": null,
            "interface_line_attribute8": null,
            "interface_line_attribute9": null,
            "interface_line_attribute10": null,
            "interface_line_attribute11": null,
            "interface_line_attribute12": null,
            "interface_line_attribute13": null,
            "interface_line_attribute14": null
        },
        {
            "source_table": "SUBSCRIPTIONS",
            "bu_name": "US_PL_USD_BU",
            "line_number": 0,
            "order_status": "WARNING",
            "order_number": "3276",
            "unit_selling_price": 40,
            "quantity": 1,
            "line_amount": 40,
            "tax_amount": null,
            "total_amount": 40,
            "fx_rate": "1",
            "bill_to_customer_name": "Adam Smith",
            "bill_to_customer_number": "4001",
            "vat_id": "36123456787",
            "line_id": 100000287852661,
            "description": "Support",
            "product_type": "SERVICES",
            "unit_of_measure": "Each",
            "invoice_number": "20250423174613_76",
            "consolidation_method": "PO",
            "e_invoicing_flag": null,
            "custom_invoicing_flag": null,
            "date_filter_param": "2025-02-10T12:11:47Z",
            "tax_classification_code": null,
            "item_number": "10000488",
            "trx_business_category": null,
            "remit_number": null,
            "igst": null,
            "bu_id": 300000002301157,
            "transaction_type": "Invoice",
            "transaction_source": "DOO Cross Source",
            "bill_to_customer_site": "9002",
            "ship_to_customer_number": "4001",
            "ship_to_customer_site": "9002",
            "payment_term": "IMMEDIATE",
            "invoice_currency_code": "USD",
            "creation_date": "2025-02-10T12:32:18Z",
            "sales_or_subsc_no": "35134",
            "qbli_flag_d": null,
            "special_date_flag_d": null,
            "additional_details_flag_d": null,
            "special_instructions_flag_d": null,
            "interface_line_attribute1": "35134",
            "interface_line_attribute2": null,
            "interface_line_attribute3": "100000287852661",
            "interface_line_attribute4": null,
            "interface_line_attribute5": null,
            "interface_line_attribute6": 300000046998565,
            "interface_line_attribute7": null,
            "interface_line_attribute8": null,
            "interface_line_attribute9": null,
            "interface_line_attribute10": null,
            "interface_line_attribute11": null,
            "interface_line_attribute12": null,
            "interface_line_attribute13": null,
            "interface_line_attribute14": null
        }
    ],
    "hasMore": true,
    "limit": 25,
    "offset": 0,
    "count": 25,
    "links": [
        {
            "rel": "self",
            "href": "https://g1e975c32298168-dellextatpdev2.adb.us-phoenix-1.oraclecloudapps.com/ords/OTDTC_EXT/OTDTC_AR_EXT_002/onSearch?p_business_unit_name=US_PL_USD_BU&p_customer_account_number=4001"
        },
        {
            "rel": "describedby",
            "href": "https://g1e975c32298168-dellextatpdev2.adb.us-phoenix-1.oraclecloudapps.com/ords/OTDTC_EXT/metadata-catalog/OTDTC_AR_EXT_002/item"
        },
        {
            "rel": "first",
            "href": "https://g1e975c32298168-dellextatpdev2.adb.us-phoenix-1.oraclecloudapps.com/ords/OTDTC_EXT/OTDTC_AR_EXT_002/onSearch?p_business_unit_name=US_PL_USD_BU&p_customer_account_number=4001"
        },
        {
            "rel": "next",
            "href": "https://g1e975c32298168-dellextatpdev2.adb.us-phoenix-1.oraclecloudapps.com/ords/OTDTC_EXT/OTDTC_AR_EXT_002/onSearch?p_business_unit_name=US_PL_USD_BU&p_customer_account_number=4001&offset=25"
        }
    ]
}