{
    "roleMapping": {
        "idcsHostUrl": "https://idcs-5e1ce26b6ca249bc9c9964e5f7087943.identity.oraclecloud.com:443",
        "roles": {
            "DELL_OTDTC_AR_UI_CONSOLIDATION_ROLE": {
                "base_configuration": {
                    "users": [
                        {
                            "id": "e268c4d8078644c58efaa63f01297fb6",
                            "displayName": "Thakare",
                            "userName": "1419000"
                        }
                    ],
                    "groups": [
                        {
                            "id": "52130c80f8f14e978cc98bc676fc8f9e",
                            "displayName": "DELL OTDTC AR UI Consolidation"
                        }
                    ]
                }
            }
        }
    }
}