{
    "openapi": "3.0.0",
    "info": {
        "title": "ORDS",
        "version": "1.0.0",
        "x-vb": {
            "transforms": {
                "path": "../customTransformOrds.js"
            }
        }
    },
    "servers": [
        {
            "url": "vb-catalog://backends/ORDS",
            "description": "ORDS"
        }
    ],
    "paths": {

        "/OTDTC_AR_EXT_002/getCustAccNumberLOV": {
            "get": {
                "operationId": "getOTDTC_EXTAR_EXT_002GetCustAccNumberLOV",
                "parameters": [
                    {
                        "name": "p_business_unit_name",
                        "in": "query",
                        "schema": {
                            "type": "string"
                        },
                        "x-vb": {}
                    },
                    {
                        "name": "limit",
                        "in": "query",
                        "schema": {
                            "type": "string"
                        },
                        "x-vb": {
                            "defaultValue": "500"
                        }
                    }
                ],
                "responses": {
                    "default": {
                        "description": "Response for default",
                        "content": {
                            "application/json": {
                                "schema": {
                                    "$ref": "#/components/schemas/GetOTDTC_EXTOTDTC_AR_EXT_002GetCustAccNumberLOV"
                                },
                                "examples": {
                                    "vb": {
                                        "summary": "Example stored by VB User",
                                        "externalValue": "./examples/getOTDTC_EXTAR_EXT_002GetCustAccNumberLOV/response_default_application_json_vb.json"
                                    }
                                }
                            }
                        }
                    }
                },
                "x-vb": {
                    "actionHint": "getMany"
                }
            }
        },
        "/OTDTC_AR_EXT_002/getBuNameLOV": {
            "get": {
                "operationId": "getOTDTC_EXTAR_EXT_002GetBuNameLOV",
                "parameters": [],
                "responses": {
                    "default": {
                        "description": "Response for default",
                        "content": {
                            "application/json": {
                                "schema": {
                                    "$ref": "#/components/schemas/GetOTDTC_EXTOTDTC_AR_EXT_002GetBuNameLOV"
                                },
                                "examples": {
                                    "vb": {
                                        "summary": "Example stored by VB User",
                                        "externalValue": "./examples/getOTDTC_EXTAR_EXT_002GetBuNameLOV/response_default_application_json_vb.json"
                                    }
                                }
                            }
                        }
                    }
                },
                "x-vb": {
                    "actionHint": "getMany",
                    "headers": {}
                }
            }
        },
        "/OTDTC_AR_EXT_002/getOrderNumberLOV": {
            "get": {
                "operationId": "getOTDTC_EXTAR_EXT_002GetOrderNumberLOV",
                "parameters": [
                    {
                        "name": "p_business_unit_name",
                        "in": "query",
                        "schema": {
                            "type": "string"
                        }
                    },
                    {
                        "name": "p_customer_account_number",
                        "in": "query",
                        "schema": {
                            "type": "string"
                        }
                    },
                    {
                        "name": "limit",
                        "in": "query",
                        "schema": {
                            "type": "string"
                        }
                    }
                ],
                "responses": {
                    "default": {
                        "description": "Response for default",
                        "content": {
                            "application/json": {
                                "schema": {
                                    "$ref": "#/components/schemas/GetOTDTC_EXTOTDTC_AR_EXT_002GetOrderNumberLOV"
                                },
                                "examples": {
                                    "vb": {
                                        "summary": "Example stored by VB User",
                                        "externalValue": "./examples/getOTDTC_EXTAR_EXT_002GetOrderNumberLOV/response_default_application_json_vb.json"
                                    }
                                }
                            }
                        }
                    }
                },
                "x-vb": {
                    "actionHint": "getMany"
                }
            }
        },
        "/OTDTC_AR_EXT_002/getPONumberLOV": {
            "get": {
                "operationId": "getOTDTC_EXTAR_EXT_002GetPONumberLOV2",
                "parameters": [
                    {
                        "name": "p_business_unit_name",
                        "in": "query",
                        "schema": {
                            "type": "string"
                        }
                    },
                    {
                        "name": "p_customer_account_number",
                        "in": "query",
                        "schema": {
                            "type": "string"
                        }
                    },
                    {
                        "name": "limit",
                        "in": "query",
                        "schema": {
                            "type": "string"
                        }
                    }
                ],
                "responses": {
                    "default": {
                        "description": "Response for default",
                        "content": {
                            "application/json": {
                                "schema": {
                                    "$ref": "#/components/schemas/GetOTDTC_EXTOTDTC_AR_EXT_002GetPONumberLOV"
                                },
                                "examples": {
                                    "vb": {
                                        "summary": "Example stored by VB User",
                                        "externalValue": "./examples/getOTDTC_EXTAR_EXT_002GetPONumberLOV2/response_default_application_json_vb.json"
                                    }
                                }
                            }
                        }
                    }
                },
                "x-vb": {
                    "actionHint": "getMany"
                }
            }
        },
        "/OTDTC_AR_EXT_002/onSearch": {
            "get": {
                "operationId": "getOTDTC_EXTAR_EXT_002OnSearch",
                "parameters": [
                    {
                        "name": "p_business_unit_name",
                        "in": "query",
                        "schema": {
                            "type": "string"
                        }
                    },
                    {
                        "name": "p_order_number",
                        "in": "query",
                        "schema": {
                            "type": "string"
                        }
                    },
                    {
                        "name": "p_customer_account_number",
                        "in": "query",
                        "schema": {
                            "type": "string"
                        }
                    },
                    {
                        "name": "p_po_number",
                        "in": "query",
                        "schema": {
                            "type": "string"
                        }
                    },
                    {
                        "name": "p_from_date",
                        "in": "query",
                        "schema": {
                            "type": "string"
                        }
                    },
                    {
                        "name": "p_to_date",
                        "in": "query",
                        "schema": {
                            "type": "string"
                        }
                    }
                ],
                "responses": {
                    "default": {
                        "description": "Response for default",
                        "content": {
                            "application/json": {
                                "schema": {
                                    "$ref": "#/components/schemas/GetOTDTC_EXTOTDTC_AR_EXT_002OnSearch"
                                },
                                "examples": {
                                    "vb": {
                                        "summary": "Example stored by VB User",
                                        "externalValue": "./examples/getOTDTC_EXTAR_EXT_002OnSearch/response_default_application_json_vb.json"
                                    }
                                }
                            }
                        }
                    }
                },
                "x-vb": {
                    "actionHint": "getMany"
                }
            }
        },
        "/OTDTC_AR_EXT_002/onPoMatch": {
            "get": {
                "operationId": "getOTDTC_EXTOTDTC_AR_EXT_002OnPoMatch",
                "parameters": [
                    {
                        "name": "p_business_unit_name",
                        "in": "query",
                        "schema": {
                            "type": "string"
                        }
                    },
                    {
                        "name": "p_order_number",
                        "in": "query",
                        "schema": {
                            "type": "string"
                        }
                    },
                    {
                        "name": "p_customer_account_number",
                        "in": "query",
                        "schema": {
                            "type": "string"
                        }
                    },
                    {
                        "name": "p_po_number",
                        "in": "query",
                        "schema": {
                            "type": "string"
                        }
                    },
                    {
                        "name": "p_from_date",
                        "in": "query",
                        "schema": {
                            "type": "string"
                        }
                    },
                    {
                        "name": "p_to_date",
                        "in": "query",
                        "schema": {
                            "type": "string"
                        }
                    },
                    {
                        "name": "limit",
                        "in": "query",
                        "schema": {
                            "type": "string"
                        }
                    }
                ],
                "responses": {
                    "default": {
                        "description": "Response for default",
                        "content": {
                            "application/json": {
                                "schema": {
                                    "$ref": "#/components/schemas/GetOTDTC_EXTOTDTC_AR_EXT_002OnPoMatch"
                                },
                                "examples": {
                                    "vb": {
                                        "summary": "Example stored by VB User",
                                        "externalValue": "./examples/getOTDTC_EXTOTDTC_AR_EXT_002OnPoMatch/response_default_application_json_vb.json"
                                    }
                                }
                            }
                        }
                    }
                },
                "x-vb": {
                    "actionHint": "getMany"
                }
            }
        }
    },
    "components": {
        "schemas": {
            "GetOTDTC_EXTAR_EXT_002GetCustAccNumberLOV": {
                "type": "object",
                "properties": {
                    "items": {
                        "type": "array",
                        "items": {
                            "type": "object",
                            "properties": {
                                "customer_account_number": {
                                    "type": "string"
                                }
                            }
                        }
                    },
                    "hasMore": {
                        "type": "boolean"
                    },
                    "limit": {
                        "type": "integer"
                    },
                    "offset": {
                        "type": "integer"
                    },
                    "count": {
                        "type": "integer"
                    },
                    "links": {
                        "type": "array",
                        "items": {
                            "type": "object",
                            "properties": {
                                "rel": {
                                    "type": "string"
                                },
                                "href": {
                                    "type": "string"
                                }
                            }
                        }
                    }
                }
            },
            "GetOTDTC_EXTAR_EXT_002GetBuNameLOV": {
                "type": "object",
                "properties": {
                    "items": {
                        "type": "array",
                        "items": {
                            "type": "object",
                            "properties": {
                                "bu_name": {
                                    "type": "string"
                                }
                            }
                        }
                    },
                    "hasMore": {
                        "type": "boolean"
                    },
                    "limit": {
                        "type": "integer"
                    },
                    "offset": {
                        "type": "integer"
                    },
                    "count": {
                        "type": "integer"
                    },
                    "links": {
                        "type": "array",
                        "items": {
                            "type": "object",
                            "properties": {
                                "rel": {
                                    "type": "string"
                                },
                                "href": {
                                    "type": "string"
                                }
                            }
                        }
                    }
                }
            },
            "GetOTDTC_EXTAR_EXT_002GetOrderNumberLOV": {
                "type": "object",
                "properties": {
                    "items": {
                        "type": "array",
                        "items": {
                            "type": "object",
                            "properties": {
                                "order_number": {
                                    "type": "string"
                                }
                            }
                        }
                    },
                    "hasMore": {
                        "type": "boolean"
                    },
                    "limit": {
                        "type": "integer"
                    },
                    "offset": {
                        "type": "integer"
                    },
                    "count": {
                        "type": "integer"
                    },
                    "links": {
                        "type": "array",
                        "items": {
                            "type": "object",
                            "properties": {
                                "rel": {
                                    "type": "string"
                                },
                                "href": {
                                    "type": "string"
                                }
                            }
                        }
                    }
                }
            },
            "GetOTDTC_EXTAR_EXT_002OnSearch": {
                "type": "object",
                "properties": {
                    "items": {
                        "type": "array",
                        "items": {
                            "type": "object",
                            "properties": {
                                "source_table": {
                                    "type": "string"
                                },
                                "bu_name": {
                                    "type": "string"
                                },
                                "line_number": {
                                    "type": "integer"
                                },
                                "order_status": {
                                    "type": "string"
                                },
                                "order_number": {
                                    "type": "string"
                                },
                                "unit_selling_price": {
                                    "type": "integer"
                                },
                                "quantity": {
                                    "type": "integer"
                                },
                                "line_amount": {
                                    "type": "integer"
                                },
                                "tax_amount": {
                                    "type": "integer"
                                },
                                "total_amount": {
                                    "type": "integer"
                                },
                                "fx_rate": {
                                    "type": "string"
                                },
                                "bill_to_customer_name": {
                                    "type": "string"
                                },
                                "bill_to_customer_number": {
                                    "type": "string"
                                },
                                "vat_id": {
                                    "nullable": true
                                },
                                "line_id": {
                                    "type": "integer"
                                },
                                "description": {
                                    "type": "string"
                                },
                                "product_type": {
                                    "type": "string"
                                },
                                "unit_of_measure": {
                                    "type": "string"
                                },
                                "invoice_number": {
                                    "nullable": true
                                },
                                "consolidation_method": {
                                    "type": "string"
                                },
                                "e_invoicing_flag": {
                                    "nullable": true
                                },
                                "custom_invoicing_flag": {
                                    "nullable": true
                                },
                                "date_filter_param": {
                                    "type": "string",
                                    "nullable": true
                                },
                                "tax_classification_code": {
                                    "nullable": true
                                },
                                "item_number": {
                                    "nullable": true
                                },
                                "trx_business_category": {
                                    "type": "string"
                                },
                                "remit_number": {
                                    "nullable": true
                                },
                                "igst": {
                                    "nullable": true
                                }
                            }
                        }
                    },
                    "hasMore": {
                        "type": "boolean"
                    },
                    "limit": {
                        "type": "integer"
                    },
                    "offset": {
                        "type": "integer"
                    },
                    "count": {
                        "type": "integer"
                    },
                    "links": {
                        "type": "array",
                        "items": {
                            "type": "object",
                            "properties": {
                                "rel": {
                                    "type": "string"
                                },
                                "href": {
                                    "type": "string"
                                }
                            }
                        }
                    }
                }
            },
            "GetOTDTC_EXTAR_EXT_002GetPONumberLOV": {
                "type": "object",
                "properties": {
                    "items": {
                        "type": "array",
                        "items": {
                            "type": "object",
                            "properties": {
                                "po_number": {
                                    "type": "integer"
                                }
                            }
                        }
                    },
                    "hasMore": {
                        "type": "boolean"
                    },
                    "limit": {
                        "type": "integer"
                    },
                    "offset": {
                        "type": "integer"
                    },
                    "count": {
                        "type": "integer"
                    },
                    "links": {
                        "type": "array",
                        "items": {
                            "type": "object",
                            "properties": {
                                "rel": {
                                    "type": "string"
                                },
                                "href": {
                                    "type": "string"
                                }
                            }
                        }
                    }
                }
            },
            "GetOTDTC_EXTOTDTC_AR_EXT_002OnPoMatch": {
                "type": "object",
                "properties": {
                    "items": {
                        "type": "array",
                        "items": {
                            "type": "object",
                            "properties": {
                                "source_table": {
                                    "type": "string"
                                },
                                "bu_name": {
                                    "type": "string"
                                },
                                "line_number": {
                                    "type": "integer"
                                },
                                "order_status": {
                                    "type": "string"
                                },
                                "order_number": {
                                    "type": "string"
                                },
                                "unit_selling_price": {
                                    "type": "integer"
                                },
                                "quantity": {
                                    "type": "integer"
                                },
                                "line_amount": {
                                    "type": "integer"
                                },
                                "tax_amount": {
                                    "type": "number"
                                },
                                "total_amount": {
                                    "type": "integer"
                                },
                                "fx_rate": {
                                    "type": "string",
                                    "nullable": true
                                },
                                "bill_to_customer_name": {
                                    "type": "string"
                                },
                                "bill_to_customer_number": {
                                    "type": "string"
                                },
                                "vat_id": {
                                    "type": "string",
                                    "nullable": true
                                },
                                "line_id": {
                                    "type": "integer"
                                },
                                "description": {
                                    "type": "string"
                                },
                                "product_type": {
                                    "type": "string"
                                },
                                "unit_of_measure": {
                                    "type": "string",
                                    "nullable": true
                                },
                                "invoice_number": {
                                    "type": "string"
                                },
                                "consolidation_method": {
                                    "type": "string"
                                },
                                "e_invoicing_flag": {
                                    "nullable": true
                                },
                                "custom_invoicing_flag": {
                                    "nullable": true
                                },
                                "date_filter_param": {
                                    "type": "string"
                                },
                                "tax_classification_code": {
                                    "nullable": true
                                },
                                "item_number": {
                                    "type": "string"
                                },
                                "trx_business_category": {
                                    "type": "string"
                                },
                                "remit_number": {
                                    "nullable": true
                                },
                                "igst": {
                                    "nullable": true
                                },
                                "bu_id": {
                                    "type": "integer"
                                },
                                "transaction_type": {
                                    "type": "string",
                                    "nullable": true
                                },
                                "transaction_source": {
                                    "type": "string"
                                },
                                "bill_to_customer_site": {
                                    "type": "string",
                                    "nullable": true
                                },
                                "ship_to_customer_number": {
                                    "type": "string",
                                    "nullable": true
                                },
                                "ship_to_customer_site": {
                                    "type": "string",
                                    "nullable": true
                                },
                                "payment_term": {
                                    "type": "string"
                                },
                                "invoice_currency_code": {
                                    "type": "string"
                                },
                                "creation_date": {
                                    "type": "string"
                                },
                                "sales_or_subsc_no": {
                                    "type": "string"
                                }
                            }
                        }
                    },
                    "hasMore": {
                        "type": "boolean"
                    },
                    "limit": {
                        "type": "integer"
                    },
                    "offset": {
                        "type": "integer"
                    },
                    "count": {
                        "type": "integer"
                    },
                    "links": {
                        "type": "array",
                        "items": {
                            "type": "object",
                            "properties": {
                                "rel": {
                                    "type": "string"
                                },
                                "href": {
                                    "type": "string"
                                }
                            }
                        }
                    }
                }
            },
            "GetOTDTC_EXTOTDTC_AR_EXT_002OnSearch": {
                "type": "object",
                "properties": {
                    "items": {
                        "type": "array",
                        "items": {
                            "type": "object",
                            "properties": {
                                "source_table": {
                                    "type": "string"
                                },
                                "bu_name": {
                                    "type": "string"
                                },
                                "line_number": {
                                    "type": "integer"
                                },
                                "order_status": {
                                    "type": "string",
                                    "nullable": true
                                },
                                "order_number": {
                                    "type": "string"
                                },
                                "unit_selling_price": {
                                    "type": "integer"
                                },
                                "quantity": {
                                    "type": "integer"
                                },
                                "line_amount": {
                                    "type": "integer"
                                },
                                "tax_amount": {
                                    "type": "integer"
                                },
                                "total_amount": {
                                    "type": "integer"
                                },
                                "fx_rate": {
                                    "type": "string",
                                    "nullable": true
                                },
                                "bill_to_customer_name": {
                                    "type": "string"
                                },
                                "bill_to_customer_number": {
                                    "type": "string"
                                },
                                "vat_id": {
                                    "type": "string",
                                    "nullable": true
                                },
                                "line_id": {
                                    "type": "integer"
                                },
                                "description": {
                                    "type": "string",
                                    "nullable": true
                                },
                                "product_type": {
                                    "type": "string"
                                },
                                "unit_of_measure": {
                                    "type": "string",
                                    "nullable": true
                                },
                                "invoice_number": {
                                    "type": "string"
                                },
                                "consolidation_method": {
                                    "type": "string",
                                    "nullable": true
                                },
                                "e_invoicing_flag": {
                                    "nullable": true
                                },
                                "custom_invoicing_flag": {
                                    "nullable": true
                                },
                                "date_filter_param": {
                                    "type": "string",
                                    "nullable": true
                                },
                                "tax_classification_code": {
                                    "nullable": true
                                },
                                "item_number": {
                                    "type": "string",
                                    "nullable": true
                                },
                                "trx_business_category": {
                                    "type": "string"
                                },
                                "remit_number": {
                                    "nullable": true
                                },
                                "igst": {
                                    "nullable": true
                                },
                                "bu_id": {
                                    "type": "integer"
                                },
                                "transaction_type": {
                                    "type": "string",
                                    "nullable": true
                                },
                                "transaction_source": {
                                    "type": "string",
                                    "nullable": true
                                },
                                "bill_to_customer_site": {
                                    "type": "string",
                                    "nullable": true
                                },
                                "ship_to_customer_number": {
                                    "type": "string",
                                    "nullable": true
                                },
                                "ship_to_customer_site": {
                                    "type": "string",
                                    "nullable": true
                                },
                                "payment_term": {
                                    "type": "string",
                                    "nullable": true
                                },
                                "invoice_currency_code": {
                                    "type": "string"
                                },
                                "creation_date": {
                                    "type": "string"
                                },
                                "sales_or_subsc_no": {
                                    "type": "string"
                                },
                                "qbli_flag_d": {
                                    "type": "string",
                                    "nullable": true
                                },
                                "special_date_flag_d": {
                                    "type": "string",
                                    "nullable": true
                                },
                                "additional_details_flag_d": {
                                    "type": "string",
                                    "nullable": true
                                },
                                "special_instructions_flag_d": {
                                    "type": "string",
                                    "nullable": true
                                },
                                "interface_line_attribute1": {
                                    "type": "string"
                                },
                                "interface_line_attribute2": {
                                    "type": "string",
                                    "nullable": true
                                },
                                "interface_line_attribute3": {
                                    "type": "string"
                                },
                                "interface_line_attribute4": {
                                    "type": "string",
                                    "nullable": true
                                },
                                "interface_line_attribute5": {
                                    "type": "integer",
                                    "nullable": true
                                },
                                "interface_line_attribute6": {
                                    "type": "integer",
                                    "nullable": true
                                },
                                "interface_line_attribute7": {
                                    "type": "string",
                                    "nullable": true
                                },
                                "interface_line_attribute8": {
                                    "type": "string",
                                    "nullable": true
                                },
                                "interface_line_attribute9": {
                                    "type": "string"
                                },
                                "interface_line_attribute10": {
                                    "type": "string"
                                },
                                "interface_line_attribute11": {
                                    "type": "string"
                                },
                                "interface_line_attribute12": {
                                    "type": "string"
                                },
                                "interface_line_attribute13": {
                                    "type": "integer"
                                },
                                "interface_line_attribute14": {
                                    "type": "integer"
                                }
                            }
                        }
                    },
                    "hasMore": {
                        "type": "boolean"
                    },
                    "limit": {
                        "type": "integer"
                    },
                    "offset": {
                        "type": "integer"
                    },
                    "count": {
                        "type": "integer"
                    },
                    "links": {
                        "type": "array",
                        "items": {
                            "type": "object",
                            "properties": {
                                "rel": {
                                    "type": "string"
                                },
                                "href": {
                                    "type": "string"
                                }
                            }
                        }
                    }
                }
            },
            "GetOTDTC_EXTOTDTC_AR_EXT_002GetCustAccNumberLOV": {
                "type": "object",
                "properties": {
                    "items": {
                        "type": "array",
                        "items": {
                            "type": "object",
                            "properties": {
                                "customer_account_name": {
                                    "type": "string"
                                },
                                "customer_account_number": {
                                    "type": "string"
                                }
                            }
                        }
                    },
                    "hasMore": {
                        "type": "boolean"
                    },
                    "limit": {
                        "type": "integer"
                    },
                    "offset": {
                        "type": "integer"
                    },
                    "count": {
                        "type": "integer"
                    },
                    "links": {
                        "type": "array",
                        "items": {
                            "type": "object",
                            "properties": {
                                "rel": {
                                    "type": "string"
                                },
                                "href": {
                                    "type": "string"
                                }
                            }
                        }
                    }
                }
            },
            "GetOTDTC_EXTOTDTC_AR_EXT_002GetBuNameLOV": {
                "type": "object",
                "properties": {
                    "items": {
                        "type": "array",
                        "items": {
                            "type": "object",
                            "properties": {
                                "bu_name": {
                                    "type": "string"
                                }
                            }
                        }
                    },
                    "hasMore": {
                        "type": "boolean"
                    },
                    "limit": {
                        "type": "integer"
                    },
                    "offset": {
                        "type": "integer"
                    },
                    "count": {
                        "type": "integer"
                    },
                    "links": {
                        "type": "array",
                        "items": {
                            "type": "object",
                            "properties": {
                                "rel": {
                                    "type": "string"
                                },
                                "href": {
                                    "type": "string"
                                }
                            }
                        }
                    }
                }
            },
            "GetOTDTC_EXTOTDTC_AR_EXT_002GetOrderNumberLOV": {
                "type": "object",
                "properties": {
                    "items": {
                        "type": "array",
                        "items": {
                            "type": "object",
                            "properties": {
                                "order_number": {
                                    "type": "string"
                                }
                            }
                        }
                    },
                    "hasMore": {
                        "type": "boolean"
                    },
                    "limit": {
                        "type": "integer"
                    },
                    "offset": {
                        "type": "integer"
                    },
                    "count": {
                        "type": "integer"
                    },
                    "links": {
                        "type": "array",
                        "items": {
                            "type": "object",
                            "properties": {
                                "rel": {
                                    "type": "string"
                                },
                                "href": {
                                    "type": "string"
                                }
                            }
                        }
                    }
                }
            },
            "GetOTDTC_EXTOTDTC_AR_EXT_002GetPONumberLOV": {
                "type": "object",
                "properties": {
                    "items": {
                        "type": "array",
                        "items": {
                            "type": "object",
                            "properties": {
                                "po_number": {
                                    "type": "string"
                                }
                            }
                        }
                    },
                    "hasMore": {
                        "type": "boolean"
                    },
                    "limit": {
                        "type": "integer"
                    },
                    "offset": {
                        "type": "integer"
                    },
                    "count": {
                        "type": "integer"
                    },
                    "links": {
                        "type": "array",
                        "items": {
                            "type": "object",
                            "properties": {
                                "rel": {
                                    "type": "string"
                                },
                                "href": {
                                    "type": "string"
                                }
                            }
                        }
                    }
                }
            }
        }
    }
}