{
  "component-dependencies": {
    "oj-sp": {
      "version": "2410.0.3",
      "components": {
        "messages-banner": "2410.0.3",
        "messages-toast": "2410.0.3",
        "welcome-page": "2410.0.3",
        "information-organizer": "2410.0.3",
        "output-rich-text": "2410.0.3",
        "message-dialog-general": "2410.0.3",
        "list-section": "2410.0.3",
        "calendar": "2410.0.3",
        "smart-search-page": "2410.0.3"
      }
    },
    "oj-sample": {
      "version": "8.0.0",
      "components": {
        "export-data": "8.0.0",
        "tooltip": "8.0.0"
      }
    }
  }
 }