{
  "description": "",
  "eventListeners": {
    "headerAvatarClick": {
      "chains": [
        {
          "chain": "AvatarClickChain"
        }
      ]
    }
  },
  "events": {},
  "imports": {
    "components": {
      "oj-avatar": {
        "path": "ojs/ojavatar"
      },
      "oj-button": {
        "path": "ojs/ojbutton"
      },
      "oj-menu": {
        "path": "ojs/ojmenu"
      },
      "oj-menu-button": {
        "path": "ojs/ojbutton"
      },
      "oj-option": {
        "path": "ojs/ojoption"
      },
      "oj-toolbar": {
        "path": "ojs/ojtoolbar"
      }
    }
  },
  "types": {},
  "variables": {}
}