{
    "fieldValidators": [
        {
            "active": "active",
            "displayName": "idValidation",
            "errorMessage": "ID is not valid",
            "functionBody": "newValue === oldValue\r\nadf.context.getSecurityContext()?.getUserName()\r\n\\adf.context.getSecurityContext()?.isUserInRole(roleName)",
            "lastUpdate": "2025-03-26T15:09:36",
            "oid": "5120ced8-b00d-48fd-9ae9-a8c6db0318d6",
            "scriptMimeType": "application/x-adf-groovy",
            "onField": "id"
        }
      ],
    "objectFunctions": [],
    "objectValidators": [
        {
            "active": "active",
            "displayName": "creationDataNull",
            "errorMessage": "Error while validation",
            "functionBody": "fscm_conn.queryParams['onlyData'] = 'true'; // Default value\r\ndef fscm_connGetBusinessUnits = fscm_conn.getBusinessUnits();",
            "lastUpdate": "2025-03-26T14:59:44",
            "oid": "e727ab81-ae6b-4d57-9b5b-9738fa22fa12",
            "scriptMimeType": "application/x-adf-groovy"
        }
      ],
    "triggers": [
        {
            "active": "active",
            "displayName": "BeforeInsert",
            "lastUpdate": "2025-03-26T14:57:51",
            "oid": "63360f32-1e64-4866-afa7-efa3fbdfec3b",
            "scriptMimeType": "application/x-adf-groovy",
            "triggerEvents": [
                "BeforeInsert"
            ],
            "workflow": {
                "nodeType": "criterion",
                "type": "condition",
                "displayName": "Execute Conditionally",
                "outcomes": {
                    "false": {
                        "nodeType": "terminus",
                        "type": "end",
                        "for": "trigger"
                    },
                    "true": {
                        "nodeType": "actionGroup",
                        "displayName": "Action Group",
                        "after": {
                            "nodeType": "terminus",
                            "type": "end",
                            "for": "criteria"
                        },
                        "methodDefinition": {
                            "typeId": "emailNotification",
                            "archetypeId": "WorkflowPage__POStylesBODetailArchetype",
                            "vars": {
                                "to": "{\"expressionValue\":\"='rahul.raju@yahoo.com'\",\"staticValue\":\"rahul.raju@yahoo.com\",\"inputMode\":\"static\"}",
                                "templateId": "EmailTemplate",
                                "methodName": "onPostyles_B_OActionGroupExecute",
                                "pageEvent": "actionGroupExecute"
                            },
                            "outcomeHandlers": {}
                        }
                    }
                }
            }
        }
      ],
    "fieldTriggers": []
}