{
    "items": [
        {
            "BusinessUnitId": 300000023013842,
            "BusinessUnitName": "ADABC -BU1",
            "ActiveFlag": true,
            "PrimaryLedgerId": "300000023024587",
            "LocationId": null,
            "ManagerId": null,
            "LegalEntityId": "300000023024606",
            "ProfitCenterFlag": true
        },
        {
            "BusinessUnitId": 300000001400672,
            "BusinessUnitName": "ADAC - BU",
            "ActiveFlag": true,
            "PrimaryLedgerId": "300000021688028",
            "LocationId": 300000001397715,
            "ManagerId": "300000022466367",
            "LegalEntityId": "300000001403008",
            "ProfitCenterFlag": true
        },
        {
            "BusinessUnitId": 300000023013874,
            "BusinessUnitName": "ADAFZ-BU",
            "ActiveFlag": true,
            "PrimaryLedgerId": "300000021688028",
            "LocationId": null,
            "ManagerId": null,
            "LegalEntityId": "300000001403008",
            "ProfitCenterFlag": true
        },
        {
            "BusinessUnitId": 300000001400697,
            "BusinessUnitName": "ADDF - BU",
            "ActiveFlag": true,
            "PrimaryLedgerId": "300000021823366",
            "LocationId": null,
            "ManagerId": null,
            "LegalEntityId": "300000001403026",
            "ProfitCenterFlag": true
        },
        {
            "BusinessUnitId": 300000001400722,
            "BusinessUnitName": "ADHC - BU",
            "ActiveFlag": true,
            "PrimaryLedgerId": null,
            "LocationId": null,
            "ManagerId": null,
            "LegalEntityId": null,
            "ProfitCenterFlag": false
        },
        {
            "BusinessUnitId": 300000001400747,
            "BusinessUnitName": "MWGS - BU",
            "ActiveFlag": true,
            "PrimaryLedgerId": null,
            "LocationId": null,
            "ManagerId": null,
            "LegalEntityId": null,
            "ProfitCenterFlag": false
        },
        {
            "BusinessUnitId": 300000021734672,
            "BusinessUnitName": "Test BU",
            "ActiveFlag": false,
            "PrimaryLedgerId": null,
            "LocationId": null,
            "ManagerId": null,
            "LegalEntityId": null,
            "ProfitCenterFlag": false
        }
    ],
    "count": 7,
    "hasMore": false,
    "limit": 25,
    "offset": 0,
    "links": [
        {
            "rel": "self",
            "href": "https://hcts-test.fa.em2.oraclecloud.com:443/fscmRestApi/resources/11.13.18.05/finBusinessUnitsLOV",
            "name": "finBusinessUnitsLOV",
            "kind": "collection"
        }
    ]
}