{
  "title": "",
  "description": "",
  "variables": {
    "approvalHistoryADP": {
      "type": "vb/ArrayDataProvider2",
      "defaultValue": {
        "itemType": "any",
        "keyAttributes": "history_id"
      }
    },
    "buyer_var": {
      "type": "string"
    },
    "clientbu_var": {
      "type": "any"
    },
    "Country_var": {
      "type": "any"
    },
    "DocumentStyle": {
      "type": "string"
    },
    "Ext_Num_var": {
      "type": "string"
    },
    "ExternalIdentifiersADP": {
      "type": "vb/ArrayDataProvider2"
    },
    "HeadreAttchamentRequest": {
      "type": {
        "ContentType": "string",
        "DocumentAccount": "string",
        "DocumentContent": "string",
        "FileName": "string",
        "OperationName": "string"
      }
    },
    "approvalsADP": {
      "defaultValue": {
        "itemType": "any",
        "keyAttributes": "approval_id"
      },
      "type": "vb/ArrayDataProvider2"
    },
    "avatar": {
      "type": {
        "initials": "string",
        "src": "string"
      },
      "defaultValue": {
        "initials": "",
        "src": ""
      }
    },
    "billToBUADP": {
      "type": "vb/ArrayDataProvider2"
    },
    "billToLocationSDP": {
      "type": "vb/ServiceDataProvider",
      "defaultValue": {
        "endpoint": "fscm_conn/getShipToLocations",
        "responseType": "getShipToLocations",
        "itemsPath": "items",
        "keyAttributes": "LocationName",
        "transformsContext": {
          "vb-textFilterAttributes": [
            "LocationName"
          ]
        },
        "uriParameters": {
          "limit": 500
        }
      }
    },
    "cancelReason": {
      "type": "string"
    },
    "checkFlag": {
      "type": "boolean",
      "defaultValue": false
    },
    "closeReason": {
      "type": "string"
    },
    "communicationEmail": {
      "type": "string"
    },
    "ComparOveridePrice": {
      "type": "number"
    },
    "contextualInfoLabelVisible": {
      "type": "boolean",
      "defaultValue": false
    },
    "contextualInfoSticky": {
      "type": "boolean",
      "defaultValue": false
    },
    "DFFheaders": {
      "type": {
        "__FLEX_Context": "string",
        "__FLEX_Context_DisplayValue": "string",
        "additionalClauses": "string",
        "allowPriceOverride": "string",
        "attachment": "string",
        "autoConvertFlag": "string",
        "backOrderFlag": "string",
        "bpaType": "string",
        "bpoOrgHub": "string",
        "clauses": "string",
        "createdBy": "string",
        "createdViaBulkUtilityBy": "string",
        "customerCode": "string",
        "emPo": "string",
        "enrollmentnumber": "string",
        "feeAcceptedFeeRejectDesc": "string",
        "feeTypeUnitCost": "string",
        "freightcharge": "string",
        "futurebillflag": "string",
        "isfederalorder": "string",
        "orderNumber": "string",
        "Packingslip": "string",
        "palletNumber": "string",
        "pcn": "string",
        "podDatePodTimePodTimeZone": "string",
        "podSignedBy": "string",
        "podTimeZone": "string",
        "poEdiSuppressFlag": "string",
        "programcode": "string",
        "receiptType": "string",
        "senderFromMcidSo": "string",
        "servicePoInstruction": "string",
        "shipTo": "string",
        "shipToAddress": "string",
        "specialpricingflag": "string",
        "status": "string"
      }
    },
    "DFFlines": {
      "type": {
        "__FLEX_Context": "string",
        "__FLEX_Context_DisplayValue": "string",
        "asnNumber": "string",
        "attachment": "string",
        "backOrderStatus": "string",
        "commodityCode": "string",
        "configurationId": "string",
        "emPoLine": "string",
        "emsItem": "string",
        "estimatedShipDate": "string",
        "fulfillmentId": "string",
        "holdReasonCode": "string",
        "holdStatus": "string",
        "internalComments": "string",
        "itemBuyer1": "string",
        "latestOcPrice": "number",
        "ltbLastTimeBuy": "string",
        "maintenanceEnddates": "string",
        "maintenanceStartDates": "string",
        "ocPriceSite": "string",
        "priceComplete": "string",
        "priceLockDate": "string",
        "priceType": "string",
        "reasonCode": "string",
        "releaseDate": "string",
        "requiredDate": "string",
        "soLine": "string"

      }
    },
    "dirtyDataFlag": {
      "type": "boolean",
      "defaultValue": false
    },
    "dirtyDialogOpen": {
      "type": "boolean",
      "defaultValue": false
    },
    "disableItemFlag": {
      "type": "boolean",
      "defaultValue": false
    },
    "displayMode": {
      "type": "string"
    },
    "FOBSDP": {
      "defaultValue": {
        "endpoint": "fscm_conn/getGenericLookupsLOV",
        "responseType": "getGenericLookupsLOV",
        "itemsPath": "items",
        "uriParameters": {
          "q": "LookupType='FOB'"
        },
        "transformsContext": {
          "vb-textFilterAttributes": [
            "Description",
            "Meaning"
          ]
        },
        "keyAttributes": "LookupCode"
      },
      "type": "vb/ServiceDataProvider"
    },
    "formState": {
      "type": "string",
      "defaultValue": "valid"
    },
    "freightTermsSDP": {
      "type": "vb/ServiceDataProvider",
      "defaultValue": {
        "endpoint": "fscm_conn/getGenericLookupsLOV",
        "responseType": "getGenericLookupsLOV",
        "itemsPath": "items",
        "uriParameters": {
          "q": "LookupType='FREIGHT TERMS'"
        },
        "transformsContext": {
          "vb-textFilterAttributes": [
            "Description",
            "Meaning"
          ]
        },
        "keyAttributes": "LookupCode"
      }
    },
    "getShipToLocationsListSDP": {
      "type": "vb/ServiceDataProvider",
      "defaultValue": {
        "endpoint": "fscm_conn/getShipToLocations",
        "itemsPath": "items",
        "responseType": "getShipToLocationsResponse",
        "transformsContext": {
          "vb-textFilterAttributes": [
            "LocationName"
          ]
        },
        "keyAttributes": "LocationId"
      }
    },
    "GetSourceAgreementPayload": {
      "type": {
        "ProcurementBU": "string",
        "ItemNumber": "string",
        "SupplierName": "string",
        "SupplierSite": "string",
        "DocumentStyle": "string"
      }
    },
    "getStp005ItembuyerlovListSDP2": {
      "type": "vb/ServiceDataProvider",
      "defaultValue": {
        "endpoint": "ics_conn/getStp005Itembuyerlov",
        "keyAttributes": "EXT_IDENTIFIER_NUMBER",
        "itemsPath": "items",
        "responseType": "getStp005ItembuyerlovResponse2",
        "transformsContext": {
          "vb-textFilterAttributes": [
            "EXT_IDENTIFIER_NUMBER",
            "DISPLAY_NAME"
          ]
        }

      }
    },
    "getSTPPROCEXT05POGETSO1ListSDP": {
      "type": "vb/ServiceDataProvider",
      "defaultValue": {

        "keyAttributes": "SourceAgreementNumber",
        "itemsPath": "Results",
        "responseType": "getSTPPROCEXT05POGETSO1Response",
        "transformsContext": {
          "vb-textFilterAttributes": [
            "SourceAgreementNumber"
          ]
        },
        "fetchChain": "getSTP_PROC_EXT_005_PO_GETSO1_0Fetch"
      }
    },
    "getValueSetValuesListSDP": {
      "type": "vb/ServiceDataProvider",
      "defaultValue": {
        "endpoint": "fscm_conn/getValueSetValues",
        "keyAttributes": "Value",
        "itemsPath": "items",
        "responseType": "getValueSetValuesResponse",
        "uriParameters": {
          "valueSet": "STP_PROC_CLAUSELOV_VS"
        },
        "transformsContext": {
          "vb-textFilterAttributes": [
            "Value",
            "Description"
          ]
        }
      }
    },
    "getValueSetValuesListSDP10": {
      "type": "vb/ServiceDataProvider",
      "defaultValue": {
        "endpoint": "fscm_conn/getValueSetValues",
        "keyAttributes": "Value",
        "itemsPath": "items",
        "responseType": "getValueSetValuesResponse11",
        "uriParameters": {
          "valueSet": "STP_PROC_ODMPRICECOMPLETE_VS"
        },
        "transformsContext": {
          "vb-textFilterAttributes": [
            "Value"
          ]
        }
      }
    },
    "getValueSetValuesListSDP11": {
      "type": "vb/ServiceDataProvider",
      "defaultValue": {
        "endpoint": "fscm_conn/getValueSetValues",
        "keyAttributes": "Value",
        "itemsPath": "items",
        "responseType": "getValueSetValuesResponse12",
        "uriParameters": {
          "valueSet": "STP_PROC_POALLOWPRICEOVERRIDE_VS"
        },
        "transformsContext": {
          "vb-textFilterAttributes": [
            "Value"
          ]
        }
      }
    },
    "getValueSetValuesListSDP12": {
      "type": "vb/ServiceDataProvider",
      "defaultValue": {
        "endpoint": "fscm_conn/getValueSetValues",
        "keyAttributes": "Value",
        "itemsPath": "items",
        "responseType": "getValueSetValuesResponse13",
        "uriParameters": {
          "valueSet": "STP_PROC_BSOMAUTOCONVERT_VS"
        },
        "transformsContext": {
          "vb-textFilterAttributes": [
            "Value"
          ]
        }
      }
    },
    "getValueSetValuesListSDP2": {
      "type": "vb/ServiceDataProvider",
      "defaultValue": {
        "endpoint": "fscm_conn/getValueSetValues",
        "keyAttributes": "Value",
        "itemsPath": "items",
        "responseType": "getValueSetValuesResponse2",
        "uriParameters": {
          "valueSet": "STP_PROC_EDIFLAG_VS"
        },
        "transformsContext": {
          "vb-textFilterAttributes": [
            "Value"
          ]
        }
      }
    },
    "getValueSetValuesListSDP3": {
      "type": "vb/ServiceDataProvider",
      "defaultValue": {
        "endpoint": "fscm_conn/getValueSetValues",
        "keyAttributes": "Value",
        "itemsPath": "items",
        "responseType": "getValueSetValuesResponse3",
        "uriParameters": {
          "valueSet": "STP_PROC_TORF_10CHARACTER_VS"
        },
        "transformsContext": {
          "vb-textFilterAttributes": [
            "Value"
          ]
        }
      }
    },
    "getValueSetValuesListSDP4": {
      "type": "vb/ServiceDataProvider",
      "defaultValue": {
        "endpoint": "fscm_conn/getValueSetValues",
        "keyAttributes": "Value",
        "itemsPath": "items",
        "responseType": "getValueSetValuesResponse5",
        "uriParameters": {
          "valueSet": "STP_PROC_PRICETYPE_VS"
        },
        "transformsContext": {
          "vb-textFilterAttributes": [
            "Value",
            "Description"
          ]
        }
      }
    },
    "getValueSetValuesListSDP5": {
      "type": "vb/ServiceDataProvider",
      "defaultValue": {
        "endpoint": "fscm_conn/getValueSetValues",
        "keyAttributes": "Value",
        "itemsPath": "items",
        "responseType": "getValueSetValuesResponse6",
        "uriParameters": {
          "valueSet": "STP_PROC_REASONCODE_VS"
        },
        "transformsContext": {
          "vb-textFilterAttributes": [
            "Description",
            "Value"
          ]
        }
      }
    },
    "getValueSetValuesListSDP6": {
      "type": "vb/ServiceDataProvider",
      "defaultValue": {
        "endpoint": "fscm_conn/getValueSetValues",
        "keyAttributes": "Value",
        "itemsPath": "items",
        "responseType": "getValueSetValuesResponse7",
        "uriParameters": {
          "valueSet": "STP_PROC_LASTTIMEBUY_VS"
        },
        "transformsContext": {
          "vb-textFilterAttributes": [
            "Value"
          ]
        }
      }
    },
    "getValueSetValuesListSDP7": {
      "type": "vb/ServiceDataProvider",
      "defaultValue": {
        "endpoint": "fscm_conn/getValueSetValues",
        "keyAttributes": "Value",
        "itemsPath": "items",
        "responseType": "getValueSetValuesResponse8",
        "uriParameters": {
          "valueSet": "STP_PROC_SERVICEPOINSTRUCTION_VS"
        },
        "transformsContext": {
          "vb-textFilterAttributes": [
            "Value"
          ]
        }
      }
    },
    "getValueSetValuesListSDP8": {
      "type": "vb/ServiceDataProvider",
      "defaultValue": {
        "endpoint": "fscm_conn/getValueSetValues",
        "keyAttributes": "Value",
        "itemsPath": "items",
        "responseType": "getValueSetValuesResponse9",
        "uriParameters": {
          "valueSet": "STP_PROC_BPATYPE_VS"
        },
        "transformsContext": {
          "vb-textFilterAttributes": [
            "Value"
          ]
        }
      }
    },
    "getValueSetValuesListSDP9": {
      "type": "vb/ServiceDataProvider",
      "defaultValue": {
        "endpoint": "fscm_conn/getValueSetValues",
        "keyAttributes": "Value",
        "itemsPath": "items",
        "responseType": "getValueSetValuesResponse10",
        "uriParameters": {
          "valueSet": "STP_PROC_YESORNO_VS"
        },
        "transformsContext": {
          "vb-textFilterAttributes": [
            "Value"
          ]
        }
      }
    },
    "glAcctFilter": {
      "type": "string"
    },
    "goToParentOption": {
      "type": "boolean",
      "defaultValue": false
    },
    "headerId": {
      "type": "string",
      "input": "fromUrl"
    },
    "hnsec_var": {
      "type": "string"
    },
    "hyperlinkPriceflag": {
      "type": "boolean",
      "defaultValue": false
    },
    "isSaved": {
      "type": "boolean",
      "defaultValue": false
    },
    "itemBuyerADP": {
      "type": "vb/ArrayDataProvider2",
      "defaultValue": {
        "itemType": "any",
         "keyAttributes": "EXT_IDENTIFIER_NUMBER"
      }
    },
    "itemBuyerValFlag": {
      "type": "boolean",
      "defaultValue": false
    },
    "itemSDP": {
      "type": "vb/ServiceDataProvider",
      "defaultValue": {

        "responseType": "getItems",
        "itemsPath": "items",
        "transformsContext": {
          "vb-textFilterAttributes": [
            "ItemNumber",
            "ItemDescription"
          ]
        },
        "keyAttributes": [
          "ItemNumber",
          "OrganizationCode"
        ],
        "fetchChain": "getItemsFetch"
      }
    },
    "line_valid_var": {
      "type": "string"
    },
    "lineDetails": {
      "type": "object"
    },
    "lineDFF": {
      "type": {
        "__FLEX_Context": "string",
        "__FLEX_Context_DisplayValue": "string"
      }
    },
    "location_id_var": {
      "type": "number"
    },
    "ManualPriceCheckFlag": {
      "type": "boolean",
      "defaultValue": false
    },
    "objectId": {
      "type": "string",
      "defaultValue": ""
    },
    "onecostPriceErrorText": {
      "type": "string"
    },
    "org_Error_var": {
      "type": "string"
    },
    "organizationCode": {
      "type": "string",
      "defaultValue": " "
    },
    "OrganizationCodeArrayCheck": {
      "type": "object"
    },
    "paymenttermsSDP": {
      "type": "vb/ServiceDataProvider",
      "defaultValue": {
        "endpoint": "fscm_conn/getPayablesPaymentTermsLOV",
        "responseType": "getPayablesPaymentTermsLOVType",
        "itemsPath": "items",
        "keyAttributes": "Name",
        "transformsContext": {
          "vb-textFilterAttributes": [
            "Name"
          ]
        }
      }
    },
    "poCancelCommunicationMethod": {
      "type": "string"
    },
    "poCloseAction": {
      "type": "string"
    },
    "pOStylesBOListSDP": {
      "type": "vb/ServiceDataProvider",
      "defaultValue": {
        "endpoint": "businessObjects/getall_POStylesBO",
        "keyAttributes": "styleName",
        "itemsPath": "items",
        "responseType": "getallPOStylesBOResponse"
      }
    },
    "primaryAlwaysOn": {
      "type": "boolean",
      "defaultValue": true
    },
    "readOnly": {
      "type": "boolean",
      "defaultValue": "[[ $flow.variables.transReqDetails.po_status === 'SUBMIT' || $flow.variables.transReqDetails.po_status === 'PENDING APPROVAL' ]]"
    },
    "readOnlyFields": {
      "type": "boolean",
      "defaultValue": false
    },
    "reasonCodeFlag": {
      "type": "boolean",
      "defaultValue": false
    },
    "requestLinesADP": {
      "type": "vb/ArrayDataProvider2",
      "defaultValue": {
        "itemType": "any",
        "keyAttributes": "LineNumber"
      }
    },
    "RequireForLovalidation": {
      "type": "string"
    },
    "RequisitionBuADP": {
      "type": "vb/ArrayDataProvider2",
      "defaultValue": {
        "itemType": "any",
        "keyAttributes": "ClientBUId",
        "textFilterAttributes": [
          "ClientBU"
        ]
      }
    },
    "saveOption": {
      "type": "string",
      "defaultValue": "on"
    },
    "SoldToLegalEntity": {
      "type": "string"
    },
    "SourceAgreementNumberADP": {
      "type": "vb/ArrayDataProvider2",
      "defaultValue": {
      "itemType": "any",
       "keyAttributes": "SourceAgreementNumber"
      }
    },
    "submitComments": {
      "type": "string"
    },
    "supplier_site_var": {
      "type": "any"
    },
    "supplierContactsADP": {
      "type": "vb/ArrayDataProvider2",
      "defaultValue": {
        "itemType": "any",
         "keyAttributes": "SupplierContactId"
      }
    },
    "SupplierId": {
      "type": "string"
    },
    "supplierNumber": {
      "type": "string"
    },
    "supplierSIteADP": {
      "type": "vb/ArrayDataProvider2",
      "defaultValue": {
        "itemType": "any",
        "keyAttributes": "SUPPLIER_SITE_ID"
      }
    },
    "tag_var": {
      "type": "string"
    },
    "updateLineFlag": {
      "type": "boolean",
      "defaultValue": false
    },
    "ExternalIdentifiersADP_copy": {
      "type": "vb/ArrayDataProvider2"
    }

  },
  "metadata": {},
  "types": {
    "@decorators.getallPOStylesBOResponse": {
      "endpoint": "getall_POStylesBO",
      "service": "businessObjects",
      "path": "response"
    },
    "@decorators.getControlBudgetPeriods": {
      "endpoint": "getControlBudgetPeriods",
      "service": "fscm",
      "path": "response"
    },
    "@decorators.getControlBudgetsLOV": {
      "endpoint": "getControlBudgetsLOV",
      "service": "fscm",
      "path": "response"
    },
    "@decorators.getGenericLookupsLOV": {
      "endpoint": "getGenericLookupsLOV",
      "service": "fscm",
      "path": "response"
    },
    "@decorators.getItems": {
      "endpoint": "getItems",
      "service": "fscm",
      "path": "response"
    },
    "@decorators.getPayablesPaymentTermsLOVType": {
      "endpoint": "getPayablesPaymentTermsLOV",
      "service": "fscm",
      "path": "response"
    },
    "@decorators.getProcurementPersonsLOV": {
      "endpoint": "getProcurementPersonsLOV",
      "service": "fscm",
      "path": "response"
    },
    "@decorators.getProcurementPersonsLOVResponse": {
      "endpoint": "getProcurementPersonsLOV",
      "service": "fscm",
      "path": "response"
    },
    "@decorators.getProcurementPersonsLOVResponse2": {
      "endpoint": "getProcurementPersonsLOV",
      "service": "fscm",
      "path": "response"
    },
    "@decorators.getProjects": {
      "endpoint": "getProjects",
      "service": "fscm",
      "path": "response"
    },
    "@decorators.getReqBUType": {
      "endpoint": "getSuppliersSite",
      "service": "fscm",
      "path": "response-_-items[0]-_-assignments-_-items[0]"
    },
    "@decorators.getShipToLocations": {
      "endpoint": "getShipToLocations",
      "service": "fscm",
      "path": "response"
    },
    "@decorators.getShipToLocationsResponse": {
      "endpoint": "getShipToLocations",
      "service": "fscm_conn",
      "path": "response"
    },
    "@decorators.getStp005ItembuyerlovResponse": {
      "endpoint": "getStp005Itembuyerlov",
      "service": "ics_conn",
      "path": "response"
    },
    "@decorators.getStp005ItembuyerlovResponse2": {
      "endpoint": "getStp005Itembuyerlov",
      "service": "ics_conn",
      "path": "response"
    },
    "@decorators.getSTPPROCEXT05POGETSO1Response": {
      "endpoint": "getSTP_PROC_EXT_005_PO_GETSO1_0",
      "service": "ics_conn",
      "path": "response"
    },
    "@decorators.getSTPPROCEXT05POGETSOResponse": {
      "endpoint": "getSTP_PROC_EXT_005_PO_GETSO",
      "service": "ics_conn",
      "path": "response"
    },
    "@decorators.getSuppliers": {
      "endpoint": "getSuppliers",
      "service": "fscm",
      "path": "response"
    },
    "@decorators.getSuppliersLOV": {
      "endpoint": "getSuppliers",
      "service": "fscm",
      "path": "response"
    },
    "@decorators.getValueSetValues": {
      "endpoint": "getValueSetValues",
      "service": "fscm",
      "path": "response"
    },
    "@decorators.getValueSetValuesResponse": {
      "endpoint": "getValueSetValues",
      "service": "fscm_conn",
      "path": "response"
    },
    "@decorators.getValueSetValuesResponse10": {
      "endpoint": "getValueSetValues",
      "service": "fscm_conn",
      "path": "response"
    },
    "@decorators.getValueSetValuesResponse11": {
      "endpoint": "getValueSetValues",
      "service": "fscm_conn",
      "path": "response"
    },
    "@decorators.getValueSetValuesResponse12": {
      "endpoint": "getValueSetValues",
      "service": "fscm_conn",
      "path": "response"
    },
    "@decorators.getValueSetValuesResponse13": {
      "endpoint": "getValueSetValues",
      "service": "fscm_conn",
      "path": "response"
    },
    "@decorators.getValueSetValuesResponse2": {
      "endpoint": "getValueSetValues",
      "service": "fscm_conn",
      "path": "response"
    },
    "@decorators.getValueSetValuesResponse3": {
      "endpoint": "getValueSetValues",
      "service": "fscm_conn",
      "path": "response"
    },
    "@decorators.getValueSetValuesResponse4": {
      "endpoint": "getValueSetValues",
      "service": "fscm_conn",
      "path": "response"
    },
    "@decorators.getValueSetValuesResponse5": {
      "endpoint": "getValueSetValues",
      "service": "fscm_conn",
      "path": "response"
    },
    "@decorators.getValueSetValuesResponse6": {
      "endpoint": "getValueSetValues",
      "service": "fscm_conn",
      "path": "response"
    },
    "@decorators.getValueSetValuesResponse7": {
      "endpoint": "getValueSetValues",
      "service": "fscm_conn",
      "path": "response"
    },
    "@decorators.getValueSetValuesResponse8": {
      "endpoint": "getValueSetValues",
      "service": "fscm_conn",
      "path": "response"
    },
    "@decorators.getValueSetValuesResponse9": {
      "endpoint": "getValueSetValues",
      "service": "fscm_conn",
      "path": "response"
    },
    "getallPOStylesBOResponse": {
      "items": [
        {
          "styleName": "string"
        }
      ]
    },
    "getControlBudgetPeriods": {
      "items": [
        {
          "BudgetPeriodStatus": "string",
          "BudgetPeriodStatusId": "number",
          "BudgetYear": "number",
          "ControlBudgetId": "number",
          "EndDate": "string",
          "PeriodName": "string",
          "PeriodNumber": "number",
          "StartDate": "string"
        }
      ]
    },
    "getControlBudgetsLOV": {
      "items": [
        {
          "AwardId": "number",
          "ControlBudgetId": "number",
          "ControlLevelCode": "string",
          "FromPeriod": "string",
          "LedgerId": "number",
          "Name": "string",
          "ProjectId": "number",
          "SourceBudgetName": "string",
          "SourceBudgetType": "string",
          "StatusCode": "string",
          "ToPeriod": "string"
        }
      ]
    },
    "getGenericLookupsLOV": {
      "items": [
        {
          "Description": "string",
          "LookupCode": "string",
          "Meaning": "string"
        }
      ]
    },
    "getItems": {
      "items": [
        {
          "ItemDescription": "string",
          "ItemId": "number",
          "ItemNumber": "string",
          "Keyword": "any",
          "OrganizationCode": "string",
          "OrganizationId": "number",
          "PrimaryUOMCode": "string",
          "PrimaryUOMName": "string"
        }
      ]
    },
    "getPayablesPaymentTermsLOVType": {
      "items": [
        {
          "Name": "string"
        }
      ]
    },
    "getProcurementPersonsLOV": {
      "items": [
        {
          "Department": "string",
          "DisplayName": "string",
          "Email": "string",
          "Job": "string",
          "LocationId": "number",
          "PersonId": "number",
          "PersonNumber": "string"
        }
      ]
    },
    "getProcurementPersonsLOVResponse": {
      "items": [
        {
          "DisplayName": "string",
          "Email": "string"
        }
      ]
    },
    "getProcurementPersonsLOVResponse2": {
      "items": [
        {
          "DisplayName": "string",
          "Email": "string"
        }
      ]
    },
    "getProjects": {
      "items": [
        {
          "ProjectId": "number",
          "ProjectName": "string",
          "ProjectNumber": "string"
        }
      ]
    },
    "getReqBUType": {
      "ClientBU": "string"
    },
    "getShipToLocations": {
      "items": [
        {
          "Address": "string",
          "Description": "any",
          "LocationCode": "string",
          "LocationId": "number",
          "LocationName": "string",
          "SetName": "string"
        }
      ]
    },
    "getShipToLocationsResponse": {
      "items": [
        {
          "Address": "string",
          "Description": "any",
          "LocationCode": "string",
          "LocationId": "number",
          "LocationName": "string",
          "SetName": "string"
        }
      ]
    },
    "getStp005ItembuyerlovResponse": {
      "items": [
        {
          "EXT_IDENTIFIER_NUMBER": "string"
        }
      ]
    },
    "getStp005ItembuyerlovResponse2": {
      "items": [
        {
          "DISPLAY_NAME": "string",
          "EXT_IDENTIFIER_NUMBER": "string"
        }
      ]
    },
    "getSTPPROCEXT05POGETSO1Response": {
      "Results": [
        {
          "SourceAgreementNumber": "string",
          "SourceLineAgreementNumber": "string"
        }
      ]
    },
    "getSTPPROCEXT05POGETSOResponse": {
      "Results": [
        {
          "allow_price_override_flag": "string",
          "SourceAgreementNumber": "string",
          "SourceLineAgreementNumber": "string"
        }
      ]
    },
    "getSuppliers": {
      "items": [
        {
          "Supplier": "string",
          "SupplierId": "number"
        }
      ]
    },
    "getSuppliersLOV": {
      "items": [
        {
          "AlternateName": "string",
          "Supplier": "string",
          "SupplierId": "number",
          "SupplierNumber": "string"
        }
      ]
    },
    "getValueSetValues": {
      "items": [
        {
          "AccountType": "string",
          "ControlAccount": "string",
          "CreatedBy": "string",
          "CreationDate": "string",
          "Description": "string",
          "DetailBudgetingAllowed": "string",
          "DetailPostingAllowed": "string",
          "EnabledFlag": "string",
          "EndDateActive": "any",
          "ExternalDataSource": "any",
          "FinancialCategory": "string",
          "IndependentValue": "any",
          "IndependentValueDate": "any",
          "IndependentValueNumber": "any",
          "IndependentValueTimestamp": "any",
          "LastUpdateDate": "string",
          "LastUpdatedBy": "string",
          "ReconciliationFlag": "string",
          "SortOrder": "any",
          "StartDateActive": "string",
          "SummaryFlag": "string",
          "TranslatedValue": "any",
          "Value": "string",
          "ValueDate": "any",
          "ValueId": "number",
          "ValueNumber": "any",
          "ValueTimestamp": "any"
        }
      ]
    },
    "getValueSetValuesResponse": {
      "items": [
        {
          "Description": "string",
          "Value": "string"

        }
      ]
    },
    "getValueSetValuesResponse10": {
      "items": [
        {
          "Value": "string"
        }
      ]
    },
    "getValueSetValuesResponse11": {
      "items": [
        {
          "Value": "string"
        }
      ]
    },
    "getValueSetValuesResponse12": {
      "items": [
        {
          "Value": "string"
        }
      ]
    },
    "getValueSetValuesResponse13": {
      "items": [
        {
          "Value": "string"
        }
      ]
    },
    "getValueSetValuesResponse2": {
      "items": [
        {
          "Value": "string"
        }
      ]
    },
    "getValueSetValuesResponse3": {
      "items": [
        {
          "Value": "string"
        }
      ]
    },
    "getValueSetValuesResponse4": {
      "items": [
        {
          "Value": "string"
        }
      ]
    },
    "getValueSetValuesResponse5": {
      "items": [
        {
          "Description": "string",
          "Value": "string"

        }
      ]
    },
    "getValueSetValuesResponse6": {
      "items": [
        {
          "Description": "string",
          "Value": "string"

        }
      ]
    },
    "getValueSetValuesResponse7": {
      "items": [
        {
          "Value": "string"
        }
      ]
    },
    "getValueSetValuesResponse8": {
      "items": [
        {
          "Value": "string"
        }
      ]
    },
    "getValueSetValuesResponse9": {
      "items": [
        {
          "Value": "string"
        }
      ]
    },
    "Line_ADP_Type": {
      "amount": "number",
      "line_id": "number",
      "LineNumber": "number",
      "Item": "string",
      "Price": "number",
      "Quantity": "number",
      "shipmentDate": "string",
      "UOM": "string"
    }

  },
  "eventListeners": {
    "buttonAction": {
      "chains": [
        {
          "chain": "lineDetailSaveChain"
        }
      ]
    },
    "buttonAction2": {
      "chains": [
        {
          "chain": "SubmitActionChain"
        }
      ]
    },
    "buttonAction3": {
      "chains": [
        {
          "chain": "SubmitActionChain"
        }
      ]
    },
    "buttonAction4": {
      "chains": [
        {
          "chain": "SubmitActionChain"
        }
      ]
    },
    "buttonAction5": {
      "chains": [
        {
          "chain": "poCloseChain"
        }
      ]
    },
    "buttonAction6": {
      "chains": [
        {
          "chain": "spCancelPOChain"
        }
      ]
    },
    "collectionToolbarSpAdd": {
      "chains": [
        {
          "chain": "CollectionToolbarSpAddChain"
        }
      ]
    },
    "collectionToolbarSpExport": {
      "chains": [
        {
          "chain": "CollectionToolbarSpExportChain"
        }
      ]
    },
    "confirmNoOjAction": {
      "chains": [
        {
          "chain": "dialogResponseChain",
          "parameters": {
            "detail": "{{ $event.detail }}",
            "response": "NO"
          }
        }
      ]
    },
    "confirmYesOjAction": {
      "chains": [
        {
          "chain": "dialogResponseChain",
          "parameters": {
            "detail": "{{ $event.detail }}",
            "response": "YES"
          }
        }
      ]
    },
    "fileimportSelect": {
      "chains": [
        {
          "chain": "FilePickerSelectChain",
          "parameters": {
            "files": "[[ Array.prototype.slice.call($event.detail.files) ]]"
          }
        }
      ]
    },
    "fileimportSelect2": {
      "chains": [
        {
          "chain": "FilePickerSelectChainLine",
          "parameters": {
            "files": "[[ Array.prototype.slice.call($event.detail.files) ]]"
          }
        }
      ]
    },
    "hyperlinkClick": {
      "chains": [
        {
          "chain": "viewLineDetailsChain",
          "parameters": {
            "key": "{{ $current.key }}",
            "index": "{{ $current.index }}",
            "current": "{{ $current }}"
          }
        }
      ]
    },
    "hyperlinkClick2": {
      "chains": [
        {
          "chain": "lineDetailSaveChain",
          "parameters": {
            "lineId": "[[ $current.row]]"
          }
        }
      ]
    },
    "hyperlinkClick3": {
      "chains": [
        {
          "chain": "openActionHistoryChain"
        }
      ]
    },
    "hyperlinkClick4": {
      "chains": [
        {
          "chain": "openApprovalsChain",
          "parameters": {
            "data": "[[ $current.row ]]"
          }
        }
      ]
    },
    "inputNumberKeypress": {
      "chains": [
        {
          "chain": "PriceInputKeypressChain"
        }
      ]
    },
    "inputNumberValue": {
      "chains": [
{
          "chain": "PriceitemValueChangeChain",
          "parameters": {
            "value": "{{ $event.detail.value }}"
          }
        },
        {
          "chain": "ManualPriceValueChangeChain",
          "parameters": {
            "value": "{{ $event.detail.value }}"
          }
        }
      ]
    },
    "inputNumberValue2": {
      "chains": [
        {
          "chain": "QuantityChangeChain",
          "parameters": {
            "value": "{{ $event.detail.value }}"
          }
        }
      ]
    },
    "lineDetailsChange": {
      "chains": [
        {
          "chain": "lineItemChangeChain",
          "parameters": {
            "key": "{{$event.detail.value.key}}",
            "data": "{{$event.detail.value.data}}",
            "metadata": "{{$event}}"
          }
        }
      ]
    },
    "lineDialogClose": {
      "chains": [
        {
          "chain": "DialogCloseChain"
        }
      ]
    },
    "ojdynamicFormTransientValueChangeChain": {
      "chains": [
        {
          "chain": "dynamicFormTransientValueChangeChain",
          "parameters": {
            "detail": "{{ $event.detail}}"
          }
        }
      ]
    },
    "ojSpCancel": {
      "chains": [
        {
          "chain": "spCancelChain",
          "parameters": {
            "detail": "{{ $event.detail }}"
          }
        }
      ]
    },
    "ojSpGoToParent": {
      "chains": [
        {
          "chain": "goToParent",
          "parameters": {}
        }
      ]
    },
    "ojSpSave": {
      "chains": [
        {
          "chain": "spSaveChain"
        }
      ]
    },
    "ojSpSubmit": {
      "chains": [
        {
          "chain": "ConfirmSubmitActionChain"
        }
      ]
    },
    "ojSsce1SpSecondaryAction": {
      "chains": [
        {
          "chain": "spCloseCancelChain",
          "parameters": {
            "SecondaryActionValue": "{{ $event.detail.secondaryItem }}"
          }
        }
      ]
    },
    "selectValueAction": {
      "chains": [
        {
          "chain": "styleChange",
          "parameters": {
            "details": "[[ $event.detail.itemContext ]]",
            "style": "[[ $event.detail.itemContext.data.display_name ]]"
          }
        }
      ]
    },
    "selectValueAction3": {
      "chains": [
        {
          "chain": "supplierChangeChain",
          "parameters": {
            "details": "{{ $event.detail.itemContext.data }}"
          }
        }
      ]
    },
    "selectValueAction4": {
      "chains": [
        {
          "chain": "supplierContactChangeChain",
          "parameters": {
            "details": "[[ $event.detail.itemContext.data ]]"
          }
        }
      ]
    },
    "selectValueItem": {
      "chains": [
        {
          "chain": "selectBuyerChain",
          "parameters": {
            "key": "{{$event.detail.value.key}}",
            "data": "{{ $event.detail.itemContext }}",
            "metadata": "{{ $event.detail }}"
          }
        }
      ]
    },
    "selectValueItem2": {
      "chains": [
        {
          "chain": "shiptoValueChangeChain",
          "parameters": {
            "key": "{{$event.detail.value.key}}",
            "data": "{{$event.detail.value.data}}",
            "metadata": "{{$event.detail.value.metadata}}"
          }
        }
      ]
    },
    "selectValueItem3": {
      "chains": [
        {
          "chain": "supplierSiteChain",
          "parameters": {
            "key": "{{$event.detail.value.key}}",
            "data": "{{$event.detail.value.data}}",
            "metadata": "{{$event.detail}}"
          }
        }
      ]
    },
    "selectValueItem4": {
      "chains": [
        {
          "chain": "SuplierValueActionChain",
          "parameters": {
            "key": "{{$event.detail.value.key}}",
            "data": "{{$event.detail.value.data}}",
            "metadata": "{{$event.detail.value.metadata}}"
          }
        }
      ]
    },
    "selectValueItem5": {
      "chains": [
        {
          "chain": "selReqBUChain",
          "parameters": {
            "key": "{{ $event.detail.value }}",
            "data": "{{ $event.detail.itemContext.data }}",
            "metadata": "{{ $event.detail }}"
          }
        }
      ]
    },
    "selectValueItem6": {
      "chains": [
        {
          "chain": "ProcBUChangeActionChain",
          "parameters": {
            "key": "{{$event.detail.value.key}}",
            "data": "{{$event.detail.value.data}}",
            "metadata": "{{$event.detail.value.metadata}}"
          }
        }
      ]
    },
    "selectValueItem7": {
      "chains": [
        {
          "chain": "SourceAgreementChangeChain",
          "parameters": {
            "key": "{{$event.detail.value.key}}",
            "data": "{{$event.detail.value.data}}",
            "metadata": "{{$event.detail.value.metadata}}"
          }
        }
      ]
    },
    "selectValueItem8": {
      "chains": [
      ]
    },
    "selectValueItem9": {
      "chains": [
        {
          "chain": "SelectValueItemChangeChain1",
          "parameters": {
            "key": "{{$event.detail.value.key}}",
            "data": "{{$event.detail.value.data}}",
            "metadata": "{{$event.detail.value.metadata}}"
          }
        }
      ]
    },
    "vbBeforeExit": {
      "chains": [
        {
          "chain": "checkBeforeExit",
          "parameters": {}
        }
      ]
    },
    "vbEnter": {
      "chains": [
        {
          "parameters": {},
          "chain": "pageLoadChain"
        }
      ]
    }

  },
  "imports": {
    "components": {
      "oj-button": {
        "path": "ojs/ojbutton"
      },
      "oj-buttonset-many": {
        "path": "ojs/ojbutton"
      },
      "oj-checkboxset": {
        "path": "ojs/ojcheckboxset"
      },
      "oj-collapsible": {
        "path": "ojs/ojcollapsible"
      },
      "oj-dialog": {
        "path": "ojs/ojdialog"
      },
      "oj-dyn-form": {
        "path": "oj-dyn/form/loader"
      },
      "oj-dynamic-form": {
        "path": "oj-dynamic/form/loader"
      },
      "oj-file-picker": {
        "path": "ojs/ojfilepicker"
      },
      "oj-form-layout": {
        "path": "ojs/ojformlayout"
      },
      "oj-highlight-text": {
        "path": "ojs/ojhighlighttext"
      },
      "oj-input-date": {
        "path": "ojs/ojdatetimepicker"
      },
      "oj-input-date-time": {
        "path": "ojs/ojdatetimepicker"
      },
      "oj-input-number": {
        "path": "ojs/ojinputnumber"
      },
      "oj-input-password": {
        "path": "ojs/ojinputtext"
      },
      "oj-input-text": {
        "path": "ojs/ojinputtext"
      },
      "oj-label": {
        "path": "ojs/ojlabel"
      },
      "oj-label-value": {
        "path": "ojs/ojlabelvalue"
      },
      "oj-list-item-layout": {
        "path": "ojs/ojlistitemlayout"
      },
      "oj-option": {
        "path": "ojs/ojoption"
      },
      "oj-progress-bar": {
        "path": "ojs/ojprogress-bar"
      },
      "oj-radioset": {
        "path": "ojs/ojradioset"
      },
      "oj-sample-export-data": {
        "path": "oj-sample/export-data/loader"
      },
      "oj-select-single": {
        "path": "ojs/ojselectsingle"
      },
      "oj-sp-attachments-2": {
        "path": "oj-sp/attachments-2/loader"
      },
      "oj-sp-calendar": {
        "path": "oj-sp/calendar/loader"
      },
      "oj-sp-collection-container": {
        "path": "oj-sp/collection-container/loader"
      },
      "oj-sp-collection-toolbar": {
        "path": "oj-sp/collection-toolbar/loader"
      },
      "oj-sp-detail-panel": {
        "path": "oj-sp/detail-panel/loader"
      },
      "oj-sp-empty-state": {
        "path": "oj-sp/empty-state/loader"
      },
      "oj-sp-foldout-panel-overflow": {
        "path": "oj-sp/foldout-panel-overflow/loader"
      },
      "oj-sp-input-currency": {
        "path": "oj-sp/input-currency/loader"
      },
      "oj-sp-message-unsaved-changes": {
        "path": "oj-sp/message-unsaved-changes/loader"
      },
      "oj-sp-select-single-currency": {
        "path": "oj-sp/select-single-currency/loader"
      },
      "oj-sp-simple-create-edit": {
        "path": "oj-sp/simple-create-edit/loader"
      },
      "oj-table": {
        "path": "ojs/ojtable"
      },
      "oj-text-area": {
        "path": "ojs/ojinputtext"
      },
      "oj-validation-group": {
        "path": "ojs/ojvalidationgroup"
      }

    },
    "modules": {
      "ojValidationDateTime": {
        "path": "ojs/ojvalidation-datetime"
      }
    }
  },
  "@dt": {
    "iconClass": "vbdt-dynamic-icon-81-icoSimpleCreateAndEdit48Svg"
  },
  "security": {
    "access": {
      "requiresAuthentication": false
    }
  }
}