{
    "items": [
        {
            "ControlBudgetId": 300000022551014,
            "ControlLevelCode": "ADVISORY",
            "ToPeriod": "2023",
            "LedgerId": 300000021823366,
            "Name": "ANNUAL ADDF BUDGET 2023",
            "AwardId": -98,
            "ProjectId": -99,
            "SourceBudgetName": "300000022545179",
            "SourceBudgetType": "XCC",
            "FromPeriod": "2023",
            "StatusCode": "PERMANENTLY_CLOSED"
        },
        {
            "ControlBudgetId": 300000024166558,
            "ControlLevelCode": "TRACK",
            "ToPeriod": "Dec-24",
            "LedgerId": 300000023024587,
            "Name": "ADABC BUD 2024",
            "AwardId": -98,
            "ProjectId": -99,
            "SourceBudgetName": "ADABC BUD 2024",
            "SourceBudgetType": "OTHER",
            "FromPeriod": "Jan-24",
            "StatusCode": "CLOSED"
        },
        {
            "ControlBudgetId": 300000021688294,
            "ControlLevelCode": "ADVISORY",
            "ToPeriod": "Dec-23",
            "LedgerId": 300000021688028,
            "Name": "ADAC Budgets 2023",
            "AwardId": -98,
            "ProjectId": -98,
            "SourceBudgetName": "ADAC Budgets 2023",
            "SourceBudgetType": "OTHER",
            "FromPeriod": "Jan-23",
            "StatusCode": "PERMANENTLY_CLOSED"
        },
        {
            "ControlBudgetId": 300000022529222,
            "ControlLevelCode": "ADVISORY",
            "ToPeriod": "2023",
            "LedgerId": 300000021688028,
            "Name": "Do Not Use",
            "AwardId": -98,
            "ProjectId": -98,
            "SourceBudgetName": "300000022528895",
            "SourceBudgetType": "XCC",
            "FromPeriod": "2023",
            "StatusCode": "PERMANENTLY_CLOSED"
        },
        {
            "ControlBudgetId": 300000022529378,
            "ControlLevelCode": "TRACK",
            "ToPeriod": "Dec-23",
            "LedgerId": 300000021688028,
            "Name": "Not In Use",
            "AwardId": -98,
            "ProjectId": -98,
            "SourceBudgetName": "MONTHLY BUD 2023",
            "SourceBudgetType": "OTHER",
            "FromPeriod": "Jan-20",
            "StatusCode": "PERMANENTLY_CLOSED"
        },
        {
            "ControlBudgetId": 300000022479881,
            "ControlLevelCode": "ADVISORY",
            "ToPeriod": "Dec-23",
            "LedgerId": 300000021688028,
            "Name": "BUDGET 2023",
            "AwardId": -98,
            "ProjectId": -98,
            "SourceBudgetName": "BUDGET 2023",
            "SourceBudgetType": "OTHER",
            "FromPeriod": "Jan-23",
            "StatusCode": "PERMANENTLY_CLOSED"
        },
        {
            "ControlBudgetId": 300000022545050,
            "ControlLevelCode": "NONE",
            "ToPeriod": "2023",
            "LedgerId": 300000021688028,
            "Name": "ADAC SUMMARY BUDGET 2023",
            "AwardId": -98,
            "ProjectId": -98,
            "SourceBudgetName": "300000022543215",
            "SourceBudgetType": "XCC",
            "FromPeriod": "2023",
            "StatusCode": "REDEFINING"
        },
        {
            "ControlBudgetId": 300000022553650,
            "ControlLevelCode": "ABSOLUTE",
            "ToPeriod": "2023",
            "LedgerId": 300000021823366,
            "Name": "ANNUAL ADDF ALL BUDGET 2023",
            "AwardId": -98,
            "ProjectId": -99,
            "SourceBudgetName": "300000022545179",
            "SourceBudgetType": "XCC",
            "FromPeriod": "2023",
            "StatusCode": "CLOSED"
        },
        {
            "ControlBudgetId": 300000023024665,
            "ControlLevelCode": "ABSOLUTE",
            "ToPeriod": "Dec-23",
            "LedgerId": 300000023024587,
            "Name": "ADABC BUD 2023",
            "AwardId": -98,
            "ProjectId": -99,
            "SourceBudgetName": "ADABC BUD 2023",
            "SourceBudgetType": "OTHER",
            "FromPeriod": "Jan-23",
            "StatusCode": "CLOSED"
        },
        {
            "ControlBudgetId": 300000024165642,
            "ControlLevelCode": "NONE",
            "ToPeriod": "Dec-24",
            "LedgerId": 300000021688028,
            "Name": "Not in use100",
            "AwardId": -98,
            "ProjectId": -98,
            "SourceBudgetName": "ADAFZ BUDGET 2024",
            "SourceBudgetType": "OTHER",
            "FromPeriod": "Jan-24",
            "StatusCode": "PERMANENTLY_CLOSED"
        },
        {
            "ControlBudgetId": 300000022528895,
            "ControlLevelCode": "TRACK",
            "ToPeriod": "Dec-23",
            "LedgerId": 300000021688028,
            "Name": "Dont Use",
            "AwardId": -98,
            "ProjectId": -98,
            "SourceBudgetName": "TEST BUDGET",
            "SourceBudgetType": "OTHER",
            "FromPeriod": "Jan-23",
            "StatusCode": "PERMANENTLY_CLOSED"
        },
        {
            "ControlBudgetId": 300000022529347,
            "ControlLevelCode": "ADVISORY",
            "ToPeriod": "2023",
            "LedgerId": 300000021688028,
            "Name": "Not To Be Used",
            "AwardId": -98,
            "ProjectId": -98,
            "SourceBudgetName": "300000022529378",
            "SourceBudgetType": "XCC",
            "FromPeriod": "2023",
            "StatusCode": "PERMANENTLY_CLOSED"
        },
        {
            "ControlBudgetId": 300000022545179,
            "ControlLevelCode": "TRACK",
            "ToPeriod": "Dec-23",
            "LedgerId": 300000021823366,
            "Name": "MONTHLY ADDF BUDGET 2023",
            "AwardId": -98,
            "ProjectId": -99,
            "SourceBudgetName": "MONTHLY ADDF BUDGET 2023",
            "SourceBudgetType": "OTHER",
            "FromPeriod": "Jan-23",
            "StatusCode": "CLOSED"
        },
        {
            "ControlBudgetId": 300000024164790,
            "ControlLevelCode": "ADVISORY",
            "ToPeriod": "Dec-25",
            "LedgerId": 300000021688028,
            "Name": "ADAC BUDGET 2024",
            "AwardId": -98,
            "ProjectId": -98,
            "SourceBudgetName": "ADAC BUDGET 2024",
            "SourceBudgetType": "OTHER",
            "FromPeriod": "Jan-24",
            "StatusCode": "IN_USE"
        },
        {
            "ControlBudgetId": 300000022543215,
            "ControlLevelCode": "TRACK",
            "ToPeriod": "Dec-23",
            "LedgerId": 300000021688028,
            "Name": "MONTHLY BUDGET 2023",
            "AwardId": -98,
            "ProjectId": -98,
            "SourceBudgetName": "MONTHLY BUDGET 2023",
            "SourceBudgetType": "OTHER",
            "FromPeriod": "Jan-23",
            "StatusCode": "PREPARING_REDEFINITION"
        },
        {
            "ControlBudgetId": 300000028499169,
            "ControlLevelCode": "NONE",
            "ToPeriod": "Dec-24",
            "LedgerId": 300000021688028,
            "Name": "Test ADAC Budget 2024",
            "AwardId": -98,
            "ProjectId": -98,
            "SourceBudgetName": "300000024164790",
            "SourceBudgetType": "XCC",
            "FromPeriod": "Jan-24",
            "StatusCode": "PERMANENTLY_CLOSED"
        },
        {
            "ControlBudgetId": 300000028607437,
            "ControlLevelCode": "TRACK",
            "ToPeriod": "Dec-24",
            "LedgerId": 300000021688028,
            "Name": "ADAC EPM 2024 Budget",
            "AwardId": -98,
            "ProjectId": -99,
            "SourceBudgetName": "ADAC EPM 2024 Budget",
            "SourceBudgetType": "HYPERION",
            "FromPeriod": "Jan-24",
            "StatusCode": "PERMANENTLY_CLOSED"
        },
        {
            "ControlBudgetId": 300000028631544,
            "ControlLevelCode": "TRACK",
            "ToPeriod": "Dec-26",
            "LedgerId": 300000021688028,
            "Name": "10031_Top_Resource_Track",
            "AwardId": -98,
            "ProjectId": 300000028625004,
            "SourceBudgetName": "300000028625004",
            "SourceBudgetType": "PPM",
            "FromPeriod": "Jan-24",
            "StatusCode": "IN_USE"
        },
        {
            "ControlBudgetId": 300000028631548,
            "ControlLevelCode": "ABSOLUTE",
            "ToPeriod": "PRD_01-01",
            "LedgerId": 300000021688028,
            "Name": "10031",
            "AwardId": -98,
            "ProjectId": 300000028625004,
            "SourceBudgetName": "300000028631544",
            "SourceBudgetType": "XCC",
            "FromPeriod": "PRD_01-01",
            "StatusCode": "IN_USE"
        },
        {
            "ControlBudgetId": 300000028631550,
            "ControlLevelCode": "ABSOLUTE",
            "ToPeriod": "PRD_01-01",
            "LedgerId": 300000021688028,
            "Name": "10031_Top_Resource",
            "AwardId": -98,
            "ProjectId": 300000028625004,
            "SourceBudgetName": "300000028631544",
            "SourceBudgetType": "XCC",
            "FromPeriod": "PRD_01-01",
            "StatusCode": "IN_USE"
        },
        {
            "ControlBudgetId": 300000028631648,
            "ControlLevelCode": "ABSOLUTE",
            "ToPeriod": "PRD_01-01",
            "LedgerId": 300000021688028,
            "Name": "10032_Top_Resource",
            "AwardId": -98,
            "ProjectId": 300000028625492,
            "SourceBudgetName": "300000028631642",
            "SourceBudgetType": "XCC",
            "FromPeriod": "PRD_01-01",
            "StatusCode": "IN_USE"
        },
        {
            "ControlBudgetId": 300000028968541,
            "ControlLevelCode": "ABSOLUTE",
            "ToPeriod": "Dec-24",
            "LedgerId": 300000021688028,
            "Name": "Test",
            "AwardId": -98,
            "ProjectId": -99,
            "SourceBudgetName": "Test",
            "SourceBudgetType": "OTHER",
            "FromPeriod": "Jan-24",
            "StatusCode": "NOT_READY_FOR_USE"
        },
        {
            "ControlBudgetId": 300000028976449,
            "ControlLevelCode": "ADVISORY",
            "ToPeriod": "Dec-24",
            "LedgerId": 300000021688028,
            "Name": "ADACORIGINAL",
            "AwardId": -98,
            "ProjectId": -99,
            "SourceBudgetName": "ADACORIGINAL",
            "SourceBudgetType": "HYPERION",
            "FromPeriod": "Jun-24",
            "StatusCode": "PERMANENTLY_CLOSED"
        },
        {
            "ControlBudgetId": 300000028976488,
            "ControlLevelCode": "TRACK",
            "ToPeriod": "Dec-24",
            "LedgerId": 300000021688028,
            "Name": "ADAC_ORIGINAL",
            "AwardId": -98,
            "ProjectId": -99,
            "SourceBudgetName": "ADAC_ORIGINAL",
            "SourceBudgetType": "HYPERION",
            "FromPeriod": "Jan-24",
            "StatusCode": "IN_USE"
        },
        {
            "ControlBudgetId": 300000028604577,
            "ControlLevelCode": "TRACK",
            "ToPeriod": "Dec-25",
            "LedgerId": 300000021688028,
            "Name": "10030_Top_Resource_Track_247202418573",
            "AwardId": -98,
            "ProjectId": 300000028587825,
            "SourceBudgetName": "300000028587825",
            "SourceBudgetType": "PPM",
            "FromPeriod": "Jan-24",
            "StatusCode": "PERMANENTLY_CLOSED"
        },
        {
            "ControlBudgetId": 300000028604581,
            "ControlLevelCode": "ABSOLUTE",
            "ToPeriod": "PRD_01-01",
            "LedgerId": 300000021688028,
            "Name": "10030_247202418555",
            "AwardId": -98,
            "ProjectId": 300000028587825,
            "SourceBudgetName": "300000028604577",
            "SourceBudgetType": "XCC",
            "FromPeriod": "PRD_01-01",
            "StatusCode": "PERMANENTLY_CLOSED"
        },
        {
            "ControlBudgetId": 300000028604583,
            "ControlLevelCode": "ABSOLUTE",
            "ToPeriod": "PRD_01-01",
            "LedgerId": 300000021688028,
            "Name": "10030_Top_Resource_2472024185637",
            "AwardId": -98,
            "ProjectId": 300000028587825,
            "SourceBudgetName": "300000028604577",
            "SourceBudgetType": "XCC",
            "FromPeriod": "PRD_01-01",
            "StatusCode": "PERMANENTLY_CLOSED"
        },
        {
            "ControlBudgetId": 300000029386789,
            "ControlLevelCode": "TRACK",
            "ToPeriod": "Dec-24",
            "LedgerId": 300000021688028,
            "Name": "ADAC_FORECAST",
            "AwardId": -98,
            "ProjectId": -99,
            "SourceBudgetName": "ADAC_FORECAST",
            "SourceBudgetType": "OTHER",
            "FromPeriod": "Jan-24",
            "StatusCode": "IN_USE"
        },
        {
            "ControlBudgetId": 300000029643714,
            "ControlLevelCode": "ABSOLUTE",
            "ToPeriod": "PRD_01-01",
            "LedgerId": 300000021688028,
            "Name": "10034",
            "AwardId": -98,
            "ProjectId": 300000029585956,
            "SourceBudgetName": "300000029643710",
            "SourceBudgetType": "XCC",
            "FromPeriod": "PRD_01-01",
            "StatusCode": "IN_USE"
        },
        {
            "ControlBudgetId": 300000029643716,
            "ControlLevelCode": "ABSOLUTE",
            "ToPeriod": "PRD_01-01",
            "LedgerId": 300000021688028,
            "Name": "10034_Top_Resource",
            "AwardId": -98,
            "ProjectId": 300000029585956,
            "SourceBudgetName": "300000029643710",
            "SourceBudgetType": "XCC",
            "FromPeriod": "PRD_01-01",
            "StatusCode": "IN_USE"
        },
        {
            "ControlBudgetId": 300000029750026,
            "ControlLevelCode": "TRACK",
            "ToPeriod": "Dec-26",
            "LedgerId": 300000021688028,
            "Name": "10035_Top_Resource_Track",
            "AwardId": -98,
            "ProjectId": 300000029718474,
            "SourceBudgetName": "300000029718474",
            "SourceBudgetType": "PPM",
            "FromPeriod": "Jan-24",
            "StatusCode": "IN_USE"
        },
        {
            "ControlBudgetId": 300000026344682,
            "ControlLevelCode": "NONE",
            "ToPeriod": "2025",
            "LedgerId": 300000021688028,
            "Name": "ADAC SUMMARY BUD 2024",
            "AwardId": -98,
            "ProjectId": -98,
            "SourceBudgetName": "300000024164790",
            "SourceBudgetType": "XCC",
            "FromPeriod": "2024",
            "StatusCode": "PERMANENTLY_CLOSED"
        },
        {
            "ControlBudgetId": 300000029408191,
            "ControlLevelCode": "TRACK",
            "ToPeriod": "Dec-26",
            "LedgerId": 300000021688028,
            "Name": "10033_Top_Resource_Track",
            "AwardId": -98,
            "ProjectId": 300000029403910,
            "SourceBudgetName": "300000029403910",
            "SourceBudgetType": "PPM",
            "FromPeriod": "Jan-24",
            "StatusCode": "IN_USE"
        },
        {
            "ControlBudgetId": 300000029408195,
            "ControlLevelCode": "ABSOLUTE",
            "ToPeriod": "PRD_01-01",
            "LedgerId": 300000021688028,
            "Name": "10033",
            "AwardId": -98,
            "ProjectId": 300000029403910,
            "SourceBudgetName": "300000029408191",
            "SourceBudgetType": "XCC",
            "FromPeriod": "PRD_01-01",
            "StatusCode": "IN_USE"
        },
        {
            "ControlBudgetId": 300000029408197,
            "ControlLevelCode": "ABSOLUTE",
            "ToPeriod": "PRD_01-01",
            "LedgerId": 300000021688028,
            "Name": "10033_Top_Resource",
            "AwardId": -98,
            "ProjectId": 300000029403910,
            "SourceBudgetName": "300000029408191",
            "SourceBudgetType": "XCC",
            "FromPeriod": "PRD_01-01",
            "StatusCode": "IN_USE"
        },
        {
            "ControlBudgetId": 300000029506231,
            "ControlLevelCode": "NONE",
            "ToPeriod": "Dec-24",
            "LedgerId": 300000021688028,
            "Name": "ADAC 2024",
            "AwardId": -98,
            "ProjectId": -99,
            "SourceBudgetName": "ADAC 2024",
            "SourceBudgetType": "OTHER",
            "FromPeriod": "Jan-24",
            "StatusCode": "PERMANENTLY_CLOSED"
        },
        {
            "ControlBudgetId": 300000029643710,
            "ControlLevelCode": "TRACK",
            "ToPeriod": "Dec-26",
            "LedgerId": 300000021688028,
            "Name": "10034_Top_Resource_Track",
            "AwardId": -98,
            "ProjectId": 300000029585956,
            "SourceBudgetName": "300000029585956",
            "SourceBudgetType": "PPM",
            "FromPeriod": "Jan-24",
            "StatusCode": "IN_USE"
        },
        {
            "ControlBudgetId": 300000025455803,
            "ControlLevelCode": "ABSOLUTE",
            "ToPeriod": "2024",
            "LedgerId": 300000023024587,
            "Name": "ADABC SUMMARY BUD 2024",
            "AwardId": -98,
            "ProjectId": -99,
            "SourceBudgetName": "300000024166558",
            "SourceBudgetType": "XCC",
            "FromPeriod": "2024",
            "StatusCode": "PERMANENTLY_CLOSED"
        },
        {
            "ControlBudgetId": 300000028587661,
            "ControlLevelCode": "NONE",
            "ToPeriod": "Dec-24",
            "LedgerId": 300000021688028,
            "Name": "EPM ADAC 2024 Budget",
            "AwardId": -98,
            "ProjectId": -98,
            "SourceBudgetName": "EPM ADAC 2024 Budget",
            "SourceBudgetType": "HYPERION",
            "FromPeriod": "Jan-24",
            "StatusCode": "PERMANENTLY_CLOSED"
        },
        {
            "ControlBudgetId": 300000028631642,
            "ControlLevelCode": "TRACK",
            "ToPeriod": "Dec-26",
            "LedgerId": 300000021688028,
            "Name": "10032_Top_Resource_Track",
            "AwardId": -98,
            "ProjectId": 300000028625492,
            "SourceBudgetName": "300000028625492",
            "SourceBudgetType": "PPM",
            "FromPeriod": "Jan-24",
            "StatusCode": "IN_USE"
        },
        {
            "ControlBudgetId": 300000028631646,
            "ControlLevelCode": "ABSOLUTE",
            "ToPeriod": "PRD_01-01",
            "LedgerId": 300000021688028,
            "Name": "10032",
            "AwardId": -98,
            "ProjectId": 300000028625492,
            "SourceBudgetName": "300000028631642",
            "SourceBudgetType": "XCC",
            "FromPeriod": "PRD_01-01",
            "StatusCode": "IN_USE"
        },
        {
            "ControlBudgetId": 300000030921473,
            "ControlLevelCode": "TRACK",
            "ToPeriod": "Dec-25",
            "LedgerId": 300000021688028,
            "Name": "10043_Track",
            "AwardId": -98,
            "ProjectId": 300000030918551,
            "SourceBudgetName": "300000030918551",
            "SourceBudgetType": "PPM",
            "FromPeriod": "Jan-24",
            "StatusCode": "IN_USE"
        },
        {
            "ControlBudgetId": 300000030921479,
            "ControlLevelCode": "ABSOLUTE",
            "ToPeriod": "PRD_01-01",
            "LedgerId": 300000021688028,
            "Name": "10043",
            "AwardId": -98,
            "ProjectId": 300000030918551,
            "SourceBudgetName": "300000030921473",
            "SourceBudgetType": "XCC",
            "FromPeriod": "PRD_01-01",
            "StatusCode": "IN_USE"
        },
        {
            "ControlBudgetId": 300000030921481,
            "ControlLevelCode": "ABSOLUTE",
            "ToPeriod": "PRD_01-01",
            "LedgerId": 300000021688028,
            "Name": "10043_Top_Res",
            "AwardId": -98,
            "ProjectId": 300000030918551,
            "SourceBudgetName": "300000030921473",
            "SourceBudgetType": "XCC",
            "FromPeriod": "PRD_01-01",
            "StatusCode": "IN_USE"
        },
        {
            "ControlBudgetId": 300000029750030,
            "ControlLevelCode": "ABSOLUTE",
            "ToPeriod": "PRD_01-01",
            "LedgerId": 300000021688028,
            "Name": "10035",
            "AwardId": -98,
            "ProjectId": 300000029718474,
            "SourceBudgetName": "300000029750026",
            "SourceBudgetType": "XCC",
            "FromPeriod": "PRD_01-01",
            "StatusCode": "IN_USE"
        },
        {
            "ControlBudgetId": 300000029750032,
            "ControlLevelCode": "ABSOLUTE",
            "ToPeriod": "PRD_01-01",
            "LedgerId": 300000021688028,
            "Name": "10035_Top_Resource",
            "AwardId": -98,
            "ProjectId": 300000029718474,
            "SourceBudgetName": "300000029750026",
            "SourceBudgetType": "XCC",
            "FromPeriod": "PRD_01-01",
            "StatusCode": "IN_USE"
        },
        {
            "ControlBudgetId": 300000030921462,
            "ControlLevelCode": "TRACK",
            "ToPeriod": "Dec-25",
            "LedgerId": 300000021688028,
            "Name": "10044_Track",
            "AwardId": -98,
            "ProjectId": 300000030918580,
            "SourceBudgetName": "300000030918580",
            "SourceBudgetType": "PPM",
            "FromPeriod": "Jan-24",
            "StatusCode": "IN_USE"
        },
        {
            "ControlBudgetId": 300000030921468,
            "ControlLevelCode": "ABSOLUTE",
            "ToPeriod": "PRD_01-01",
            "LedgerId": 300000021688028,
            "Name": "10044",
            "AwardId": -98,
            "ProjectId": 300000030918580,
            "SourceBudgetName": "300000030921462",
            "SourceBudgetType": "XCC",
            "FromPeriod": "PRD_01-01",
            "StatusCode": "IN_USE"
        },
        {
            "ControlBudgetId": 300000030921470,
            "ControlLevelCode": "ABSOLUTE",
            "ToPeriod": "PRD_01-01",
            "LedgerId": 300000021688028,
            "Name": "10044_Top_Res",
            "AwardId": -98,
            "ProjectId": 300000030918580,
            "SourceBudgetName": "300000030921462",
            "SourceBudgetType": "XCC",
            "FromPeriod": "PRD_01-01",
            "StatusCode": "IN_USE"
        }
    ],
    "count": 49,
    "hasMore": false,
    "limit": 5000,
    "offset": 0,
    "links": [
        {
            "rel": "self",
            "href": "https://hcts-test.fa.em2.oraclecloud.com:443/fscmRestApi/resources/11.13.18.05/controlBudgetsLOV",
            "name": "controlBudgetsLOV",
            "kind": "collection"
        }
    ]
}