{
    "items": [
        {
            "AgreementHeaderId": 324005,
            "AgreementNumber": "PA-US00000000614",
            "ProcurementBUId": 300000002301171,
            "ProcurementBU": "US_PROC_USD_BU",
            "BuyerId": 300000006615796,
            "Buyer": "Integration, Dev2",
            "DocumentStyleId": 1,
            "DocumentStyle": "Blanket Purchase Agreement",
            "StatusCode": "OPEN",
            "Status": "Open",
            "SupplierId": 300000004350110,
            "Supplier": "Office Depot",
            "SupplierSiteId": 300000004350135,
            "SupplierSite": "STORE-6253",
            "SupplierContactId": 300000004350235,
            "SupplierContact": "Smith, Jack",
            "SupplierCommunicationMethodCode": "EMAIL",
            "SupplierEmailAddress": "kirpatil@deloitte.com",
            "SupplierFax": null,
            "StartDate": "2024-03-15",
            "EndDate": null,
            "AgreementAmount": 350000,
            "CurrencyCode": "USD",
            "Currency": "US Dollar",
            "AmountLimit": 350000,
            "MinimumReleaseAmount": null,
            "ReleasedAmount": null,
            "Description": "Testing REST BPA  ",
            "DocumentTypeCode": "BLANKET",
            "MasterContractId": null,
            "MasterContractNumber": null,
            "MasterContractTypeId": null,
            "MasterContractType": null,
            "ConversionRateTypeCode": null,
            "ConversionRateDate": null,
            "ConversionRate": null,
            "RevisionNumber": 0,
            "SupplierAgreement": null,
            "ReferenceNumber": null,
            "ClosedDate": null,
            "RequiredAcknowledgmentCode": "N",
            "RequiredAcknowledgment": "None",
            "AcknowledgmentDueDate": null,
            "AcknowledgmentWithinDays": null,
            "PaymentTermsId": null,
            "PaymentTerms": null,
            "CarrierId": null,
            "Carrier": null,
            "ModeOfTransportCode": null,
            "ModeOfTransport": null,
            "ServiceLevelCode": null,
            "ServiceLevel": null,
            "FreightTermsCode": null,
            "FreightTerms": null,
            "FOBCode": null,
            "FOB": null,
            "RequiresSignatureFlag": false,
            "BuyerManagedTransportFlag": false,
            "PayOnReceiptFlag": false,
            "ConfirmingOrderFlag": false,
            "ConsumptionAdviceFrequencyCode": null,
            "ConsumptionAdviceFrequency": null,
            "ConsumptionAdviceSummaryCode": null,
            "ConsumptionAdviceSummary": null,
            "AgingOnsetPointCode": "NONE",
            "AgingOnsetPoint": "None",
            "AgingPeriodDays": null,
            "NoteToReceiver": null,
            "NoteToSupplier": null,
            "AutomaticallyGenerateOrdersFlag": true,
            "AutomaticallySubmitForApprovalFlag": true,
            "GroupRequisitionsFlag": true,
            "UseCustomerSalesOrderFlag": null,
            "UseShipToLocationFlag": false,
            "GroupRequisitionLinesFlag": true,
            "UseRequestedDateFlag": null,
            "UseShipToOrganizationAndLocationFlag": null,
            "AllowUnassignedSitesFlag": false,
            "EnableRetroactivePricingFlag": true,
            "InitiateRetroactivePricingUponApprovalFlag": false,
            "RepriceOpenOrdersFlag": true,
            "CommunicateRepricedOrdersFlag": true,
            "PunchoutRequestsOnlyFlag": null,
            "UseOrderDateForOrderPricingFlag": false,
            "Priority": null,
            "Checklist": null,
            "CreationDate": "2025-02-07T06:52:13+00:00",
            "CreatedBy": "DELL_INT_USER",
            "LastUpdateDate": "2025-02-07T06:54:53.040+00:00",
            "LastUpdatedBy": "FUSION_APPS_PRC_SOA_APPID",
            "links": [
                {
                    "rel": "self",
                    "href": "https://iawmqy-dev2.fa.ocs.oraclecloud.com:443/fscmRestApi/resources/11.13.18.05/purchaseAgreements/324005",
                    "name": "purchaseAgreements",
                    "kind": "item"
                },
                {
                    "rel": "canonical",
                    "href": "https://iawmqy-dev2.fa.ocs.oraclecloud.com:443/fscmRestApi/resources/11.13.18.05/purchaseAgreements/324005",
                    "name": "purchaseAgreements",
                    "kind": "item"
                },
                {
                    "rel": "child",
                    "href": "https://iawmqy-dev2.fa.ocs.oraclecloud.com:443/fscmRestApi/resources/11.13.18.05/purchaseAgreements/324005/child/businessUnitAccess",
                    "name": "businessUnitAccess",
                    "kind": "collection"
                },
                {
                    "rel": "child",
                    "href": "https://iawmqy-dev2.fa.ocs.oraclecloud.com:443/fscmRestApi/resources/11.13.18.05/purchaseAgreements/324005/child/lines",
                    "name": "lines",
                    "kind": "collection"
                },
                {
                    "rel": "child",
                    "href": "https://iawmqy-dev2.fa.ocs.oraclecloud.com:443/fscmRestApi/resources/11.13.18.05/purchaseAgreements/324005/child/notificationControls",
                    "name": "notificationControls",
                    "kind": "collection"
                }
            ]
        }
    ],
    "count": 1,
    "hasMore": false,
    "limit": 25,
    "offset": 0,
    "links": [
        {
            "rel": "self",
            "href": "https://iawmqy-dev2.fa.ocs.oraclecloud.com:443/fscmRestApi/resources/11.13.18.05/purchaseAgreements",
            "name": "purchaseAgreements",
            "kind": "collection"
        }
    ]
}