{
  "title": "Bulk Utility",
  "description": "",
  "variables": {
    "AttachmentFIleNamesAll": {
      "type": "vb/ArrayDataProvider2",
      "defaultValue": {
        "itemType": "AttachmentFilesType"
      }
    },
    "AttachmentsPostRequest": {
      "type": "PostAttachmentDBType"
    },
    "BulkUpldMetadataReqPayload": {
      "type": {
        "LIFE_CYCLE": "string",
        "RICE_ID": "string"
      }
    },
     "BASE64FileArray": {
      "type": [
        {
        "ContentType": "string",
        "DocumentAccount": "string",
        "DocumentContent": "string",
        "FileName": "string",
        "OperationName": "string"
        }
      ]
    },
    "FileArrayAttachment": {
      "type": "object[]"
    },
    "CollpaseCheck": {
      "type": "boolean",
      "defaultValue": false
    },
    "ExtensionBasedRolesADP": {
      "type": "vb/ArrayDataProvider2",
      "defaultValue": {
        "itemType": "ExtensionWiseRolesType",
        "keyAttributes": "rice_id"
      }
    },
    "ExtensionMetadataDtlADP": {
      "type": "vb/ArrayDataProvider2",
      "defaultValue": {
        "itemType": "GetMetadataInformationType",
        "keyAttributes": "rice_id"
      }
    },
    "ExternalIdentifiersADP": {
      "type": "vb/ArrayDataProvider2",
      "defaultValue": {
        "itemType": "GetWorkersType"
      }
    },
    "FileArray": {
      "type": "object[]"
    },
    "FIleNameConcaAll": {
      "type": "string"
    },
    "FileValidationCheck": {
      "type": "boolean",
      "defaultValue": false
    },
    "FileValiErrorMessagesADP": {
      "type": "vb/ArrayDataProvider2",
      "defaultValue": {
        "itemType": "FileValidationErrorsType",
        "keyAttributes": "Error"
      }
    },
    "getBulkUploadTableDataListSDP": {
      "type": "vb/ServiceDataProvider",
      "defaultValue": {
        "endpoint": "ORDS_CONN/getBulkUploadTableData",
        "responseType": "GetBulkUploadTableDataResponseType",
        "itemsPath": "item",
        "uriParameters": {
          "p_rice_id": "{{ $variables.searchParam_Var.seachExtension ? $variables.searchParam_Var.seachExtension:'' }}",
          "p_life_cycle": "{{ $variables.searchParam_Var.searchLifeCycle ? $variables.searchParam_Var.searchLifeCycle:'' }}",
          "p_fromDate": "{{ $variables.searchParam_Var.startDate ? $variables.searchParam_Var.startDate :'' }}",
          "p_status": "{{ $variables.searchParam_Var.status ? $variables.searchParam_Var.status :'' }}",
          "p_table_name": "{{ $variables.searchParam_Var.tableName ? $variables.searchParam_Var.tableName :'' }}",
          "p_toDate": "{{ $variables.searchParam_Var.toDate ? $variables.searchParam_Var.toDate :'' }}",
          "p_transaction_number": "{{ $variables.searchParam_Var.transactionID  ? $variables.searchParam_Var.transactionID :'' }}",
          "p_created_by": "{{ $application.user.username }}"
        }
      }
    },
    "HasAttachment": {
      "type": "boolean"
    },
    "MainIntegrationRequest": {
      "type": "MainIntegrationRequestType"
    },
    "MainIntegrationRsponse": {
      "type": "WrapperIntergationResponseType"
    },
    "NextSeqNumber": {
      "type": "any"
    },
    "OICLookupIntReq": {
      "type": {
        "RICEFID": "string"
      }
    },
    "OICUtilityLookupsResponseData": {
      "type": "GetLookupIntegrationResponseType"
    },
    "ojTabBar3280607091SelectedItem": {
      "type": "string",
      "defaultValue": "oj-tab-bar-328060709-1-tab-1"
    },
    "PostFileUploadDtlDB": {
      "type": "PostTransactionDtlTableType",
      "defaultValue": {
        "STATUS": "New"
      }
    },
    "RiceIDComm": {
      "type": "string"
    },
    "RoleBasedLifecyclesADP": {
      "defaultValue": {
        "itemType": "ExtensionWiseRolesType",
        "keyAttributes": "life_cycle",
        "textFilterAttributes": [
          "life_cycle"
        ]
      },
      "type": "vb/ArrayDataProvider2"
    },
    "searchParam_Var": {
      "type": {
        "seachExtension": "string",
        "searchExtDescri": "string",
        "searchLifeCycle": "string",
        "startDate": "string",
        "status": "string",
        "tableName": "string",
        "toDate": "string",
        "transactionID": "string"

      }
    },
    "SelectedRowID": {
      "type": "string"
    },
    "TempAttachmentUCMIDS": {
      "type": "string"
    },
    "TempLifecycle": {
      "type": "string"
    },
    "TempLifecycleSearch": {
      "type": "string"
    },
    "TempTransactionNum": {
      "type": "string"
    },
    "TransactionNumberSeq": {
      "type": "string"
    },
    "UploadVar": {
      "type": {
        "bucketPath": "string",
        "Description": "string",
        "extension": "string",
        "fileContent": "any",
        "fileName": "string",
        "lifecycle": "string"

      }
    },
    "ValidateIntegrationtoSubmit": {
      "type": "boolean",
      "defaultValue": true
    }

  },
  "metadata": {},
  "types": {
    "@decorators.ExtensionWiseRolesType": {
      "endpoint": "geRolesfromATP",
      "service": "ORDS",
      "path": "response-_-items[0]"
    },
    "@decorators.GetBulkUploadTableDataResponseType": {
      "endpoint": "getBulkUploadTableData",
      "service": "ORDS",
      "path": "response"
    },
    "@decorators.GetLookupIntegrationResponseType": {
      "endpoint": "postIcApiIntegrationV1FlowsRestGBL_CMN_FILE_UPLOAD_INT1_0GetLookupValue",
      "service": "callUploadFileIntegration",
      "path": "response"
    },
    "@decorators.GetMainIntegrationResponseType": {
      "endpoint": "getGBL_EMFGBL_CMN_FILE_UPLOAD_ORDSFILE_BULKUPLOAD_T",
      "service": "get_atp_file_Bulk_upload_t",
      "path": "response-_-item[0]"
    },
    "@decorators.GetMetadataInformationType": {
      "endpoint": "getGBL_CMN_BULK_UPLD_METADATA_T",
      "service": "ORDS",
      "path": "response-_-items[0]"
    },
    "@decorators.GetTransactionNumbersResponse3Type": {
      "endpoint": "getTransactionNumbers",
      "service": "ORDS",
      "path": "response"
    },
    "@decorators.GetTransactionNumbersResponseType": {
      "endpoint": "getTransactionNumbers",
      "service": "ORDS",
      "path": "response-_-item[0]"
    },
    "@decorators.GetWorkersType": {
      "endpoint": "getWorkers",
      "service": "hcm_conn",
      "path": "response-_-items[0]-_-externalIdentifiers[0]"
    },
    "@decorators.MainIntegrationRequestType": {
      "endpoint": "getIcApiIntegrationV1FlowsRestGBL_CMN_FILE_UPLOAD1_0UploadFile",
      "service": "callUploadFileIntegration",
      "path": "request"
    },
    "@decorators.PostAttachmentDBType": {
      "endpoint": "POSTATTACHMNETTODB",
      "service": "ORDS_CONN",
      "path": "request"
    },
    "@decorators.PostTransactionDtlTableType": {
      "endpoint": "post_atp_file_bulkupload_t",
      "service": "get_atp_file_Bulk_upload_t",
      "path": "request"
    },
    "@decorators.UploadFIleToUCMServer": {
      "endpoint": "UploadFIleToUCMServer",
      "service": "fscm_conn",
      "path": "response"
    },
    "@decorators.WrapperIntergationResponseType": {
      "endpoint": "GBL_CMN_EXT_002_BULK_UTIL_WRAP",
      "service": "OIC_CONN",
      "path": "response"
    },
    "AttachmentFilesType": {
      "FileName": "string"
    },
    "ExtensionWiseRolesType": {
      "attribute1": "any",
      "attribute2": "any",
      "attribute3": "any",
      "attribute4": "any",
      "attribute5": "any",
      "description": "any",
      "erp_shell_role": "string",
      "life_cycle": "string",
      "rice_id": "string"
    },
    "FileValidationErrorsType": {
      "Error": "string"
    },
    "GetBulkUploadTableDataResponseType": {
      "item": [
        {
          "created_by": "string",
          "creation_date": "string",
          "file_name": "string",
          "id": "number",
          "life_cycle": "string",
          "rice_id": "string",
          "ricef_desc": "string",
          "status": "string",
          "transaction_number": "string"
        }
      ]
    },
    "GetLookupIntegrationResponseType": {
      "Archive_Path": "string",
      "ATP_Required_YN": "string",
      "Error_Path": "string",
      "Namespace": "string",
      "OCS_Path": "string",
      "RICEF_Intg_Code": "string",
      "RICEF_Intg_Version": "string",
      "RICEFID": "string",
      "Storage_Bucket": "string",
      "Template_Name": "string",
      "Template_Path": "string",
      "RICEF_OIC_URL": "string"
    },
    "GetMainIntegrationResponseType": {
      "attribute1": "any",
      "attribute2": "any",
      "attribute3": "any",
      "attribute4": "any",
      "attribute5": "any",
      "created_by": "string",
      "creation_date": "string",
      "file_name": "string",
      "id": "number",
      "last_update_date": "any",
      "last_updated_by": "any",
      "life_cycle": "string",
      "rice_id": "string",
      "ricef_desc": "string",
      "status": "string",
      "transaction_number": "string",
      "errorLink": "string"
    },
    "GetMetadataInformationType": {
      "file_extn_type": "string",
      "file_name_convention": "string",
      "interface_table": "string",
      "life_cycle": "string",
      "no_of_file_rows": "number",
      "no_of_header_cols": "number",
      "no_of_mandatory_file": "number",
      "rice_id": "string"
    },
    "GetTransactionNumbersResponse3Type": {
      "item": [
        {
          "transaction_number": "string"
        }
      ]
    },
    "GetTransactionNumbersResponseType": {
      "transaction_number": "string"
    },
    "GetWorkersType": {
      "ExternalIdentifierId": "number",
      "ExternalIdentifierNumber": "string",
      "ExternalIdentifierSequence": "number",
      "ExternalIdentifierType": "string"
    },
    "MainIntegrationRequestType": {
      "ATTRIBUTE1": "string",
      "ATTRIBUTE2": "string",
      "ATTRIBUTE3": "string",
      "ATTRIBUTE4": "string",
      "ATTRIBUTE5": "string",
      "ATTRIBUTE6": "string",
      "ATTRIBUTE7": "string",
      "EXECUTION_MODE": "string",
      "EXTENSION_NAME": "string",
      "File_Name": "string",
      "LIFE_CYCLE": "string",
      "NT_USER_NAME": "string",
      "OIC_INSTANCE_ID": "string",
      "RICEF_ID": "string",
      "TRANSACTION_NUMBER": "string",
      "User_Email": "string",
      "User_Name": "string"
    },
    "PostAttachmentDBType": {
      "FILE_NAME": "string",
      "RICE_ID": "string",
      "STATUS": "string",
      "TRANSACTION_NUMBER": "string",
      "UCM_ID": "string"
    },
    "PostTransactionDtlTableType": {
      "CREATED_BY": "string",
      "CREATION_DATE": "string",
      "FILE_NAME": "string",
      "LIFE_CYCLE": "string",
      "P_TABLE_NAME": "string",
      "RICE_ID": "string",
      "RICEF_DESC": "string",
      "STATUS": "string",
      "TRANSACTION_NUMBER": "string",
      "UCM_ATTACHMENT_IDS": "string"
    },
    "UploadFIleToUCMServer": {
      "DocumentId": "string",
      "FileName": "string"
    },
    "WrapperIntergationResponseType": {
      "Response": "string",
      "Response_Message": "string"
    }

  },
  "eventListeners": {
    "attachmentSelectSelect": {
      "chains": [
        {
          "chain": "FilePickerSelectAttachment",
          "parameters": {
            "files": "[[ Array.prototype.slice.call($event.detail.files) ]]"
          }
        }
      ]
    },
    "buttonAction": {
      "chains": [
        {
          "chain": "SubmitButtonActionChain"
        }
      ]
    },
    "buttonAction2": {
      "chains": [
        {
          "chain": "ClearButtonActionChain"
        }
      ]
    },
    "buttonAction3": {
      "chains": [
        {
          "chain": "SearchButtonActionChain"
        }
      ]
    },
    "buttonAction4": {
      "chains": [
        {
          "chain": "ClearSearchButtonActionChain"
        }
      ]
    },
    "buttonAction5": {
      "chains": [
        {
          "chain": "TemplateButtonActionChain"
        }
      ]
    },
    "buttonAction6": {
      "chains": [
        {
          "chain": "SearchRefreshButtonActionChain"
        }
      ]
    },
    "fileimportSelect": {
      "chains": [
        {
          "chain": "FilePickerSelectChain",
          "parameters": {
            "files": "[[ Array.prototype.slice.call($event.detail.files) ]]"
          }
        }
      ]
    },
    "hyperlinkClick": {
      "chains": [
        {
          "chain": "HyperlinkClickChain",
          "parameters": {
            "key": "{{ $current.key }}",
            "index": "{{ $current.index }}",
            "current": "{{ $current }}"
          }
        }
      ]
    },
    "hyperlinkClick2": {
      "chains": [
        {
          "chain": "AttachmentFilesList"
        }
      ]
    },
    "iconClick": {
      "chains": [
        {
          "chain": "IconClickChain",
          "parameters": {
            "key": "{{ $current.key }}",
            "index": "{{ $current.index }}",
            "current": "{{ $current }}"
          }
        }
      ]
    },
    "inputTextRawValue": {
      "chains": [
        {
          "chain": "TrsansactionRawValueChangeChain",
          "parameters": {
            "rawValue": "{{ $event.detail.value }}"
          }
        }
      ]
    },
    "selectValueItem": {
      "chains": [
        {
          "chain": "ExtensionValueItemChangeChain",
          "parameters": {
            "key": "{{$event.detail.value.key}}",
            "data": "{{$event.detail.value.data}}",
            "metadata": "{{$event.detail.value.metadata}}"
          }
        }
      ]
    },
    "selectValueItem2": {
      "chains": [
        {
          "chain": "LifecycleSelect",
          "parameters": {
            "key": "{{$event.detail.value.key}}",
            "data": "{{$event.detail.value.data}}",
            "metadata": "{{$event.detail.value.metadata}}"
          }
        }
      ]
    },
    "selectValueItem3": {
      "chains": [
        {
          "chain": "ExtensionValueItemChangeChain"
        }
      ]
    },
    "tableFirstSelectedRow": {
      "chains": [
        {
          "chain": "TableFirstSelectedRowChangeChain",
          "parameters": {
            "rowKey": "{{$event.detail.value.key}}",
            "rowData": "{{$event.detail.value.data}}"
          }
        }
      ]
    },
    "tableFirstSelectedRow2": {
      "chains": [
        {
          "chain": "TableFirstSelectedRowChangeChain1",
          "parameters": {
            "rowKey": "{{$event.detail.value.key}}",
            "rowData": "{{$event.detail.value.data}}"
          }
        }
      ]
    },
    "vbEnter": {
      "chains": [
        {
          "parameters": {},
          "chain": "vbEnterListener"
        }
      ]
    },
    "serachExtValueItem2": {
      "chains": [
        {
          "chain": "SearchPageExtensionChange",
          "parameters": {
            "key": "{{$event.detail.value.key}}",
            "data": "{{$event.detail.value.data}}",
            "metadata": "{{$event.detail.value.metadata}}"
          }
        }
      ]
    },
    "serachTransValueItem": {
      "chains": [
        {
          "chain": "TransactionSelectValueItemChangeChain1",
          "parameters": {
            "key": "{{$event.detail.value.key}}",
            "data": "{{$event.detail.value.data}}",
            "metadata": "{{$event.detail.value.metadata}}"
          }
        }
      ]
    }

  },
  "imports": {
    "components": {
      "oj-button": {
        "path": "ojs/ojbutton"
      },
      "oj-checkboxset": {
        "path": "ojs/ojcheckboxset"
      },
      "oj-collapsible": {
        "path": "ojs/ojcollapsible"
      },
      "oj-combobox-one": {
        "path": "ojs/ojselectcombobox"
      },
      "oj-dialog": {
        "path": "ojs/ojdialog"
      },
      "oj-file-picker": {
        "path": "ojs/ojfilepicker"
      },
      "oj-input-date": {
        "path": "ojs/ojdatetimepicker"
      },
      "oj-input-date-time": {
        "path": "ojs/ojdatetimepicker"
      },
      "oj-input-text": {
        "path": "ojs/ojinputtext"
      },
      "oj-label": {
        "path": "ojs/ojlabel"
      },
      "oj-option": {
        "path": "ojs/ojoption"
      },
      "oj-popup": {
        "path": "ojs/ojpopup"
      },
      "oj-progress-circle": {
        "path": "ojs/ojprogress-circle"
      },
      "oj-sample-export-data": {
        "path": "oj-sample/export-data/loader"
      },
      "oj-sample-tooltip": {
        "path": "oj-sample/tooltip/loader"
      },
      "oj-select-single": {
        "path": "ojs/ojselectsingle"
      },
      "oj-sp-calendar": {
        "path": "oj-sp/calendar/loader"
      },
      "oj-sp-list-section": {
        "path": "oj-sp/list-section/loader"
      },
      "oj-sp-message-dialog-general": {
        "path": "oj-sp/message-dialog-general/loader"
      },
      "oj-sp-output-rich-text": {
        "path": "oj-sp/output-rich-text/loader"
      },
      "oj-sp-smart-search-page": {
        "path": "oj-sp/smart-search-page/loader"
      },
      "oj-sp-welcome-page": {
        "path": "oj-sp/welcome-page/loader"
      },
      "oj-stream-list": {
        "path": "ojs/ojstreamlist"
      },
      "oj-switcher": {
        "path": "ojs/ojswitcher"
      },
      "oj-tab-bar": {
        "path": "ojs/ojnavigationlist"
      },
      "oj-table": {
        "path": "ojs/ojtable"
      }

    },
    "modules": {
      "ojValidationBase": {
        "path": "ojs/ojvalidation-base"
      },
      "ojValidationDateTime": {
        "path": "ojs/ojvalidation-datetime"
      }

    }
  },
  "constants": {
  },
  "security": {
    "access": {
      "requiresAuthentication": false
    }
  }
}
