{
    "backends": {
        "GBL_CMN_FILE_UPLOAD": {
            "servers": [
                {
                    "url": "https://iawmqy-dev2.fa.ocs.oraclecloud.com/fscmRestApi/resources/11.13.18.05",
                    "description": "FscmRestApi 11.13.18.05",
                    "x-vb": {
                        "authentication": {
                            "authenticated": {
                                "type": "oauth2_client_credentials",
                                "clientIdCredentials": "vb_645e30cf-097e-42f4-8247-b1efe96dccd9",
                                "scope": "https://iawmqy-dev2.fa.ocs.oraclecloud.com:443/",
                                "authUrl": "https://idcs-09b68ff6f5a84782934af375c162ed01.identity.oraclecloud.com/oauth2/v1/token"
                            }
                        },
                        "forceProxy": "always"
                    }
                }
            ]
        },
        "GBL_CMN_FILE_UPLOAD_STP": {
            "servers": [
                {
                    "url": "https://iawmqy-dev2.fa.ocs.oraclecloud.com:443/fscmRestApi/resources/11.13.18.05/commonLookups/MVK_CMN_FILE_UPLOAD_UTILITY/child",
                    "description": "FscmRestApi 11.13.18.05 CommonLookups MVK CMN FILE UPLOAD UTILITY Child",
                    "x-vb": {
                        "authentication": {
                            "authenticated": {
                                "type": "basic",
                                "credentials": "vb_0e6ea26f-83ad-40df-8f34-7556bbf90006"
                            }
                        },
                        "forceProxy": "always"
                    }
                }
            ]
        },
        "OCI_ObjectStorage": {
            "servers": [
                {
                    "url": "https://objectstorage.us-phoenix-1.oraclecloud.com",
                    "description": "Objectstorage Us Phoenix 1 Oraclecloud Com",
                    "x-vb": {
                        "authentication": {
                            "authenticated": {
                                "type": "http_signature_oci",
                                "credentials": "vb_c97f838f-0efd-4de0-b5c1-32de6c478335"
                            }
                        },
                        "forceProxy": "always"
                    }
                }
            ]
        },
        "ics": {
            "serviceType": "ics",
            "servers": [
                {
                    "url": "vb-catalog://backends.tenant/ics",
                    "description": "Overridden Integration Server",
                    "x-vb": {
                        "authentication": {
                            "authenticated": {
                                "type": "oauth2_client_credentials",
                                "clientIdCredentials": "vb_a61a8307-7fb0-4fba-b163-bbb80a809508",
                                "scope": "https://EEEA315E9A6C490CAD289B11C2EB433A.integration.us-phoenix-1.ocp.oraclecloud.com:443urn:opc:resource:consumer::all",
                                "authUrl": "https://idcs-09b68ff6f5a84782934af375c162ed01.identity.oraclecloud.com:443/oauth2/v1/token"
                            }
                        },
                        "forceProxy": "always",
                        "anonymousAccess": false
                    }
                }
            ]
        },
        "ORDS": {
            "servers": [
                {
                    "url": "https://g1e975c32298168-dellextatpdev2.adb.us-phoenix-1.oraclecloudapps.com/ords",
                    "description": "Ords GBL EMF",
                    "x-vb": {
                        "authentication": {
                            "authenticated": {
                                "type": "basic",
                                "credentials": "vb_aec554fc-e947-4951-a638-da035f37eb64"
                            }
                        },

                        "forceProxy": "always"

                    }
                }
            ]
        },
        "hcmFusion": {
            "servers": [
                {
                    "url": "https://iawmqy-dev2.fa.ocs.oraclecloud.com/hcmRestApi/resources/11.13.18.05",
                    "description": "HcmRestApi 11.13.18.05",
                    "x-vb": {
                        "authentication": {
                            "authenticated": {
                                "type": "oauth2_client_credentials",
                                "clientIdCredentials": "vb_3ffeaa23-e219-4a22-9ea7-d8a23a650023",
                                "scope": "https://iawmqy-dev2.fa.ocs.oraclecloud.com:443/",
                                "authUrl": "https://idcs-09b68ff6f5a84782934af375c162ed01.identity.oraclecloud.com/oauth2/v1/token"
                            }
                        },
                        "forceProxy": "always"
                    }
                }
            ]
        }
      }
}