{
    "Results": [
        {
            "BPAnumber": "PA-US00000058626",
            "SourceAgreementNumber": "PA-US00000058626",
            "BPALineNumber": "1",
            "SourceLineAgreementNumber": "1",
            "ItemNumber": "10000182",
            "CreationDate": "2025-04-22T12:56:01.000+00:00",
            "allow_price_override_flag": "Y",
            "DisplayName": "Dell-Blanket Purchase Order",
            "Style_id": "300000002724537"
        },
        {
            "BPAnumber": "PA-US00000058625",
            "SourceAgreementNumber": "PA-US00000058625",
            "BPALineNumber": "2",
            "SourceLineAgreementNumber": "2",
            "ItemNumber": "10000182",
            "CreationDate": "2025-04-22T12:31:13.000+00:00",
            "allow_price_override_flag": "Y",
            "DisplayName": "Dell-Blanket Purchase Order",
            "Style_id": "300000002724537"
        },
        {
            "BPAnumber": "PA-US00000058620",
            "SourceAgreementNumber": "PA-US00000058620",
            "BPALineNumber": "2",
            "SourceLineAgreementNumber": "2",
            "ItemNumber": "10000182",
            "CreationDate": "2025-04-22T09:41:52.000+00:00",
            "allow_price_override_flag": "N",
            "DisplayName": "Dell-Blanket Purchase Order",
            "Style_id": "300000002724537"
        }
    ]
}