{ "ProcurementBU" : "US_PROC_USD_BU", "RequisitioningBU" : "US_PL_USD_BU", "BuyerId" : "300000002324946", "Supplier" : "COMPAL ELECTRONICS INC", "CurrencyCode" : "USD", "SupplierSiteId" : "300000002452444", "BillToLocation" : "NASHVILLE OPTIONS", "DefaultShipToLocation" : "NASHVILLE OPTIONS", "SupplierCommunicationMethod" : "NONE", "SupplierEmailAddress" : "kirpatil@deloitte.com", "BuyerManagedTransportFlag" : false, "PayOnReceiptFlag" : false, "RequiredAcknowledgment" : "None", "PaymentTerms" : "Immediate", "ShippingMethod" : "", "FreightTermsCode" : "NONE", "FOBCode" : "NONE", "NoteToReceiver" : "TRIALRECIEVER", "NoteToSupplier" : "DEMO", "ChangeOrderInitiatingParty" : "BUYER", "ChangeOrderDescription" : "TEST", "lines" : [ { "POLineId" : 300000023481307, "LineNumber" : 2, "LineType" : "Goods", "Item" : "10000175", "Category" : "Goods", "Description" : "Auto Expenstion_Dev2_TestQ1", "Quantity" :5, "Price" : 1000, "UOM" : "EA" } ] }