{
    "POHeaderId": 300000023481305,
    "OrderNumber": "U02500000001081",
    "ItemDescription": "Auto Receipt Expenstion_Dev2_TestQ2",
    "LineNumber": 4,
    "SupplierItem": null,
    "LineLocationId": 300000023481311,
    "ScheduleNumber": 1,
    "RequestedDeliveryDate": null,
    "BilledQuantity": 0,
    "ShippedQuantity": 0,
    "ReceivedQuantity": 0,
    "AcceptedQuantity": 0,
    "BilledAmount": null,
    "ShippedAmount": null,
    "ReceivedAmount": null,
    "AcceptedAmount": null,
    "SoldToLegalEntity": "Dell Products L.P.",
    "UOM": "EA",
    "ScheduleStatus": "Open",
    "Category": "Goods",
    "Buyer": "Kumar, Sravanth",
    "InvoiceMatchOption": "Order",
    "PaymentTerms": "Immediate",
    "FreightTerms": "None",
    "ShipToCustomer": null,
    "ItemNumber": "10000175",
    "PurchaseBasis": "Quantity",
    "Quantity": 30,
    "Amount": 3000,
    "ShipToLocation": "EL PASO AIO AND DCS",
    "DocumentStatus": "Open",
    "CreationDate": "2025-01-17T11:10:20+00:00",
    "RequestedShipDate": null,
    "Supplier": "Office Depot",
    "SupplierSite": "STORE-6253",
    "RetainageRate": null,
    "RetainageAmount": null,
    "RetainageReleasedAmount": null,
    "ProcurementBU": "US_PROC_USD_BU",
    "RequisitioningBU": "US_PL_USD_BU",
    "DocumentStyle": "Purchase Order",
    "links": [
        {
            "rel": "self",
            "href": "https://iawmqy-dev2.fa.ocs.oraclecloud.com:443/fscmRestApi/resources/11.13.18.05/purchaseOrderSchedules/300000023481311",
            "name": "purchaseOrderSchedules",
            "kind": "item"
        },
        {
            "rel": "canonical",
            "href": "https://iawmqy-dev2.fa.ocs.oraclecloud.com:443/fscmRestApi/resources/11.13.18.05/purchaseOrderSchedules/300000023481311",
            "name": "purchaseOrderSchedules",
            "kind": "item"
        },
        {
            "rel": "action",
            "href": "https://iawmqy-dev2.fa.ocs.oraclecloud.com:443/fscmRestApi/resources/11.13.18.05/purchaseOrderSchedules/300000023481311/action/close",
            "name": "close",
            "kind": "other"
        },
        {
            "rel": "action",
            "href": "https://iawmqy-dev2.fa.ocs.oraclecloud.com:443/fscmRestApi/resources/11.13.18.05/purchaseOrderSchedules/300000023481311/action/confirmWork",
            "name": "confirmWork",
            "kind": "other"
        }
    ]
}