{
    "request_id": 25432,
    "po_header_id": 300000027615958,
    "sequencenumber": 1,
    "po_number": "U02500000001167",
    "po_status": "open",
    "document_type_code": null,
    "po_style": "Complex Work Style",
    "procurement_bu": "US_PROC_USD_BU",
    "requisitioning_bu": "US_PL_USD_BU",
    "sold_to_legal_entity": "Dell Marketing L.P.",
    "bill_to_bu": null,
    "buyer_name": "Integration, Dev2",
    "currency_code": "US Dollar",
    "functional_currency": null,
    "rate": null,
    "rate_type": null,
    "rate_date": null,
    "po_comments": null,
    "bill_to_location": "NASHVILLE OPTIONS",
    "ship_to_location": "NASHVILLE OPTIONS",
    "ship_address1": null,
    "ship_address2": null,
    "ship_address3": null,
    "ship_city": null,
    "ship_state": null,
    "ship_zip": null,
    "ship_country": null,
    "ship_to_tax": null,
    "supplier": "COMPAL ELECTRONICS INC",
    "supplier_site": "12967PUR_US",
    "shipping_contact": null,
    "supplier_contact": "300000002823356",
    "shipping_method": null,
    "supplier_contact_id": null,
    "shipping_instruction": null,
    "change_type": null,
    "change_order_num": null,
    "initiating_party": null,
    "change_order_description": null,
    "required_acknowledgment": null,
    "acknowledge_within_days": null,
    "note_to_receiver": "asdasd",
    "note_to_supplier": "asdasd",
    "attribute_category": null,
    "attribute1": null,
    "attribute2": null,
    "attribute3": null,
    "attribute4": null,
    "attribute5": null,
    "attribute6": null,
    "attribute7": null,
    "attribute8": null,
    "attribute9": null,
    "attribute10": null,
    "fob": "None",
    "freight_terms": "None",
    "payment_terms": "EOAP15",
    "shipment_method": null,
    "supplier_id": null,
    "communication_method": "EMAIL",
    "communication_value": null,
    "supplier_site_id": null,
    "buyer_id": null,
    "created_by": null,
    "creation_date": "2025-01-15T10:51:10.427857",
    "updated_date": "2025-01-15T10:51:10.427857",
    "updated_by": null,
    "object_version": null,
    "lines": [
        {
            "request_line_id": 27,
            "line_num": 4,
            "line_type": "Goods",
            "item_number": "10000175",
            "organization_code": "BW2",
            "item_description": "Auto Receipt Expenstion_Dev2_TestQ2",
            "item_revision": null,
            "category_name": "Goods",
            "naics_code": null,
            "amount": null,
            "ordered_quantity": 30,
            "open_quantity": null,
            "change_type": null,
            "uom": "EA",
            "price": 100,
            "extended_price": null,
            "item_cost": null,
            "material_cost": null,
            "note_to_supplier": null,
            "note_to_receiver": null,
            "cost_type_desc": null,
            "attribute_category": null,
            "attribute1": null,
            "attribute2": null,
            "attribute3": null,
            "attribute4": null,
            "attribute5": null,
            "late_rev": null,
            "need_by_date": null,
            "po_line_status": null,
            "po_line_cancel_flag": null,
            "po_line_cancel_date": null,
            "po_line_cancelled_by": null,
            "po_line_cancel_reason": null,
            "po_line_closed_date": null,
            "po_line_last_update_date": null,
            "po_line_last_updated_by": null,
            "po_line_creation_date": null,
            "po_line_created_by": null,
            "created_by": null,
            "creation_date": "2025-01-17T20:11:23.195028",
            "updated_date": "2025-01-17T20:11:23.195028",
            "updated_by": null,
            "object_version": null
        }
    ]
}