{
    "openapi": "3.0.0",
    "info": {
        "title": "FusionRestAPI",
        "version": "1.0.0"
    },
    "servers": [
        {
            "url": "vb-catalog://backends/fusionRestAPI",
            "description": "FusionRestAPI"
        }
    ],
    "paths": {
        "/suppliers": {
            "get": {
                "operationId": "get",
                "responses": {},
                "x-vb": {
                    "actionHint": "getMany"
                }
            }
        },
        "/finBusinessUnitsLOV": {
            "get": {
                "operationId": "getFinBusinessUnitsLOV",
                "parameters": [
                    {
                        "name": "onlyData",
                        "in": "query",
                        "schema": {
                            "type": "string"
                        }
                    },
                    {
                        "name": "q",
                        "in": "query",
                        "schema": {
                            "type": "string"
                        }
                    }
                ],
                "responses": {
                    "default": {
                        "description": "Response for default",
                        "content": {
                            "application/json": {
                                "schema": {
                                    "$ref": "#/components/schemas/GetFinBusinessUnitsLOV"
                                },
                                "examples": {
                                    "vb": {
                                        "summary": "Example stored by VB User",
                                        "externalValue": "./examples/getFinBusinessUnitsLOV/response_default_application_json_vb.json"
                                    }
                                }
                            }
                        }
                    }
                },
                "x-vb": {
                    "actionHint": "getMany"
                }
            }
        }
    },
    "components": {
        "schemas": {
            "GetFinBusinessUnitsLOV": {
                "type": "object",
                "properties": {
                    "items": {
                        "type": "array",
                        "items": {
                            "type": "object",
                            "properties": {
                                "BusinessUnitId": {
                                    "type": "integer"
                                },
                                "BusinessUnitName": {
                                    "type": "string"
                                },
                                "ActiveFlag": {
                                    "type": "boolean"
                                },
                                "PrimaryLedgerId": {
                                    "type": "string"
                                },
                                "LocationId": {
                                    "type": "integer"
                                },
                                "ManagerId": {
                                    "nullable": true
                                },
                                "LegalEntityId": {
                                    "type": "string"
                                },
                                "ProfitCenterFlag": {
                                    "type": "boolean"
                                }
                            }
                        }
                    },
                    "count": {
                        "type": "integer"
                    },
                    "hasMore": {
                        "type": "boolean"
                    },
                    "limit": {
                        "type": "integer"
                    },
                    "offset": {
                        "type": "integer"
                    },
                    "links": {
                        "type": "array",
                        "items": {
                            "type": "object",
                            "properties": {
                                "rel": {
                                    "type": "string"
                                },
                                "href": {
                                    "type": "string"
                                },
                                "name": {
                                    "type": "string"
                                },
                                "kind": {
                                    "type": "string"
                                }
                            }
                        }
                    }
                }
            }
        }
    }
}