{
    "openapi": "3.0.0",
    "info": {
        "title": "Ics",
        "version": "1.0.0"
    },
    "servers": [
        {
            "url": "vb-catalog://backends/ics",
            "description": "Ics"
        }
    ],
    "paths": {
        "/ic/api/integration/v1/flows/rest/OTDTC_AR_EXT_002_AR_INVO_BAT_PRO/1.0/invoice": {
            "post": {
                "summary": "Create Invoice using FBDI",
                "operationId": "postIcApiIntegrationV1FlowsRestOTDT_AR_EXT_002_AR_INVO_BATC_PRO1_0Invoice",
                "requestBody": {
                    "content": {
                        "application/json": {
                            "schema": {
                                "$ref": "#/components/schemas/PostIcApiIntegrationV1FlowsRestOTDT_AR_EXT_002_AR_INVO_BATC_PRO1_0InvoiceRequest"
                            },
                            "examples": {
                                "vb": {
                                    "externalValue": "./examples/postIcApiIntegrationV1FlowsRestOTDT_AR_EXT_002_AR_INVO_BATC_PRO1_0Invoice/request_application_json_vb.json"
                                }
                            }
                        }
                    }
                },
                "responses": {
                    "default": {
                        "description": "Default response",
                        "content": {
                            "application/json": {
                                "schema": {
                                    "$ref": "#/components/schemas/PostIcApiIntegrationV1FlowsRestOTDT_AR_EXT_002_AR_INVO_BATC_PRO1_0InvoiceResponse"
                                },
                                "examples": {
                                    "vb": {
                                        "externalValue": "./examples/postIcApiIntegrationV1FlowsRestOTDT_AR_EXT_002_AR_INVO_BATC_PRO1_0Invoice/response_default_application_json_vb.json"
                                    }
                                }
                            }
                        }
                    }
                },
                "x-vb": {
                    "actionHint": "create"
                }
            }
        },
        "/ic/api/integration/v1/flows/rest/OTDTC_AR_EXT_002_FET_OM_SM_EXC_L/1.0/fetch_lines": {
            "get": {
                "summary": "Get Lines Details From Fusion",
                "operationId": "getIcApiIntegrationV1FlowsRestOTD_AR_EXT_002_FET_OM_SM_EXC_LIN1_0Fetch_lines2",
                "parameters": [
                    {
                        "name": "p_order_numbers",
                        "in": "query",
                        "schema": {
                            "type": "string"
                        }
                    },
                    {
                        "name": "p_line_ids",
                        "in": "query",
                        "schema": {
                            "type": "string"
                        }
                    },
                    {
                        "name": "p_subscription_numbers",
                        "in": "query",
                        "schema": {
                            "type": "string"
                        }
                    },
                    {
                        "name": "p_bill_line_ids",
                        "in": "query",
                        "schema": {
                            "type": "string"
                        }
                    }
                ],
                "responses": {
                    "default": {
                        "description": "Default response",
                        "content": {
                            "application/json": {
                                "schema": {
                                    "$ref": "#/components/schemas/GetIcApiIntegrationV1FlowsRestOTD_AR_EXT_002_FET_OM_SM_EXC_LIN1_0Fetch_lines"
                                },
                                "examples": {
                                    "vb": {
                                        "externalValue": "./examples/getIcApiIntegrationV1FlowsRestOTD_AR_EXT_002_FET_OM_SM_EXC_LIN1_0Fetch_lines2/response_default_application_json_vb.json"
                                    }
                                }
                            }
                        }
                    }
                },
                "x-vb": {
                    "actionHint": "getMany"
                }
            }
        }
    },
    "components": {
        "schemas": {
            "PostIcApiIntegrationV1FlowsRestOTDT_AR_EXT_002_AR_INVO_BATC_PRO1_0InvoiceRequest": {
                "type": "object",
                "properties": {
                    "bu_name": {
                        "type": "string"
                    },
                    "order_number": {
                        "type": "string"
                    },
                    "customer_account_number": {
                        "type": "string"
                    },
                    "po_number": {
                        "type": "string"
                    },
                    "from_date": {
                        "type": "string"
                    },
                    "to_date": {
                        "type": "string"
                    },
                    "lines": {
                        "type": "array",
                        "items": {
                            "type": "object",
                            "properties": {
                                "bill_to_customer_name": {
                                    "type": "string"
                                },
                                "bill_to_customer_number": {
                                    "type": "string"
                                },
                                "bill_to_customer_site": {
                                    "type": "string"
                                },
                                "bu_id": {
                                    "type": "integer"
                                },
                                "bu_name": {
                                    "type": "string"
                                },
                                "consolidation_method": {
                                    "type": "string"
                                },
                                "custom_invoicing_flag": {
                                    "type": "string"
                                },
                                "date_filter_param": {
                                    "type": "string"
                                },
                                "description": {
                                    "type": "string"
                                },
                                "e_invoicing_flag": {
                                    "type": "string"
                                },
                                "fx_rate": {
                                    "type": "string"
                                },
                                "igst": {
                                    "type": "string"
                                },
                                "invoice_currency_code": {
                                    "type": "string"
                                },
                                "invoice_number": {
                                    "type": "string"
                                },
                                "item_number": {
                                    "type": "string"
                                },
                                "line_amount": {
                                    "type": "integer"
                                },
                                "line_id": {
                                    "type": "integer"
                                },
                                "line_number": {
                                    "type": "integer"
                                },
                                "order_number": {
                                    "type": "string"
                                },
                                "order_status": {
                                    "type": "string"
                                },
                                "payment_term": {
                                    "type": "string"
                                },
                                "product_type": {
                                    "type": "string"
                                },
                                "quantity": {
                                    "type": "string"
                                },
                                "remit_number": {
                                    "type": "string"
                                },
                                "rowSelected": {
                                    "type": "boolean"
                                },
                                "seq_id": {
                                    "type": "integer"
                                },
                                "ship_to_customer_number": {
                                    "type": "string"
                                },
                                "ship_to_customer_site": {
                                    "type": "string"
                                },
                                "source_table": {
                                    "type": "string"
                                },
                                "special_date": {
                                    "type": "string"
                                },
                                "tax_amount": {
                                    "type": "number"
                                },
                                "tax_classification_code": {
                                    "type": "string"
                                },
                                "total_amount": {
                                    "type": "number"
                                },
                                "transaction_source": {
                                    "type": "string"
                                },
                                "transaction_type": {
                                    "type": "string"
                                },
                                "trx_business_category": {
                                    "type": "string"
                                },
                                "unit_of_measure": {
                                    "type": "string"
                                },
                                "unit_selling_price": {
                                    "type": "string"
                                },
                                "vat_id": {
                                    "type": "string"
                                },
                                "po_match_description": {
                                    "type": "string"
                                },
                                "po_match_unit_price": {
                                    "type": "string"
                                },
                                "po_match_line_number": {
                                    "type": "string"
                                },
                                "updated_exchange_rate": {
                                    "type": "string"
                                },
                                "goods_receipt_number": {
                                    "type": "string"
                                },
                                "comments": {
                                    "type": "string"
                                },
                                "physical_delivery_date": {
                                    "type": "string"
                                },
                                "qbli": {
                                    "type": "string"
                                },
                                "po_total_matched_price": {
                                    "type": "string"
                                },
                                "po_match_quantity": {
                                    "type": "string"
                                },
                                "special_handling": {
                                    "type": "string"
                                }
                            }
                        }
                    }
                }
            },
            "PostIcApiIntegrationV1FlowsRestOTDT_AR_EXT_002_AR_INVO_BATC_PRO1_0InvoiceResponse": {
                "type": "object",
                "properties": {
                    "status": {
                        "type": "string"
                    },
                    "message": {
                        "type": "string"
                    }
                }
            },
            "GetIcApiIntegrationV1FlowsRestOTD_AR_EXT_002_FET_OM_SM_EXC_LIN1_0Fetch_lines": {
                "type": "object",
                "properties": {
                    "items": {
                        "type": "array",
                        "items": {
                            "type": "object",
                            "properties": {
                                "LINE_TYPE": {
                                    "type": "string"
                                },
                                "SALES_HEADER_ID": {
                                    "type": "string"
                                },
                                "SALES_LINE_ID": {
                                    "type": "string"
                                },
                                "FULFILL_LINE_ID": {
                                    "type": "string"
                                },
                                "SUBSCRIPTION_ID": {
                                    "type": "string"
                                },
                                "SUBSCRIPTION_PRODUCT_ID": {
                                    "type": "string"
                                },
                                "BILL_LINE_ID": {
                                    "type": "string"
                                },
                                "BUSINESS_UNIT_NAME": {
                                    "type": "string"
                                },
                                "LINE_NUMBER": {
                                    "type": "string"
                                },
                                "STATUS": {
                                    "type": "string"
                                },
                                "ORDER_NUMBER": {
                                    "type": "string"
                                },
                                "LINE_AMOUNT": {
                                    "type": "string"
                                },
                                "TAX_AMOUNT": {
                                    "type": "string"
                                },
                                "SPECIAL_DATE": {
                                    "type": "string"
                                },
                                "BILL_TO_CUSTOMER_NAME": {
                                    "type": "string"
                                },
                                "BILL_TO_CUSTOMER_NUMBER": {
                                    "type": "string"
                                },
                                "VAT_ID": {
                                    "type": "string"
                                },
                                "CONVERSION_RATE": {
                                    "type": "string"
                                },
                                "SOURCE_TABLE": {
                                    "type": "string"
                                },
                                "INVOICE_NUMBER": {
                                    "type": "string"
                                },
                                "EINVOICING_FLAG": {
                                    "type": "string"
                                },
                                "CUSTOM_INVOICING_FLAG": {
                                    "type": "string"
                                },
                                "CONSOLIDATE_METHOD": {
                                    "type": "string"
                                }
                            }
                        }
                    }
                }
            }
        }
    }
}