{
    "items": [
        {
            "auction_header_id": 300000030115951,
            "negotiation_title": "Sample CRP RFQ for Demo",
            "negotiation": "3000175",
            "negotiation_status": "Closed (Locked)",
            "negotiation_type": "RFQ",
            "buyer_id": 300000023864123,
            "buyer": "scm_impl, Rahul",
            "procurement_bu": "ADAC - BU",
            "requisitioning_bu": "ADAC - BU",
            "outcome": "Purchase Order",
            "close_date": "2024-09-26T00:00:00Z",
            "open_date": "2024-09-26T00:00:00Z",
            "attribute1": null,
            "attribute2": null,
            "coi_raised_by": "raraju@adairports.ae",
            "coi_raised_date": "2024-10-02T09:11:13Z",
            "coi_comments": null,
            "team": "[{\"person_id\":100000000275253,\"person_name\":\"BHATTI, FAROOQ AHMED\",\"scoring_team_names\":\"Technical team\",\"action\":\"APPROVE\",\"action_date\":\"2024-10-02T09:15:40\",\"action_comments\":null,\"notification_id\":null,\"person_email\":\"pritam.mohanty1@techmahindra.com\",\"user_id\":\"FBHATI\",\"user_guid\":\"2F5EDF77D7500F87E0506C0A384A5166\"},{\"person_id\":300000021734317,\"person_name\":\"FIN_USER\",\"scoring_team_names\":null,\"action\":null,\"action_date\":null,\"action_comments\":null,\"notification_id\":null,\"person_email\":\"rahul.pandita1@techmahindra.com\",\"user_id\":\"FIN_USER\",\"user_guid\":\"FFD80F38541F78DBE0536DB4E80A6355\"},{\"person_id\":300000021734317,\"person_name\":\"FIN_USER\",\"scoring_team_names\":null,\"action\":null,\"action_date\":null,\"action_comments\":null,\"notification_id\":null,\"person_email\":\"rahul.pandita1@techmahindra.com\",\"user_id\":\"FIN_USER\",\"user_guid\":\"FFD80F38541F78DBE0536DB4E80A6355\"},{\"person_id\":300000029433393,\"person_name\":\"Manoj\",\"scoring_team_names\":\"Commercial team\",\"action\":\"REJECT\",\"action_date\":\"2024-10-03T16:01:10\",\"action_comments\":\"Rejected by Rahul\",\"notification_id\":null,\"person_email\":\"rahul.pandita1@techmahindra.com\",\"user_id\":\"UAT_USER_SCM\",\"user_guid\":null},{\"person_id\":300000029433503,\"person_name\":\"Pritam\",\"scoring_team_names\":\"Commercial team\",\"action\":\"APPROVE\",\"action_date\":\"2024-10-02T09:12:48\",\"action_comments\":null,\"notification_id\":null,\"person_email\":\"rahul.pandita1@techmahindra.com\",\"user_id\":\"Pritam_SCM\",\"user_guid\":null},{\"person_id\":300000030114278,\"person_name\":\"Musarra, Shane\",\"scoring_team_names\":\"Commercial team\",\"action\":null,\"action_date\":null,\"action_comments\":null,\"notification_id\":null,\"person_email\":\"XXShane.Musara@adairports.comxx\",\"user_id\":\"Shane_Musarra\",\"user_guid\":null},{\"person_id\":300000023864123,\"person_name\":\"scm_impl, Rahul\",\"scoring_team_names\":null,\"action\":null,\"action_date\":null,\"action_comments\":null,\"notification_id\":null,\"person_email\":\"rahul.pandita1@techmahindra.com\",\"user_id\":\"SCM_USER\",\"user_guid\":null}]",
            "suppliers": "[{\"supplier_number\":\"Dubai\",\"supplier\":\"ABU ALI TRANSPORT\",\"supplier_site\":\"Abu Ali, Abu Ali\",\"supplier_contact\":\"300000023053660\"},{\"supplier_number\":\"Tech Mahindra Ltd. Abu Dhabi\",\"supplier\":\"Tech Mahindra Ltd.Abu Dhabi\",\"supplier_site\":\"Pandita, Rahul\",\"supplier_contact\":\"300000027204883\"}]"
        },
        {
            "auction_header_id": 300000030559875,
            "negotiation_title": "CRP RFQ with multiple evaluators",
            "negotiation": "3000232",
            "negotiation_status": "Round completed (Unlocked)",
            "negotiation_type": "RFQ",
            "buyer_id": 300000023864123,
            "buyer": "scm_impl, Rahul",
            "procurement_bu": "ADAC - BU",
            "requisitioning_bu": null,
            "outcome": "Blanket Purchase Agreement",
            "close_date": "2024-09-12T00:00:00Z",
            "open_date": "2024-09-12T00:00:00Z",
            "attribute1": null,
            "attribute2": null,
            "coi_raised_by": "raraju@adairports.ae",
            "coi_raised_date": "2024-10-03T14:58:45Z",
            "coi_comments": "Testing removal ",
            "team": "[{\"person_id\":100000000275253,\"person_name\":\"BHATTI, FAROOQ AHMED\",\"scoring_team_names\":\"Commercial Team\",\"action\":null,\"action_date\":null,\"action_comments\":null,\"notification_id\":null,\"person_email\":\"pritam.mohanty1@techmahindra.com\",\"user_id\":\"FBHATI\",\"user_guid\":\"2F5EDF77D7500F87E0506C0A384A5166\"},{\"person_id\":100000001224658,\"person_name\":\"El Sherif, Radwan\",\"scoring_team_names\":\"Technical Team\",\"action\":null,\"action_date\":null,\"action_comments\":null,\"notification_id\":null,\"person_email\":\"pritam.mohanty1@techmahindra.com\",\"user_id\":\"RELSHERIF\",\"user_guid\":\"788ADC585DF9C638E0506C0A2E4A5994\"},{\"person_id\":300000021734317,\"person_name\":\"FIN_USER\",\"scoring_team_names\":null,\"action\":null,\"action_date\":null,\"action_comments\":null,\"notification_id\":null,\"person_email\":\"rahul.pandita1@techmahindra.com\",\"user_id\":\"FIN_USER\",\"user_guid\":\"FFD80F38541F78DBE0536DB4E80A6355\"},{\"person_id\":300000021734317,\"person_name\":\"FIN_USER\",\"scoring_team_names\":null,\"action\":null,\"action_date\":null,\"action_comments\":null,\"notification_id\":null,\"person_email\":\"rahul.pandita1@techmahindra.com\",\"user_id\":\"FIN_USER\",\"user_guid\":\"FFD80F38541F78DBE0536DB4E80A6355\"},{\"person_id\":300000029433393,\"person_name\":\"Manoj\",\"scoring_team_names\":null,\"action\":null,\"action_date\":null,\"action_comments\":null,\"notification_id\":null,\"person_email\":\"rahul.pandita1@techmahindra.com\",\"user_id\":\"UAT_USER_SCM\",\"user_guid\":null},{\"person_id\":300000029433503,\"person_name\":\"Pritam\",\"scoring_team_names\":\"Technical Team\",\"action\":null,\"action_date\":null,\"action_comments\":null,\"notification_id\":null,\"person_email\":\"rahul.pandita1@techmahindra.com\",\"user_id\":\"Pritam_SCM\",\"user_guid\":null},{\"person_id\":300000023864123,\"person_name\":\"scm_impl, Rahul\",\"scoring_team_names\":null,\"action\":null,\"action_date\":null,\"action_comments\":null,\"notification_id\":null,\"person_email\":\"rahul.pandita1@techmahindra.com\",\"user_id\":\"SCM_USER\",\"user_guid\":null}]",
            "suppliers": "[{\"supplier_number\":null,\"supplier\":\"ABC Consulting\",\"supplier_site\":\"bara, yara\",\"supplier_contact\":\"300000028400174\"},{\"supplier_number\":\"Dubai\",\"supplier\":\"ABU ALI TRANSPORT\",\"supplier_site\":\"Abu Ali, Abu Ali\",\"supplier_contact\":\"300000023053660\"}]"
        }
    ],
    "hasMore": false,
    "limit": 0,
    "offset": 0,
    "count": 2,
    "links": [
        {
            "rel": "self",
            "href": "https://atpdb-dev.adairports.ae/ords/uqxRUDK9/agscm/rfqcoi"
        },
        {
            "rel": "describedby",
            "href": "https://atpdb-dev.adairports.ae/ords/uqxRUDK9/metadata-catalog/agscm/item"
        }
    ]
}