{
    "roleMapping": {
        "idcsHostUrl": "https://idcs-09b68ff6f5a84782934af375c162ed01.identity.oraclecloud.com:443",
        "roles": {
            "DELL_OTDTC_AR_EXT_011_CUST_SITES_LEVEL_UPDATE_Bulk_Upload_Role": {
                "base_configuration": {
                    "users": [ ],
                    "groups": [
                        {
                            "id": "70cd863ec97e4ac6bd0d2d41ad745ebe",
                            "displayName": "DELL OTDTC Customer Site Level Update"
                        }
                    ]
                }
            },
            "DELL_OTDTC_AR_EXT_011_PO_CON_ATT_Bulk_Upload_Role": {
                "base_configuration": {
                    "users": [ ],
                    "groups": [
                        {
                            "id": "958b2a786f84476b8a79d6e9451349b1",
                            "displayName": "DELL OTDTC PO Consolidation Attribute Update"
                        }
                    ]
                }
            },
            "OTDTC_AR_EXT_011_CUST_PO_ATTRIBUTE_UPDATE": {
                "base_configuration": {
                    "users": [
                        {
                            "id": "19e1ff62186646bbbc4dca4ae07e552c",
                            "displayName": "Dhanik Patel",
                            "userName": "1420591"
                        }
                    ],
                    "groups": [
                        {
                            "id": "958b2a786f84476b8a79d6e9451349b1",
                            "displayName": "DELL OTDTC PO Consolidation Attribute Update"
                        }
                    ]
                }
            },
            "DELL_OTDTC_AR_EXT_011_CUST_CRE_UPD_Bulk_Upload_Role": {
                "base_configuration": {
                    "users": [ ],
                    "groups": [
                        {
                            "id": "48ce4eca111049f0aa66c092a825fbce",
                            "displayName": "DELL OTDTC Customer Contact Create And Update"
                        }
                    ]
                }
            },
            "DELL_OTDTC_AR_EXT_011_PARTY_LEVEL_Bulk_Upload_Role": {
                "base_configuration": {
                    "users": [ ],
                    "groups": [
                        {
                            "id": "6ca1b03759f04068a824e7ce06ff5011",
                            "displayName": "DELL OTDTC Party Level Upload"
                        }
                    ]
                }
            },
            "OTDTC_AR_EXT_011_CUST_SITES_EMAIL_PRINT_OPTION_UPDATE_Bulk_Upload_Role": {
                "base_configuration": {
                    "users": [ ],
                    "groups": [
                        {
                            "id": "baf40962e64e48cc8955a94c21eed9ff",
                            "displayName": "DELL OTDTC Email Delivery Method Setup"
                        }
                    ]
                }
            },
            "DELL_OTDTC_AR_EXT_011_CUST_ACCO_LEVEL_UPDATE_Bulk_Upload_Role": {
                "base_configuration": {
                    "users": [ ],
                    "groups": [
                        {
                            "id": "5ee27811b070466d8f8101fbb286a7f1",
                            "displayName": "DELL OTDTC Customer Account Level Update"
                        }
                    ]
                }
            },
            "DELL_OTDTC_AR_EXT_011_COLLECTION_ACC_LEV_HOLD_Bulk_Upload_Role": {
                "base_configuration": {
                    "users": [
                        {
                            "id": "19e1ff62186646bbbc4dca4ae07e552c",
                            "displayName": "Dhanik Patel",
                            "userName": "1420591"
                        }
                    ],
                    "groups": [
                        {
                            "id": "a9a5a774b43a45ef84dd83a08f3aded9",
                            "displayName": "DELL OTDTC Collection Account Level Hold Update"
                        }
                    ]
                }
            },
            "DELL_STP_PROC_EXT_022_Bulk_Upload_Role": {
                "base_configuration": {
                    "users": [
                        {
                            "id": "0c007282d40644049ca8b16ff791b4bf",
                            "displayName": "Nikhil , Gajavalli",
                            "userName": "1411217"
                        },
                        {
                            "id": "4942c648ae80418ba2ff2297055b25d4",
                            "displayName": "Aswathy Menon",
                            "userName": "1414576"
                        },
                        {
                            "id": "1ace44bb99584cec9ef4ab55c1998643",
                            "displayName": "Kumar",
                            "userName": "1421928"
                        },
                        {
                            "id": "c5c5e37cfea5443dba76a4344ce4c9f7",
                            "displayName": "Arup",
                            "userName": "1428048"
                        }
                    ],
                    "groups": [
                        {
                            "id": "680f6ee758c94dc5afc510aa9407b60b",
                            "displayName": "DELL STP Procurement Upload for PO Close"
                        }
                    ]
                }
            },
            "DELL_RTR_CHRM_EXT_006_Bulk_Upload_Role": {
                "base_configuration": {
                    "users": [ ],
                    "groups": [
                        {
                            "id": "e0e73282934a43f5a1a4b2f9d2c0a9b1",
                            "displayName": "DELL RTR CHRM Receivable Vendor Invoices"
                        }
                    ]
                }
            },
            "DELL_RTR_CHRM_EXT_010_Bulk_Upload_Role": {
                "base_configuration": {
                    "users": [ ],
                    "groups": [
                        {
                            "id": "ddb062ac439e4fa4ad91f1edd38b5e2f",
                            "displayName": "DELL RTR CHRM Royalty Program"
                        }
                    ]
                }
            },
            "DELL_OTDTC_AR_EXT_006_Bulk_Upload_Role": {
                "base_configuration": {
                    "users": [ ],
                    "groups": [
                        {
                            "id": "b14386ba6a114915a0c36a8a45e42e27",
                            "displayName": "DELL OTDTC Create Adjustments"
                        }
                    ]
                }
            },
            "DELL_RTR_RM_EXT_006_Bulk_Upload_Role": {
                "base_configuration": {
                    "users": [
                        {
                            "id": "380c19582fe6435d8a44934db82ee52f",
                            "displayName": "Jayanth, Pallepogu",
                            "userName": "1406208"
                        }
                    ],
                    "groups": [
                        {
                            "id": "f176376ac986447aa26aa202cd928286",
                            "displayName": "DELL RTR RM Portfolio Adjustment"
                        }
                    ]
                }
            },
            "DELL_OTDTC_AR_EXT_011_PO_CONSO_ATTRIBUTE_UPD_Bulk_Upload_Role": {
                "base_configuration": {
                    "users": [
                        {
                            "id": "19e1ff62186646bbbc4dca4ae07e552c",
                            "displayName": "Dhanik Patel",
                            "userName": "1420591"
                        }
                    ],
                    "groups": [
                        {
                            "id": "958b2a786f84476b8a79d6e9451349b1",
                            "displayName": "DELL OTDTC PO Consolidation Attribute Update"
                        }
                    ]
                }
            },
            "DELL_STP_PROC_EXT_020_Bulk_Upload_Role": {
                "base_configuration": {
                    "users": [
                        {
                            "id": "0c007282d40644049ca8b16ff791b4bf",
                            "displayName": "Nikhil , Gajavalli",
                            "userName": "1411217"
                        },
                        {
                            "id": "951673abd0084d2aab125d67bcee4c42",
                            "displayName": "Kiran, Patil",
                            "userName": "1411482"
                        },
                        {
                            "id": "4942c648ae80418ba2ff2297055b25d4",
                            "displayName": "Aswathy Menon",
                            "userName": "1414576"
                        },
                        {
                            "id": "e08c50a48e92461c84b0e4b9450d4b67",
                            "displayName": "Mohsin, Mohammed",
                            "userName": "1418205"
                        },
                        {
                            "id": "08a1bb5fd6534e5f8ccf4cc151ebfe76",
                            "displayName": "Thakare",
                            "userName": "1419000"
                        },
                        {
                            "id": "c5c5e37cfea5443dba76a4344ce4c9f7",
                            "displayName": "Arup",
                            "userName": "1428048"
                        }
                    ],
                    "groups": [
                        {
                            "id": "7d5d4c8fc6f64963b1fe34aebb8bfed4",
                            "displayName": "DELL STP Procurement Upload for Standard PO and BPO"
                        }
                    ]
                }
            },
            "DELL_STP_PROC_EXT_020_Service_Bulk_Upload_Role": {
                "base_configuration": {
                    "users": [
                        {
                            "id": "0c007282d40644049ca8b16ff791b4bf",
                            "displayName": "Nikhil , Gajavalli",
                            "userName": "1411217"
                        },
                        {
                            "id": "951673abd0084d2aab125d67bcee4c42",
                            "displayName": "Kiran, Patil",
                            "userName": "1411482"
                        },
                        {
                            "id": "4942c648ae80418ba2ff2297055b25d4",
                            "displayName": "Aswathy Menon",
                            "userName": "1414576"
                        },
                        {
                            "id": "e08c50a48e92461c84b0e4b9450d4b67",
                            "displayName": "Mohsin, Mohammed",
                            "userName": "1418205"
                        },
                        {
                            "id": "08a1bb5fd6534e5f8ccf4cc151ebfe76",
                            "displayName": "Thakare",
                            "userName": "1419000"
                        },
                        {
                            "id": "c5c5e37cfea5443dba76a4344ce4c9f7",
                            "displayName": "Arup",
                            "userName": "1428048"
                        }
                    ],
                    "groups": [
                        {
                            "id": "d077d0df27e243eba519126b9cb19b00",
                            "displayName": "DELL STP Procurement Upload for Service PO and BPO"
                        }
                    ]
                }
            },
            "DELL_OTDTC_AR_EXT_007_MISCE_RECEIPT_Bulk_Upload_Role": {
                "base_configuration": {
                    "users": [ ],
                    "groups": [
                        {
                            "id": "82d0f98bde944eb7968ed560147fc230",
                            "displayName": "DELL OTDTC Miscellaneous Receipt"
                        }
                    ]
                }
            },
            "DELL_OTDTC_AR_EXT_010_Bulk_Upload_Role": {
                "base_configuration": {
                    "users": [ ],
                    "groups": [
                        {
                            "id": "64b8b50c6c724a86a6f984f52f7bf6c3",
                            "displayName": "DELL OTDTC Create WriteOffs"
                        }
                    ]
                }
            },
            "DELL_OTDTC_AR_EXT_011_EMAIL_PUR_REM_Bulk_Upload_Role": {
                "base_configuration": {
                    "users": [ ],
                    "groups": [
                        {
                            "id": "9b27518b8c8c4dc18f0415bc50687525",
                            "displayName": "DELL OTDTC Customer Email Removal"
                        }
                    ]
                }
            },
            "DELL_RTR_CHRM_EXT_001_Bulk_Upload_Role": {
                "base_configuration": {
                    "users": [ ],
                    "groups": [
                        {
                            "id": "c10346c6a5f94e91849059b6c9868f06",
                            "displayName": "DELL RTR CHRM Vendor Funding and Supplier Rebates"
                        }
                    ]
                }
            },
            "DELL_STP_PROC_EXT_023_Bulk_Upload_Role": {
                "base_configuration": {
                    "users": [
                        {
                            "id": "e08c50a48e92461c84b0e4b9450d4b67",
                            "displayName": "Mohsin, Mohammed",
                            "userName": "1418205"
                        }
                    ],
                    "groups": [
                        {
                            "id": "1b3c78f9544b4ca69242ce18031b1861",
                            "displayName": "DELL STP Procurement Upload for PO Print Option"
                        }
                    ]
                }
            },
            "DELL_STP_PROC_EXT_008_Bulk_Upload_Role": {
                "base_configuration": {
                    "users": [
                        {
                            "id": "4942c648ae80418ba2ff2297055b25d4",
                            "displayName": "Aswathy Menon",
                            "userName": "1414576"
                        }
                    ],
                    "groups": [
                        {
                            "id": "b44e4e6b6e2f4eae88442b713b4f15ee",
                            "displayName": "DELL STP Procurement Upload for PO and BPO"
                        }
                    ]
                }
            },
            "DELL_OTDTC_AR_EXT_009_STANDARD_RECEIPT_ADD_APPL_Bulk_Upload_Role": {
                "base_configuration": {
                    "users": [
                        {
                            "id": "19e1ff62186646bbbc4dca4ae07e552c",
                            "displayName": "Dhanik Patel",
                            "userName": "1420591"
                        }
                    ],
                    "groups": [
                        {
                            "id": "15f1b13c8cf74312b24fa32734935ead",
                            "displayName": "DELL OTDTC Standard Application Receipt"
                        }
                    ]
                }
            },
            "PTM_PDH_EXT_008_Bulk_Upload_Role": {
                "base_configuration": {
                    "users": [
                        {
                            "id": "9a8375bf458c461d8678648466b9a261",
                            "displayName": "Akshatha",
                            "userName": "1418052"
                        },
                        {
                            "id": "1ace44bb99584cec9ef4ab55c1998643",
                            "displayName": "Kumar",
                            "userName": "1421928"
                        }
                    ],
                    "groups": [
                        {
                            "id": "4f07faac0aac45b29d4fb59a360a2d25",
                            "displayName": "DELL PIM Pilot BOM Automation"
                        }
                    ]
                }
            },
            "PTM_PDH_EXT_009_Bulk_Upload_Role": {
                "base_configuration": {
                    "users": [
                        {
                            "id": "9a8375bf458c461d8678648466b9a261",
                            "displayName": "Akshatha",
                            "userName": "1418052"
                        },
                        {
                            "id": "1ace44bb99584cec9ef4ab55c1998643",
                            "displayName": "Kumar",
                            "userName": "1421928"
                        }
                    ],
                    "groups": [
                        {
                            "id": "a6e5da0504a0411c8d07d22bcabdb83a",
                            "displayName": "DELL PIM Deviation BOM Automation"
                        }
                    ]
                }
            },
            "PTM_PDH_EXT_010_Bulk_Upload_Role": {
                "base_configuration": {
                    "users": [
                        {
                            "id": "9a8375bf458c461d8678648466b9a261",
                            "displayName": "Akshatha",
                            "userName": "1418052"
                        }
                    ],
                    "groups": [
                        {
                            "id": "ab24f1ce4e1e448cb15e4277561e7ced",
                            "displayName": "DELL INV Consumed Receipt Creation"
                        }
                    ]
                }
            },
            "DELL_RTR_CHRM_EXT_007_Bulk_Upload_Role": {
                "base_configuration": {
                    "users": [
                        {
                            "id": "b2fde624c41c416ea7fe93cd4a7fcf44",
                            "displayName": "Kabadagi",
                            "userName": "1418215"
                        },
                        {
                            "id": "08a1bb5fd6534e5f8ccf4cc151ebfe76",
                            "displayName": "Thakare",
                            "userName": "1419000"
                        },
                        {
                            "id": "295f9dae6c2043018882d57a7a61920e",
                            "displayName": "Shetty",
                            "userName": "1420633"
                        }
                    ],
                    "groups": [
                        {
                            "id": "8e75347d15314273abb3025236bea518",
                            "displayName": "DELL RTR CHRM bulk upload for Global Accruals"
                        },
                        {
                            "id": "0104065a280d4c6ba47ca662c3f8df2f",
                            "displayName": "DELL RTR CHRM Global Accruals"
                        },
                        {
                            "id": "b6c05b2fba694d16a7546d2ebd915cbe",
                            "displayName": "DELL RTR CHRM Streamline Accruals"
                        }
                    ]
                }
            },
            "DELL_OTDTC_AR_EXT_011_WCS_FUNDER_RELATIONSHIP_Bulk_Upload_Role": {
                "base_configuration": {
                    "users": [
                        {
                            "id": "08a1bb5fd6534e5f8ccf4cc151ebfe76",
                            "displayName": "Thakare",
                            "userName": "1419000"
                        },
                        {
                            "id": "19e1ff62186646bbbc4dca4ae07e552c",
                            "displayName": "Dhanik Patel",
                            "userName": "1420591"
                        }
                    ],
                    "groups": [ ]
                }
            },
            "DELL_STP_PROC_EXT_048_Bulk_Upload_Role": {
                "base_configuration": {
                    "users": [
                        {
                            "id": "71ddb82fa01e4e3088d3c06f8d679996",
                            "displayName": "Tanmay Prabhakar Thag",
                            "userName": "1405197"
                        },
                        {
                            "id": "08a1bb5fd6534e5f8ccf4cc151ebfe76",
                            "displayName": "Thakare",
                            "userName": "1419000"
                        }
                    ],
                    "groups": [
                        {
                            "id": "04b540b17ac140eaaac8b14debdaa2ae",
                            "displayName": "DELL STP Procurement Customer Quote Upload"
                        },
                        {
                            "id": "83a04f8bb2be44a4a5113718ebbf0cdb",
                            "displayName": "DNU(FIN)_DELL_STP_PROC_CUST_QUOTE_UPLOAD_JR"
                        }
                    ]
                }
            },
            "DELL_STP_PROC_EXT_039_Bulk_Upload_Role": {
                "base_configuration": {
                    "users": [
                        {
                            "id": "71ddb82fa01e4e3088d3c06f8d679996",
                            "displayName": "Tanmay Prabhakar Thag",
                            "userName": "1405197"
                        },
                        {
                            "id": "08a1bb5fd6534e5f8ccf4cc151ebfe76",
                            "displayName": "Thakare",
                            "userName": "1419000"
                        },
                        {
                            "id": "a1fa007c4bae4dde986063145bcf81ae",
                            "displayName": "Shekhar",
                            "userName": "1429805"
                        }
                    ],
                    "groups": [
                        {
                            "id": "f2f25c6846cf4f00b313977a95d8a51f",
                            "displayName": "DNU(FIN)_DELL_STP_PROC_MASS_UPLOAD_JR"
                        }
                    ]
                }
            },
            "DELL_STP_PROC_EXT_043_Bulk_Upload_Role": {
                "base_configuration": {
                    "users": [ ],
                    "groups": [
                        {
                            "id": "7b3f9c08c97a4f978ccc25859339e5d6",
                            "displayName": "DNU(FIN)_DELL_STP_PO_MASS_UPLOAD_FOR_SUPPLIER_PORTAL"
                        }
                    ]
                }
            },
            "DELL_RTR_FLA_EXT_005_Bulk_Upload_Role": {
                "base_configuration": {
                    "users": [
                        {
                            "id": "5836ba1258424ae494db0666d2e31049",
                            "displayName": "Tikkiwal",
                            "userName": "1405160"
                        },
                        {
                            "id": "1ace44bb99584cec9ef4ab55c1998643",
                            "displayName": "Kumar",
                            "userName": "1421928"
                        }
                    ],
                    "groups": [
                        {
                            "id": "752d2dc16eed4ec88388649280752976",
                            "displayName": "DELL RTR Lease File Update"
                        }
                    ]
                }
            },
            "DELL_STP_PROC_EXT_044_Bulk_Upload_Role": {
                "base_configuration": {
                    "users": [
                        {
                            "id": "71ddb82fa01e4e3088d3c06f8d679996",
                            "displayName": "Tanmay Prabhakar Thag",
                            "userName": "1405197"
                        },
                        {
                            "id": "08a1bb5fd6534e5f8ccf4cc151ebfe76",
                            "displayName": "Thakare",
                            "userName": "1419000"
                        },
                        {
                            "id": "a1fa007c4bae4dde986063145bcf81ae",
                            "displayName": "Shekhar",
                            "userName": "1429805"
                        }
                    ],
                    "groups": [
                        {
                            "id": "febee880d26748daa95f4370fda51b95",
                            "displayName": "DELL STP Procurement Software Mass Upload"
                        }
                    ]
                }
            },
            "DELL_OTDTC_AR_EXT_005_Bulk_Upload_Role": {
                "base_configuration": {
                    "users": [
                        {
                            "id": "08a1bb5fd6534e5f8ccf4cc151ebfe76",
                            "displayName": "Thakare",
                            "userName": "1419000"
                        },
                        {
                            "id": "1ace44bb99584cec9ef4ab55c1998643",
                            "displayName": "Kumar",
                            "userName": "1421928"
                        },
                        {
                            "id": "de0144e94bc24b1e8cac025eba079b3a",
                            "displayName": "Kadam Sujay",
                            "userName": "1423595"
                        },
                        {
                            "id": "ba6d652e0e1b49d0be7f12d06e6d9996",
                            "displayName": "Sandeep",
                            "userName": "1432264"
                        }
                    ],
                    "groups": [
                        {
                            "id": "2749914b8b7a400ca0e7bdf2c22c3330",
                            "displayName": "DELL OTDTC AR Consolidate Invoice bulk upload"
                        }
                    ]
                }
            },
            "DELL_RTR_CHRM_EXT_020_STREAMLINE_ACCRUALS_Bulk_Upload_Role": {
                "base_configuration": {
                    "users": [
                        {
                            "id": "b2fde624c41c416ea7fe93cd4a7fcf44",
                            "displayName": "Kabadagi",
                            "userName": "1418215"
                        },
                        {
                            "id": "1ace44bb99584cec9ef4ab55c1998643",
                            "displayName": "Kumar",
                            "userName": "1421928"
                        }
                    ],
                    "groups": [
                        {
                            "id": "b6c05b2fba694d16a7546d2ebd915cbe",
                            "displayName": "DELL RTR CHRM Streamline Accruals"
                        }
                    ]
                }
            },
            "DELL_OTDTC_AR_EXT_002_Customer_Acceptance_Status_Bulk_Upload_Role": {
                "base_configuration": {
                    "users": [
                        {
                            "id": "e45b5180fa09433eabecaef73a547b97",
                            "displayName": "Prakash Yatam",
                            "userName": "1417401"
                        },
                        {
                            "id": "4d600581aa4743c1b761e7abbf519178",
                            "displayName": "Prasanna Raikar",
                            "userName": "1417533"
                        }
                    ],
                    "groups": [
                        {
                            "id": "c3571534619245089972e7f3f8778678",
                            "displayName": "DELL OTDTC AR Customer Acceptance Status"
                        }
                    ]
                }
            },
            "DELL_MTQ_CPQ_INT_88_Bulk_Upload_Role": {
                "base_configuration": {
                    "users": [
                        {
                            "id": "08a1bb5fd6534e5f8ccf4cc151ebfe76",
                            "displayName": "Thakare",
                            "userName": "1419000"
                        },
                        {
                            "id": "83561191f3004b0ebc87298a5b61c5e7",
                            "displayName": "Vinit Kanyal",
                            "userName": "1424764"
                        }
                    ],
                    "groups": [
                        {
                            "id": "5217e842eb1843d88ea0d39daa68b937",
                            "displayName": "DELL CPQ Subscription Bulk Upload"
                        }
                    ]
                }
            },
            "DELL_MTQ_CPQ_INT_89_Bulk_Upload_Role": {
                "base_configuration": {
                    "users": [
                        {
                            "id": "83561191f3004b0ebc87298a5b61c5e7",
                            "displayName": "Vinit Kanyal",
                            "userName": "1424764"
                        }
                    ],
                    "groups": [
                        {
                            "id": "1f9fca144d574f50acfafe0fc55bd947",
                            "displayName": "DELL CPQ Item Pricing Bulk Upload"
                        }
                    ]
                }
            },
            "DELL_MTQ_CPQ_INT_90_Bulk_Upload_Role": {
                "base_configuration": {
                    "users": [
                        {
                            "id": "83561191f3004b0ebc87298a5b61c5e7",
                            "displayName": "Vinit Kanyal",
                            "userName": "1424764"
                        }
                    ],
                    "groups": [
                        {
                            "id": "dd646c61f9f946f3927813c24d4d5c3d",
                            "displayName": "DELL CPQ Override Pricing Bulk Upload"
                        }
                    ]
                }
            },
            "DELL_RTR_CHRM_EXT_038_Bulk_Upload_Role": {
                "base_configuration": {
                    "users": [
                        {
                            "id": "b2fde624c41c416ea7fe93cd4a7fcf44",
                            "displayName": "Kabadagi",
                            "userName": "1418215"
                        },
                        {
                            "id": "98f05c81f5c84d54afc61540d9f2cead",
                            "displayName": "Bansal",
                            "userName": "1424470"
                        },
                        {
                            "id": "19c4a72ac8f84555aa61058127115dbd",
                            "displayName": "Reddy",
                            "userName": "1430056"
                        }
                    ],
                    "groups": [
                        {
                            "id": "385c4f6b25a5492f87c3062f127aff94",
                            "displayName": "DELL RTR CHRM Royalty Invoice Reconciliation"
                        }
                    ]
                }
            },
            "RTR_FLA_EXT_007": {
                "base_configuration": {
                    "users": [
                        {
                            "id": "b2fde624c41c416ea7fe93cd4a7fcf44",
                            "displayName": "Kabadagi",
                            "userName": "1418215"
                        },
                        {
                            "id": "816d1a4ab8b647bfa008be5b7329da46",
                            "displayName": "Jagadeesh",
                            "userName": "1430876"
                        }
                    ],
                    "groups": [
                        {
                            "id": "8787dd20a15c4f45b656f1e765f73b55",
                            "displayName": "DELL RTR Lease Amendment Automation"
                        }
                    ]
                }
            },
            "DELL_RTR_CM_EXT_001_Bulk_Upload_Role": {
                "base_configuration": {
                    "users": [
                        {
                            "id": "76c70313e6304abeb2b442ccca505ec6",
                            "displayName": "Radhika Jammula",
                            "userName": "1415585"
                        },
                        {
                            "id": "a7988a478f6f4c05b585cb08363ac3a8",
                            "displayName": "Guru Reddy",
                            "userName": "1423930"
                        }
                    ],
                    "groups": [
                        {
                            "id": "14cdfa3bd43942838345059b71258bad",
                            "displayName": "DELL RTR CM Bank Reconciliation Automation"
                        }
                    ]
                }
            },
            "DELL_OTDTC_AR_EXT_030_CBP_MASS_APPLICATION_Bulk_Upload_Role": {
                "base_configuration": {
                    "users": [ ],
                    "groups": [
                        {
                            "id": "dd4a569745524e46ba26ea0f67e81b9c",
                            "displayName": "DELL OTDTC AR CBP Central Banking Process"
                        }
                    ]
                }
            },
            "PTM_PDH_EXT_024_Bulk_Upload_Role": {
                "base_configuration": {
                    "users": [
                        {
                            "id": "e7f24b09c91548abb15d2e2fcd25a38c",
                            "displayName": "Gaurav Paliwal",
                            "userName": "1411332"
                        },
                        {
                            "id": "73b9f3d4aec041158fcb735c81029eb6",
                            "displayName": "Selvamani, S",
                            "userName": "1418058"
                        },
                        {
                            "id": "1ace44bb99584cec9ef4ab55c1998643",
                            "displayName": "Kumar",
                            "userName": "1421928"
                        },
                        {
                            "id": "2f0acbe02058489983b66d7ec4b10de8",
                            "displayName": "Sandeep",
                            "userName": "1432718"
                        }
                    ],
                    "groups": [ ]
                }
            },
            "DELL_RTR_CHRM_EXT_024_Bulk_Upload_Role": {
                "base_configuration": {
                    "users": [
                        {
                            "id": "08a1bb5fd6534e5f8ccf4cc151ebfe76",
                            "displayName": "Thakare",
                            "userName": "1419000"
                        }
                    ],
                    "groups": [
                        {
                            "id": "c986396348784b08bec5e54b3eafeee8",
                            "displayName": "DELL RTR CHRM Mass Settlement of Claims"
                        }
                    ]
                }
            }
        }
    }
}