{
    "items": [
        {
            "ValueId": 74091,
            "IndependentValue": null,
            "IndependentValueNumber": null,
            "IndependentValueDate": null,
            "IndependentValueTimestamp": null,
            "Value": "1000000",
            "ValueNumber": null,
            "ValueDate": null,
            "ValueTimestamp": null,
            "TranslatedValue": null,
            "Description": "ASSETS-P1",
            "EnabledFlag": "Y",
            "StartDateActive": "2001-01-01",
            "EndDateActive": null,
            "SortOrder": null,
            "SummaryFlag": "Y",
            "DetailPostingAllowed": "N",
            "DetailBudgetingAllowed": "Y",
            "AccountType": "A",
            "ControlAccount": "N",
            "ReconciliationFlag": "N",
            "FinancialCategory": null,
            "ExternalDataSource": null,
            "CreationDate": "2023-08-06T08:05:49.777+00:00",
            "CreatedBy": "FIN_USER",
            "LastUpdateDate": "2024-09-03T17:31:17.799+00:00",
            "LastUpdatedBy": "FIN_USER"
        },
        {
            "ValueId": 74092,
            "IndependentValue": null,
            "IndependentValueNumber": null,
            "IndependentValueDate": null,
            "IndependentValueTimestamp": null,
            "Value": "1000001",
            "ValueNumber": null,
            "ValueDate": null,
            "ValueTimestamp": null,
            "TranslatedValue": null,
            "Description": "NON CURRENT ASSETS - P2",
            "EnabledFlag": "Y",
            "StartDateActive": "2001-01-01",
            "EndDateActive": null,
            "SortOrder": null,
            "SummaryFlag": "Y",
            "DetailPostingAllowed": "N",
            "DetailBudgetingAllowed": "Y",
            "AccountType": "A",
            "ControlAccount": "N",
            "ReconciliationFlag": "N",
            "FinancialCategory": null,
            "ExternalDataSource": null,
            "CreationDate": "2023-08-06T08:05:49.799+00:00",
            "CreatedBy": "FIN_USER",
            "LastUpdateDate": "2024-09-03T17:31:17.801+00:00",
            "LastUpdatedBy": "FIN_USER"
        },
        {
            "ValueId": 74093,
            "IndependentValue": null,
            "IndependentValueNumber": null,
            "IndependentValueDate": null,
            "IndependentValueTimestamp": null,
            "Value": "1111000",
            "ValueNumber": null,
            "ValueDate": null,
            "ValueTimestamp": null,
            "TranslatedValue": null,
            "Description": "FURNITURE AND FIXTURES-P3",
            "EnabledFlag": "Y",
            "StartDateActive": "2001-01-01",
            "EndDateActive": null,
            "SortOrder": null,
            "SummaryFlag": "Y",
            "DetailPostingAllowed": "N",
            "DetailBudgetingAllowed": "Y",
            "AccountType": "A",
            "ControlAccount": "N",
            "ReconciliationFlag": "N",
            "FinancialCategory": null,
            "ExternalDataSource": null,
            "CreationDate": "2023-08-06T08:05:49.820+00:00",
            "CreatedBy": "FIN_USER",
            "LastUpdateDate": "2024-09-03T17:31:17.803+00:00",
            "LastUpdatedBy": "FIN_USER"
        },
        {
            "ValueId": 74094,
            "IndependentValue": null,
            "IndependentValueNumber": null,
            "IndependentValueDate": null,
            "IndependentValueTimestamp": null,
            "Value": "1111001",
            "ValueNumber": null,
            "ValueDate": null,
            "ValueTimestamp": null,
            "TranslatedValue": null,
            "Description": "Furniture And Fixtures-Clearing",
            "EnabledFlag": "Y",
            "StartDateActive": "2001-01-01",
            "EndDateActive": null,
            "SortOrder": null,
            "SummaryFlag": "N",
            "DetailPostingAllowed": "Y",
            "DetailBudgetingAllowed": "Y",
            "AccountType": "A",
            "ControlAccount": "N",
            "ReconciliationFlag": "N",
            "FinancialCategory": "PPE",
            "ExternalDataSource": null,
            "CreationDate": "2023-08-06T08:05:49.842+00:00",
            "CreatedBy": "FIN_USER",
            "LastUpdateDate": "2024-09-03T17:31:17.805+00:00",
            "LastUpdatedBy": "FIN_USER"
        },
        {
            "ValueId": 74095,
            "IndependentValue": null,
            "IndependentValueNumber": null,
            "IndependentValueDate": null,
            "IndependentValueTimestamp": null,
            "Value": "1111002",
            "ValueNumber": null,
            "ValueDate": null,
            "ValueTimestamp": null,
            "TranslatedValue": null,
            "Description": "Furniture And Fixtures-Office-Cost",
            "EnabledFlag": "Y",
            "StartDateActive": "2001-01-01",
            "EndDateActive": null,
            "SortOrder": null,
            "SummaryFlag": "N",
            "DetailPostingAllowed": "Y",
            "DetailBudgetingAllowed": "Y",
            "AccountType": "A",
            "ControlAccount": "N",
            "ReconciliationFlag": "N",
            "FinancialCategory": "PPE",
            "ExternalDataSource": null,
            "CreationDate": "2023-08-06T08:05:49.862+00:00",
            "CreatedBy": "FIN_USER",
            "LastUpdateDate": "2024-09-03T17:31:17.807+00:00",
            "LastUpdatedBy": "FIN_USER"
        },
        {
            "ValueId": 74096,
            "IndependentValue": null,
            "IndependentValueNumber": null,
            "IndependentValueDate": null,
            "IndependentValueTimestamp": null,
            "Value": "1111003",
            "ValueNumber": null,
            "ValueDate": null,
            "ValueTimestamp": null,
            "TranslatedValue": null,
            "Description": "Furniture And Fixtures-House-Cost",
            "EnabledFlag": "Y",
            "StartDateActive": "2001-01-01",
            "EndDateActive": null,
            "SortOrder": null,
            "SummaryFlag": "N",
            "DetailPostingAllowed": "Y",
            "DetailBudgetingAllowed": "Y",
            "AccountType": "A",
            "ControlAccount": "N",
            "ReconciliationFlag": "N",
            "FinancialCategory": "PPE",
            "ExternalDataSource": null,
            "CreationDate": "2023-08-06T08:05:49.884+00:00",
            "CreatedBy": "FIN_USER",
            "LastUpdateDate": "2024-09-03T17:31:17.809+00:00",
            "LastUpdatedBy": "FIN_USER"
        },
        {
            "ValueId": 74097,
            "IndependentValue": null,
            "IndependentValueNumber": null,
            "IndependentValueDate": null,
            "IndependentValueTimestamp": null,
            "Value": "1111004",
            "ValueNumber": null,
            "ValueDate": null,
            "ValueTimestamp": null,
            "TranslatedValue": null,
            "Description": "Furniture And Fixtures-Others-Cost",
            "EnabledFlag": "Y",
            "StartDateActive": "2001-01-01",
            "EndDateActive": null,
            "SortOrder": null,
            "SummaryFlag": "N",
            "DetailPostingAllowed": "Y",
            "DetailBudgetingAllowed": "Y",
            "AccountType": "A",
            "ControlAccount": "N",
            "ReconciliationFlag": "N",
            "FinancialCategory": "PPE",
            "ExternalDataSource": null,
            "CreationDate": "2023-08-06T08:05:49.905+00:00",
            "CreatedBy": "FIN_USER",
            "LastUpdateDate": "2024-09-03T17:31:17.810+00:00",
            "LastUpdatedBy": "FIN_USER"
        },
        {
            "ValueId": 74098,
            "IndependentValue": null,
            "IndependentValueNumber": null,
            "IndependentValueDate": null,
            "IndependentValueTimestamp": null,
            "Value": "1111005",
            "ValueNumber": null,
            "ValueDate": null,
            "ValueTimestamp": null,
            "TranslatedValue": null,
            "Description": "Refurbishment Of Buildings-Cost",
            "EnabledFlag": "Y",
            "StartDateActive": "2001-01-01",
            "EndDateActive": null,
            "SortOrder": null,
            "SummaryFlag": "N",
            "DetailPostingAllowed": "Y",
            "DetailBudgetingAllowed": "Y",
            "AccountType": "A",
            "ControlAccount": "N",
            "ReconciliationFlag": "N",
            "FinancialCategory": "PPE",
            "ExternalDataSource": null,
            "CreationDate": "2023-08-06T08:05:49.924+00:00",
            "CreatedBy": "FIN_USER",
            "LastUpdateDate": "2024-09-03T17:31:17.812+00:00",
            "LastUpdatedBy": "FIN_USER"
        },
        {
            "ValueId": 74099,
            "IndependentValue": null,
            "IndependentValueNumber": null,
            "IndependentValueDate": null,
            "IndependentValueTimestamp": null,
            "Value": "1121000",
            "ValueNumber": null,
            "ValueDate": null,
            "ValueTimestamp": null,
            "TranslatedValue": null,
            "Description": "TECHNICAL EQUIPMENT-P3",
            "EnabledFlag": "Y",
            "StartDateActive": "2001-01-01",
            "EndDateActive": null,
            "SortOrder": null,
            "SummaryFlag": "Y",
            "DetailPostingAllowed": "N",
            "DetailBudgetingAllowed": "Y",
            "AccountType": "A",
            "ControlAccount": "N",
            "ReconciliationFlag": "N",
            "FinancialCategory": "PPE",
            "ExternalDataSource": null,
            "CreationDate": "2023-08-06T08:05:49.945+00:00",
            "CreatedBy": "FIN_USER",
            "LastUpdateDate": "2024-09-03T17:31:17.814+00:00",
            "LastUpdatedBy": "FIN_USER"
        },
        {
            "ValueId": 74100,
            "IndependentValue": null,
            "IndependentValueNumber": null,
            "IndependentValueDate": null,
            "IndependentValueTimestamp": null,
            "Value": "1121001",
            "ValueNumber": null,
            "ValueDate": null,
            "ValueTimestamp": null,
            "TranslatedValue": null,
            "Description": "Technical Equipment-Clearing",
            "EnabledFlag": "Y",
            "StartDateActive": "2001-01-01",
            "EndDateActive": null,
            "SortOrder": null,
            "SummaryFlag": "N",
            "DetailPostingAllowed": "Y",
            "DetailBudgetingAllowed": "Y",
            "AccountType": "A",
            "ControlAccount": "N",
            "ReconciliationFlag": "N",
            "FinancialCategory": "PPE",
            "ExternalDataSource": null,
            "CreationDate": "2023-08-06T08:05:49.964+00:00",
            "CreatedBy": "FIN_USER",
            "LastUpdateDate": "2024-09-03T17:31:17.815+00:00",
            "LastUpdatedBy": "FIN_USER"
        },
        {
            "ValueId": 74101,
            "IndependentValue": null,
            "IndependentValueNumber": null,
            "IndependentValueDate": null,
            "IndependentValueTimestamp": null,
            "Value": "1121003",
            "ValueNumber": null,
            "ValueDate": null,
            "ValueTimestamp": null,
            "TranslatedValue": null,
            "Description": "Technical Communication Equipment-Cost",
            "EnabledFlag": "Y",
            "StartDateActive": "2001-01-01",
            "EndDateActive": null,
            "SortOrder": null,
            "SummaryFlag": "N",
            "DetailPostingAllowed": "Y",
            "DetailBudgetingAllowed": "Y",
            "AccountType": "A",
            "ControlAccount": "N",
            "ReconciliationFlag": "N",
            "FinancialCategory": "PPE",
            "ExternalDataSource": null,
            "CreationDate": "2023-08-06T08:05:49.990+00:00",
            "CreatedBy": "FIN_USER",
            "LastUpdateDate": "2024-09-03T17:31:17.817+00:00",
            "LastUpdatedBy": "FIN_USER"
        },
        {
            "ValueId": 74102,
            "IndependentValue": null,
            "IndependentValueNumber": null,
            "IndependentValueDate": null,
            "IndependentValueTimestamp": null,
            "Value": "1121004",
            "ValueNumber": null,
            "ValueDate": null,
            "ValueTimestamp": null,
            "TranslatedValue": null,
            "Description": "Other Technical Equipment-Cost",
            "EnabledFlag": "Y",
            "StartDateActive": "2001-01-01",
            "EndDateActive": null,
            "SortOrder": null,
            "SummaryFlag": "N",
            "DetailPostingAllowed": "Y",
            "DetailBudgetingAllowed": "Y",
            "AccountType": "A",
            "ControlAccount": "N",
            "ReconciliationFlag": "N",
            "FinancialCategory": "PPE",
            "ExternalDataSource": null,
            "CreationDate": "2023-08-06T08:05:50.011+00:00",
            "CreatedBy": "FIN_USER",
            "LastUpdateDate": "2024-09-03T17:31:17.819+00:00",
            "LastUpdatedBy": "FIN_USER"
        },
        {
            "ValueId": 74103,
            "IndependentValue": null,
            "IndependentValueNumber": null,
            "IndependentValueDate": null,
            "IndependentValueTimestamp": null,
            "Value": "1121005",
            "ValueNumber": null,
            "ValueDate": null,
            "ValueTimestamp": null,
            "TranslatedValue": null,
            "Description": "Electro Mechanical-Cost",
            "EnabledFlag": "Y",
            "StartDateActive": "2001-01-01",
            "EndDateActive": null,
            "SortOrder": null,
            "SummaryFlag": "N",
            "DetailPostingAllowed": "Y",
            "DetailBudgetingAllowed": "Y",
            "AccountType": "A",
            "ControlAccount": "N",
            "ReconciliationFlag": "N",
            "FinancialCategory": "PPE",
            "ExternalDataSource": null,
            "CreationDate": "2023-08-06T08:05:50.029+00:00",
            "CreatedBy": "FIN_USER",
            "LastUpdateDate": "2024-09-03T17:31:17.820+00:00",
            "LastUpdatedBy": "FIN_USER"
        },
        {
            "ValueId": 74104,
            "IndependentValue": null,
            "IndependentValueNumber": null,
            "IndependentValueDate": null,
            "IndependentValueTimestamp": null,
            "Value": "1121006",
            "ValueNumber": null,
            "ValueDate": null,
            "ValueTimestamp": null,
            "TranslatedValue": null,
            "Description": "Mechanical Equipments-Cost",
            "EnabledFlag": "Y",
            "StartDateActive": "2001-01-01",
            "EndDateActive": null,
            "SortOrder": null,
            "SummaryFlag": "N",
            "DetailPostingAllowed": "Y",
            "DetailBudgetingAllowed": "Y",
            "AccountType": "A",
            "ControlAccount": "N",
            "ReconciliationFlag": "N",
            "FinancialCategory": "PPE",
            "ExternalDataSource": null,
            "CreationDate": "2023-08-06T08:05:50.048+00:00",
            "CreatedBy": "FIN_USER",
            "LastUpdateDate": "2024-09-03T17:31:17.822+00:00",
            "LastUpdatedBy": "FIN_USER"
        },
        {
            "ValueId": 74105,
            "IndependentValue": null,
            "IndependentValueNumber": null,
            "IndependentValueDate": null,
            "IndependentValueTimestamp": null,
            "Value": "1121007",
            "ValueNumber": null,
            "ValueDate": null,
            "ValueTimestamp": null,
            "TranslatedValue": null,
            "Description": "Airconditioning Equipments-Cost",
            "EnabledFlag": "Y",
            "StartDateActive": "2001-01-01",
            "EndDateActive": null,
            "SortOrder": null,
            "SummaryFlag": "N",
            "DetailPostingAllowed": "Y",
            "DetailBudgetingAllowed": "Y",
            "AccountType": "A",
            "ControlAccount": "N",
            "ReconciliationFlag": "N",
            "FinancialCategory": "PPE",
            "ExternalDataSource": null,
            "CreationDate": "2023-08-06T08:05:50.067+00:00",
            "CreatedBy": "FIN_USER",
            "LastUpdateDate": "2024-09-03T17:31:17.824+00:00",
            "LastUpdatedBy": "FIN_USER"
        },
        {
            "ValueId": 74106,
            "IndependentValue": null,
            "IndependentValueNumber": null,
            "IndependentValueDate": null,
            "IndependentValueTimestamp": null,
            "Value": "1121008",
            "ValueNumber": null,
            "ValueDate": null,
            "ValueTimestamp": null,
            "TranslatedValue": null,
            "Description": "Fire Fighting Equipments-Cost",
            "EnabledFlag": "Y",
            "StartDateActive": "2001-01-01",
            "EndDateActive": null,
            "SortOrder": null,
            "SummaryFlag": "N",
            "DetailPostingAllowed": "Y",
            "DetailBudgetingAllowed": "Y",
            "AccountType": "A",
            "ControlAccount": "N",
            "ReconciliationFlag": "N",
            "FinancialCategory": "PPE",
            "ExternalDataSource": null,
            "CreationDate": "2023-08-06T08:05:50.086+00:00",
            "CreatedBy": "FIN_USER",
            "LastUpdateDate": "2024-09-03T17:31:17.826+00:00",
            "LastUpdatedBy": "FIN_USER"
        },
        {
            "ValueId": 74107,
            "IndependentValue": null,
            "IndependentValueNumber": null,
            "IndependentValueDate": null,
            "IndependentValueTimestamp": null,
            "Value": "1121010",
            "ValueNumber": null,
            "ValueDate": null,
            "ValueTimestamp": null,
            "TranslatedValue": null,
            "Description": "Equipment-X Ray And Others-Cost",
            "EnabledFlag": "Y",
            "StartDateActive": "2001-01-01",
            "EndDateActive": null,
            "SortOrder": null,
            "SummaryFlag": "N",
            "DetailPostingAllowed": "Y",
            "DetailBudgetingAllowed": "Y",
            "AccountType": "A",
            "ControlAccount": "N",
            "ReconciliationFlag": "N",
            "FinancialCategory": "PPE",
            "ExternalDataSource": null,
            "CreationDate": "2023-08-06T08:05:50.107+00:00",
            "CreatedBy": "FIN_USER",
            "LastUpdateDate": "2024-09-03T17:31:17.827+00:00",
            "LastUpdatedBy": "FIN_USER"
        },
        {
            "ValueId": 74108,
            "IndependentValue": null,
            "IndependentValueNumber": null,
            "IndependentValueDate": null,
            "IndependentValueTimestamp": null,
            "Value": "1121011",
            "ValueNumber": null,
            "ValueDate": null,
            "ValueTimestamp": null,
            "TranslatedValue": null,
            "Description": "Workshop Equipment-Cost",
            "EnabledFlag": "Y",
            "StartDateActive": "2001-01-01",
            "EndDateActive": null,
            "SortOrder": null,
            "SummaryFlag": "N",
            "DetailPostingAllowed": "Y",
            "DetailBudgetingAllowed": "Y",
            "AccountType": "A",
            "ControlAccount": "N",
            "ReconciliationFlag": "N",
            "FinancialCategory": "PPE",
            "ExternalDataSource": null,
            "CreationDate": "2023-08-06T08:05:50.122+00:00",
            "CreatedBy": "FIN_USER",
            "LastUpdateDate": "2024-09-03T17:31:17.829+00:00",
            "LastUpdatedBy": "FIN_USER"
        },
        {
            "ValueId": 74109,
            "IndependentValue": null,
            "IndependentValueNumber": null,
            "IndependentValueDate": null,
            "IndependentValueTimestamp": null,
            "Value": "1121012",
            "ValueNumber": null,
            "ValueDate": null,
            "ValueTimestamp": null,
            "TranslatedValue": null,
            "Description": "WorkShop Tools-Cost",
            "EnabledFlag": "Y",
            "StartDateActive": "2001-01-01",
            "EndDateActive": null,
            "SortOrder": null,
            "SummaryFlag": "N",
            "DetailPostingAllowed": "Y",
            "DetailBudgetingAllowed": "Y",
            "AccountType": "A",
            "ControlAccount": "N",
            "ReconciliationFlag": "N",
            "FinancialCategory": "PPE",
            "ExternalDataSource": null,
            "CreationDate": "2023-08-06T08:05:50.142+00:00",
            "CreatedBy": "FIN_USER",
            "LastUpdateDate": "2024-09-03T17:31:17.831+00:00",
            "LastUpdatedBy": "FIN_USER"
        },
        {
            "ValueId": 74110,
            "IndependentValue": null,
            "IndependentValueNumber": null,
            "IndependentValueDate": null,
            "IndependentValueTimestamp": null,
            "Value": "1121013",
            "ValueNumber": null,
            "ValueDate": null,
            "ValueTimestamp": null,
            "TranslatedValue": null,
            "Description": "Serco Equipment-Cost",
            "EnabledFlag": "Y",
            "StartDateActive": "2001-01-01",
            "EndDateActive": null,
            "SortOrder": null,
            "SummaryFlag": "N",
            "DetailPostingAllowed": "Y",
            "DetailBudgetingAllowed": "Y",
            "AccountType": "A",
            "ControlAccount": "N",
            "ReconciliationFlag": "N",
            "FinancialCategory": "PPE",
            "ExternalDataSource": null,
            "CreationDate": "2023-08-06T08:05:50.158+00:00",
            "CreatedBy": "FIN_USER",
            "LastUpdateDate": "2024-09-03T17:31:17.832+00:00",
            "LastUpdatedBy": "FIN_USER"
        },
        {
            "ValueId": 74111,
            "IndependentValue": null,
            "IndependentValueNumber": null,
            "IndependentValueDate": null,
            "IndependentValueTimestamp": null,
            "Value": "1121014",
            "ValueNumber": null,
            "ValueDate": null,
            "ValueTimestamp": null,
            "TranslatedValue": null,
            "Description": "Machinery And Equipment-Cost",
            "EnabledFlag": "Y",
            "StartDateActive": "2001-01-01",
            "EndDateActive": null,
            "SortOrder": null,
            "SummaryFlag": "N",
            "DetailPostingAllowed": "Y",
            "DetailBudgetingAllowed": "Y",
            "AccountType": "A",
            "ControlAccount": "N",
            "ReconciliationFlag": "N",
            "FinancialCategory": "PPE",
            "ExternalDataSource": null,
            "CreationDate": "2023-08-06T08:05:50.173+00:00",
            "CreatedBy": "FIN_USER",
            "LastUpdateDate": "2024-09-03T17:31:17.834+00:00",
            "LastUpdatedBy": "FIN_USER"
        },
        {
            "ValueId": 74112,
            "IndependentValue": null,
            "IndependentValueNumber": null,
            "IndependentValueDate": null,
            "IndependentValueTimestamp": null,
            "Value": "1121015",
            "ValueNumber": null,
            "ValueDate": null,
            "ValueTimestamp": null,
            "TranslatedValue": null,
            "Description": "General Material And Equipment-Cost",
            "EnabledFlag": "Y",
            "StartDateActive": "2001-01-01",
            "EndDateActive": null,
            "SortOrder": null,
            "SummaryFlag": "N",
            "DetailPostingAllowed": "Y",
            "DetailBudgetingAllowed": "Y",
            "AccountType": "A",
            "ControlAccount": "N",
            "ReconciliationFlag": "N",
            "FinancialCategory": "PPE",
            "ExternalDataSource": null,
            "CreationDate": "2023-08-06T08:05:50.188+00:00",
            "CreatedBy": "FIN_USER",
            "LastUpdateDate": "2024-09-03T17:31:17.836+00:00",
            "LastUpdatedBy": "FIN_USER"
        },
        {
            "ValueId": 74113,
            "IndependentValue": null,
            "IndependentValueNumber": null,
            "IndependentValueDate": null,
            "IndependentValueTimestamp": null,
            "Value": "1121016",
            "ValueNumber": null,
            "ValueDate": null,
            "ValueTimestamp": null,
            "TranslatedValue": null,
            "Description": "Ramp Equipment-Cost",
            "EnabledFlag": "Y",
            "StartDateActive": "2001-01-01",
            "EndDateActive": null,
            "SortOrder": null,
            "SummaryFlag": "N",
            "DetailPostingAllowed": "Y",
            "DetailBudgetingAllowed": "Y",
            "AccountType": "A",
            "ControlAccount": "N",
            "ReconciliationFlag": "N",
            "FinancialCategory": "PPE",
            "ExternalDataSource": null,
            "CreationDate": "2023-08-06T08:05:50.210+00:00",
            "CreatedBy": "FIN_USER",
            "LastUpdateDate": "2024-09-03T17:31:17.838+00:00",
            "LastUpdatedBy": "FIN_USER"
        },
        {
            "ValueId": 74114,
            "IndependentValue": null,
            "IndependentValueNumber": null,
            "IndependentValueDate": null,
            "IndependentValueTimestamp": null,
            "Value": "1121017",
            "ValueNumber": null,
            "ValueDate": null,
            "ValueTimestamp": null,
            "TranslatedValue": null,
            "Description": "Cute System-Cost",
            "EnabledFlag": "Y",
            "StartDateActive": "2001-01-01",
            "EndDateActive": null,
            "SortOrder": null,
            "SummaryFlag": "N",
            "DetailPostingAllowed": "Y",
            "DetailBudgetingAllowed": "Y",
            "AccountType": "A",
            "ControlAccount": "N",
            "ReconciliationFlag": "N",
            "FinancialCategory": "PPE",
            "ExternalDataSource": null,
            "CreationDate": "2023-08-06T08:05:50.225+00:00",
            "CreatedBy": "FIN_USER",
            "LastUpdateDate": "2024-09-03T17:31:17.839+00:00",
            "LastUpdatedBy": "FIN_USER"
        },
        {
            "ValueId": 74115,
            "IndependentValue": null,
            "IndependentValueNumber": null,
            "IndependentValueDate": null,
            "IndependentValueTimestamp": null,
            "Value": "1121018",
            "ValueNumber": null,
            "ValueDate": null,
            "ValueTimestamp": null,
            "TranslatedValue": null,
            "Description": "Airfield Equipment-Cost",
            "EnabledFlag": "Y",
            "StartDateActive": "2001-01-01",
            "EndDateActive": null,
            "SortOrder": null,
            "SummaryFlag": "N",
            "DetailPostingAllowed": "Y",
            "DetailBudgetingAllowed": "Y",
            "AccountType": "A",
            "ControlAccount": "N",
            "ReconciliationFlag": "N",
            "FinancialCategory": "PPE",
            "ExternalDataSource": null,
            "CreationDate": "2023-08-06T08:05:50.248+00:00",
            "CreatedBy": "FIN_USER",
            "LastUpdateDate": "2024-09-03T17:31:17.841+00:00",
            "LastUpdatedBy": "FIN_USER"
        }
    ],
    "count": 25,
    "hasMore": true,
    "limit": 25,
    "offset": 0,
    "links": [
        {
            "rel": "self",
            "href": "https://hcts-test.fa.em2.oraclecloud.com:443/fscmRestApi/resources/11.13.18.05/valueSets/AG_ACCOUNT/child/values",
            "name": "values",
            "kind": "collection"
        }
    ]
}