{
    "items": [
        {
            "UserRoleId": 300000218201341,
            "RoleId": 300000142091194,
            "RoleCode": "DELL_STP_PROCUREMENT_EXTERNAL_BUYER_ADMIN_JR",
            "CreatedBy": "1417568",
            "CreationDate": "2025-07-23T12:40:26+00:00",
            "LastUpdatedBy": "1417568",
            "LastUpdateDate": "2025-07-23T12:40:26.005+00:00"
        },
        {
            "UserRoleId": 300000191625301,
            "RoleId": 300000142091174,
            "RoleCode": "DELL_STP_PROCUREMENT_EXTERNAL_BUYER_APPLICATION_JR",
            "CreatedBy": "1430964",
            "CreationDate": "2025-07-01T15:34:55.033+00:00",
            "LastUpdatedBy": "1430964",
            "LastUpdateDate": "2025-07-04T01:55:36.401+00:00"
        },
        {
            "UserRoleId": 300000218201328,
            "RoleId": 300000142091184,
            "RoleCode": "DELL_STP_PROCUREMENT_EXTERNAL_BUYER_JR",
            "CreatedBy": "1417568",
            "CreationDate": "2025-07-23T12:40:26+00:00",
            "LastUpdatedBy": "1417568",
            "LastUpdateDate": "2025-07-23T12:40:26.004+00:00"
        }
    ],
    "count": 3,
    "hasMore": false,
    "limit": 25,
    "offset": 0,
    "links": [
        {
            "rel": "self",
            "href": "https://iawmqy-dev2.fa.ocs.oraclecloud.com:443/hcmRestApi/resources/11.13.18.05/userAccounts/23B792D048F86729E063B4B61CAC1AC7/child/userAccountRoles",
            "name": "userAccountRoles",
            "kind": "collection"
        }
    ]
}