{
    "items": [
        {
            "MainAddressId": 300000005923204,
            "AddressLine1": "TORRE ALEM PLAZA",
            "AddressLine2": null,
            "Country": "AR"
        }
    ],
    "count": 1,
    "hasMore": false,
    "limit": 25,
    "offset": 0,
    "links": [
        {
            "rel": "self",
            "href": "https://iawmqy-dev2.fa.ocs.oraclecloud.com:443/hcmRestApi/resources/11.13.18.05/locations",
            "name": "locations",
            "kind": "collection"
        }
    ]
}