{
    "openapi": "3.0.0",
    "info": {
        "title": "FusionFSCM",
        "version": "1.0.0"
    },
    "servers": [
        {
            "url": "vb-catalog://backends/fusionFSCM",
            "description": "FusionFSCM"
        }
    ],
    "paths": {
        "/suppliers/{supplierid}/child/sites/{siteid}": {
            "parameters": [
                {
                    "name": "supplierid",
                    "in": "path",
                    "required": true,
                    "schema": {
                        "type": "string"
                    }
                },
                {
                    "name": "siteid",
                    "in": "path",
                    "required": true,
                    "schema": {
                        "type": "string"
                    }
                }
            ],
            "get": {
                "operationId": "getSuppliersSupplieridChildSitesSiteid",
                "parameters": [
                    {
                        "name": "onlyData",
                        "in": "query",
                        "schema": {
                            "type": "string"
                        },
                        "x-vb": {
                            "defaultValue": "true"
                        }
                    },
                    {
                        "name": "fields",
                        "in": "query",
                        "schema": {
                            "type": "string"
                        },
                        "x-vb": {
                            "defaultValue": "SupplierSiteId,SupplierSite,ProcurementBUId,ProcurementBU,SupplierAddressId,SupplierAddressName"
                        }
                    }
                ],
                "responses": {
                    "default": {
                        "description": "Response for default",
                        "content": {
                            "application/json": {
                                "schema": {
                                    "$ref": "#/components/schemas/GetSuppliersSupplieridChildSitesSiteid"
                                },
                                "examples": {
                                    "vb": {
                                        "summary": "Example stored by VB User",
                                        "externalValue": "./examples/getSuppliersSupplieridChildSitesSiteid/response_default_application_json_vb.json"
                                    }
                                }
                            }
                        }
                    }
                },
                "x-vb": {
                    "actionHint": "getMany"
                }
            }
        },
        "/suppliers/{SupplierId}/child/addresses/{SupplierAddressId}": {
            "parameters": [
                {
                    "name": "SupplierId",
                    "in": "path",
                    "required": true,
                    "schema": {
                        "type": "string"
                    }
                },
                {
                    "name": "SupplierAddressId",
                    "in": "path",
                    "required": true,
                    "schema": {
                        "type": "string"
                    }
                }
            ],
            "get": {
                "operationId": "getSuppliersSupplierIdChildAddressesSupplierAddressId",
                "parameters": [
                    {
                        "name": "fields",
                        "in": "query",
                        "schema": {
                            "type": "string"
                        }
                    }
                ],
                "responses": {
                    "default": {
                        "description": "Response for default",
                        "content": {
                            "application/json": {
                                "schema": {
                                    "$ref": "#/components/schemas/GetSuppliersSupplierIdChildAddressesSupplierAddressId"
                                },
                                "examples": {
                                    "vb": {
                                        "summary": "Example stored by VB User",
                                        "externalValue": "./examples/getSuppliersSupplierIdChildAddressesSupplierAddressId/response_default_application_json_vb.json"
                                    }
                                }
                            }
                        }
                    }
                },
                "x-vb": {
                    "actionHint": "getMany"
                }
            }
        },
        "/finBusinessUnitsLOV": {
            "get": {
                "operationId": "getFinBusinessUnitsLOV",
                "parameters": [
                    {
                        "name": "onlyData",
                        "in": "query",
                        "schema": {
                            "type": "string"
                        }
                    },
                    {
                        "name": "q",
                        "in": "query",
                        "schema": {
                            "type": "string"
                        }
                    }
                ],
                "responses": {
                    "default": {
                        "description": "Response for default",
                        "content": {
                            "application/json": {
                                "schema": {
                                    "$ref": "#/components/schemas/GetFinBusinessUnitsLOV"
                                },
                                "examples": {
                                    "vb": {
                                        "summary": "Example stored by VB User",
                                        "externalValue": "./examples/getFinBusinessUnitsLOV/response_default_application_json_vb.json"
                                    }
                                }
                            }
                        }
                    }
                },
                "x-vb": {
                    "actionHint": "getMany"
                }
            }
        },
        "/commonLookups/{type}/child/lookupCodes": {
            "parameters": [
                {
                    "name": "type",
                    "in": "path",
                    "required": true,
                    "schema": {
                        "type": "string"
                    }
                }
            ],
            "get": {
                "operationId": "getCommonLookupsTypeChildLookupCodes2",
                "parameters": [
                    {
                        "name": "fields",
                        "in": "query",
                        "schema": {
                            "type": "string"
                        },
                        "x-vb": {
                            "defaultValue": "lookupsDFF"
                        }
                    },
                    {
                        "name": "onlyData",
                        "in": "query",
                        "schema": {
                            "type": "string"
                        },
                        "x-vb": {
                            "defaultValue": "true"
                        }
                    }
                ],
                "responses": {
                    "default": {
                        "description": "Response for default",
                        "content": {
                            "application/json": {
                                "schema": {
                                    "$ref": "#/components/schemas/GetCommonLookupsTypeChildLookupCodes"
                                },
                                "examples": {
                                    "vb": {
                                        "summary": "Example stored by VB User",
                                        "externalValue": "./examples/getCommonLookupsTypeChildLookupCodes2/response_default_application_json_vb.json"
                                    }
                                }
                            }
                        }
                    }
                },
                "x-vb": {
                    "actionHint": "getMany"
                }
            }
        },
        "/itemsV2/{id}/child/ItemEffCategory/{id2}/child/ItemEFFBCompliancePrivateVO": {
            "parameters": [
                {
                    "name": "id",
                    "in": "path",
                    "required": true,
                    "schema": {
                        "type": "string"
                    }
                },
                {
                    "name": "id2",
                    "in": "path",
                    "required": true,
                    "schema": {
                        "type": "string"
                    }
                }
            ],
            "get": {
                "operationId": "getItemsV2IdChildItemEffCategoryId2ChildItemEFFBCompliancePrivateVO2",
                "parameters": [
                    {
                        "name": "fields",
                        "in": "query",
                        "schema": {
                            "type": "string"
                        },
                        "x-vb": {
                            "defaultValue": "localOverseasCode"
                        }
                    },
                    {
                        "name": "onlyData",
                        "in": "query",
                        "schema": {
                            "type": "string"
                        },
                        "x-vb": {
                            "defaultValue": "true"
                        }
                    }
                ],
                "responses": {
                    "default": {
                        "description": "Response for default",
                        "content": {
                            "application/json": {
                                "schema": {
                                    "$ref": "#/components/schemas/GetItemsV2IdChildItemEffCategoryId2ChildItemEFFBCompliancePrivateVO"
                                },
                                "examples": {
                                    "vb": {
                                        "summary": "Example stored by VB User",
                                        "externalValue": "./examples/getItemsV2IdChildItemEffCategoryId2ChildItemEFFBCompliancePrivateVO2/response_default_application_json_vb.json"
                                    }
                                }
                            }
                        }
                    }
                },
                "x-vb": {
                    "actionHint": "getMany"
                }
            }
        },
        "/taxRegistrations": {
            "get": {
                "operationId": "getTaxRegistrations2",
                "parameters": [
                    {
                        "name": "fields",
                        "in": "query",
                        "schema": {
                            "type": "string"
                        },
                        "x-vb": {
                            "defaultValue": "PartyName,PartyTypeCode,TaxRegimeCode,RegistrationStatusCode,RegistrationNumber,Country,PartyCountryCode"
                        }
                    },
                    {
                        "name": "q",
                        "in": "query",
                        "schema": {
                            "type": "string"
                        }
                    }
                ],
                "responses": {
                    "default": {
                        "description": "Response for default",
                        "content": {
                            "application/json": {
                                "schema": {
                                    "$ref": "#/components/schemas/GetTaxRegistrations"
                                },
                                "examples": {
                                    "vb": {
                                        "summary": "Example stored by VB User",
                                        "externalValue": "./examples/getTaxRegistrations2/response_default_application_json_vb.json"
                                    }
                                }
                            }
                        }
                    }
                },
                "x-vb": {
                    "actionHint": "getMany"
                }
            }
        },
        "/legalEntitiesLOV/{LegalEntityId}": {
            "parameters": [
                {
                    "name": "LegalEntityId",
                    "in": "path",
                    "required": true,
                    "schema": {
                        "type": "string"
                    }
                }
            ],
            "get": {
                "operationId": "getLegalEntitiesLOVLegalEntityId",
                "responses": {
                    "default": {
                        "description": "Response for default",
                        "content": {
                            "application/json": {
                                "schema": {
                                    "$ref": "#/components/schemas/GetLegalEntitiesLOVLegalEntityId"
                                },
                                "examples": {
                                    "vb": {
                                        "summary": "Example stored by VB User",
                                        "externalValue": "./examples/getLegalEntitiesLOVLegalEntityId/response_default_application_json_vb.json"
                                    }
                                }
                            }
                        }
                    }
                },
                "x-vb": {
                    "actionHint": "getMany"
                }
            }
        }
    },
    "components": {
        "schemas": {
            "GetSuppliersSupplieridChildSitesSiteid": {
                "type": "object",
                "properties": {
                    "SupplierSiteId": {
                        "type": "integer"
                    },
                    "SupplierSite": {
                        "type": "string"
                    },
                    "ProcurementBUId": {
                        "type": "integer"
                    },
                    "ProcurementBU": {
                        "type": "string"
                    },
                    "SupplierAddressId": {
                        "type": "integer"
                    },
                    "SupplierAddressName": {
                        "type": "string"
                    }
                }
            },
            "GetSuppliersSupplierIdChildAddressesSupplierAddressId": {
                "type": "object",
                "properties": {
                    "AddressName": {
                        "type": "string"
                    },
                    "CountryCode": {
                        "type": "string"
                    },
                    "Country": {
                        "type": "string"
                    },
                    "City": {
                        "type": "string"
                    },
                    "links": {
                        "type": "array",
                        "items": {
                            "type": "object",
                            "properties": {
                                "rel": {
                                    "type": "string"
                                },
                                "href": {
                                    "type": "string"
                                },
                                "name": {
                                    "type": "string"
                                },
                                "kind": {
                                    "type": "string"
                                },
                                "properties": {
                                    "type": "object",
                                    "properties": {
                                        "changeIndicator": {
                                            "type": "string"
                                        }
                                    }
                                }
                            }
                        }
                    }
                }
            },
            "GetFinBusinessUnitsLOV": {
                "type": "object",
                "properties": {
                    "items": {
                        "type": "array",
                        "items": {
                            "type": "object",
                            "properties": {
                                "BusinessUnitId": {
                                    "type": "integer"
                                },
                                "BusinessUnitName": {
                                    "type": "string"
                                },
                                "ActiveFlag": {
                                    "type": "boolean"
                                },
                                "PrimaryLedgerId": {
                                    "type": "string"
                                },
                                "LocationId": {
                                    "type": "integer"
                                },
                                "ManagerId": {
                                    "nullable": true
                                },
                                "LegalEntityId": {
                                    "type": "string"
                                },
                                "ProfitCenterFlag": {
                                    "type": "boolean"
                                },
                                "links": {
                                    "type": "array",
                                    "items": {
                                        "type": "object",
                                        "properties": {
                                            "rel": {
                                                "type": "string"
                                            },
                                            "href": {
                                                "type": "string"
                                            },
                                            "name": {
                                                "type": "string"
                                            },
                                            "kind": {
                                                "type": "string"
                                            }
                                        }
                                    }
                                }
                            }
                        }
                    },
                    "count": {
                        "type": "integer"
                    },
                    "hasMore": {
                        "type": "boolean"
                    },
                    "limit": {
                        "type": "integer"
                    },
                    "offset": {
                        "type": "integer"
                    },
                    "links": {
                        "type": "array",
                        "items": {
                            "type": "object",
                            "properties": {
                                "rel": {
                                    "type": "string"
                                },
                                "href": {
                                    "type": "string"
                                },
                                "name": {
                                    "type": "string"
                                },
                                "kind": {
                                    "type": "string"
                                }
                            }
                        }
                    }
                }
            },
            "GetCommonLookupsTypeChildLookupCodes": {
                "type": "object",
                "properties": {
                    "items": {
                        "type": "array",
                        "items": {
                            "type": "object",
                            "properties": {
                                "lookupsDFF": {
                                    "type": "object",
                                    "properties": {
                                        "items": {
                                            "type": "array",
                                            "items": {
                                                "type": "object",
                                                "properties": {
                                                    "LookupType": {
                                                        "type": "string"
                                                    },
                                                    "LookupCode": {
                                                        "type": "string"
                                                    },
                                                    "ViewApplicationId": {
                                                        "type": "integer"
                                                    },
                                                    "SetId": {
                                                        "type": "integer"
                                                    },
                                                    "__FLEX_Context": {
                                                        "type": "string"
                                                    },
                                                    "__FLEX_Context_DisplayValue": {
                                                        "type": "string"
                                                    },
                                                    "poStyle": {
                                                        "type": "string"
                                                    },
                                                    "inventoryOrg": {
                                                        "type": "string"
                                                    },
                                                    "buyer": {
                                                        "type": "string"
                                                    },
                                                    "itemBuyer": {
                                                        "nullable": true
                                                    },
                                                    "bpoOrgHub": {
                                                        "type": "string"
                                                    },
                                                    "suppSuppSite": {
                                                        "nullable": true
                                                    },
                                                    "timeZone": {
                                                        "nullable": true
                                                    },
                                                    "finalShipToLocation": {
                                                        "nullable": true
                                                    },
                                                    "requiredForLOValidation": {
                                                        "nullable": true
                                                    }
                                                }
                                            }
                                        },
                                        "count": {
                                            "type": "integer"
                                        },
                                        "hasMore": {
                                            "type": "boolean"
                                        },
                                        "limit": {
                                            "type": "integer"
                                        },
                                        "offset": {
                                            "type": "integer"
                                        },
                                        "links": {
                                            "type": "array",
                                            "items": {
                                                "type": "object",
                                                "properties": {
                                                    "rel": {
                                                        "type": "string"
                                                    },
                                                    "href": {
                                                        "type": "string"
                                                    },
                                                    "name": {
                                                        "type": "string"
                                                    },
                                                    "kind": {
                                                        "type": "string"
                                                    }
                                                }
                                            }
                                        }
                                    }
                                }
                            }
                        }
                    },
                    "count": {
                        "type": "integer"
                    },
                    "hasMore": {
                        "type": "boolean"
                    },
                    "limit": {
                        "type": "integer"
                    },
                    "offset": {
                        "type": "integer"
                    },
                    "links": {
                        "type": "array",
                        "items": {
                            "type": "object",
                            "properties": {
                                "rel": {
                                    "type": "string"
                                },
                                "href": {
                                    "type": "string"
                                },
                                "name": {
                                    "type": "string"
                                },
                                "kind": {
                                    "type": "string"
                                }
                            }
                        }
                    }
                }
            },
            "GetItemsV2IdChildItemEffCategoryId2ChildItemEFFBCompliancePrivateVO": {
                "type": "object",
                "properties": {
                    "items": {
                        "type": "array",
                        "items": {
                            "type": "object",
                            "properties": {
                                "localOverseasCode": {
                                    "type": "string"
                                }
                            }
                        }
                    },
                    "count": {
                        "type": "integer"
                    },
                    "hasMore": {
                        "type": "boolean"
                    },
                    "limit": {
                        "type": "integer"
                    },
                    "offset": {
                        "type": "integer"
                    },
                    "links": {
                        "type": "array",
                        "items": {
                            "type": "object",
                            "properties": {
                                "rel": {
                                    "type": "string"
                                },
                                "href": {
                                    "type": "string"
                                },
                                "name": {
                                    "type": "string"
                                },
                                "kind": {
                                    "type": "string"
                                }
                            }
                        }
                    }
                }
            },
            "GetTaxRegistrations": {
                "type": "object",
                "properties": {
                    "items": {
                        "type": "array",
                        "items": {
                            "type": "object",
                            "properties": {
                                "PartyName": {
                                    "type": "string"
                                },
                                "PartyTypeCode": {
                                    "type": "string"
                                },
                                "TaxRegimeCode": {
                                    "type": "string"
                                },
                                "RegistrationStatusCode": {
                                    "type": "string"
                                },
                                "RegistrationNumber": {
                                    "type": "string"
                                },
                                "Country": {
                                    "type": "string"
                                },
                                "PartyCountryCode": {
                                    "type": "string"
                                },
                                "links": {
                                    "type": "array",
                                    "items": {
                                        "type": "object",
                                        "properties": {
                                            "rel": {
                                                "type": "string"
                                            },
                                            "href": {
                                                "type": "string"
                                            },
                                            "name": {
                                                "type": "string"
                                            },
                                            "kind": {
                                                "type": "string"
                                            },
                                            "properties": {
                                                "type": "object",
                                                "properties": {
                                                    "changeIndicator": {
                                                        "type": "string"
                                                    }
                                                }
                                            }
                                        }
                                    }
                                }
                            }
                        }
                    },
                    "count": {
                        "type": "integer"
                    },
                    "hasMore": {
                        "type": "boolean"
                    },
                    "limit": {
                        "type": "integer"
                    },
                    "offset": {
                        "type": "integer"
                    },
                    "links": {
                        "type": "array",
                        "items": {
                            "type": "object",
                            "properties": {
                                "rel": {
                                    "type": "string"
                                },
                                "href": {
                                    "type": "string"
                                },
                                "name": {
                                    "type": "string"
                                },
                                "kind": {
                                    "type": "string"
                                }
                            }
                        }
                    }
                }
            },
            "GetLegalEntitiesLOVLegalEntityId": {
                "type": "object",
                "properties": {
                    "LegalEntityId": {
                        "type": "integer"
                    },
                    "Name": {
                        "type": "string"
                    },
                    "LegalEntityIdentifier": {
                        "type": "string"
                    },
                    "EffectiveFrom": {
                        "nullable": true
                    },
                    "EffectiveTo": {
                        "nullable": true
                    },
                    "PartyId": {
                        "type": "integer"
                    },
                    "links": {
                        "type": "array",
                        "items": {
                            "type": "object",
                            "properties": {
                                "rel": {
                                    "type": "string"
                                },
                                "href": {
                                    "type": "string"
                                },
                                "name": {
                                    "type": "string"
                                },
                                "kind": {
                                    "type": "string"
                                }
                            }
                        }
                    }
                }
            }
        }
    }
}