{
    "items": [
        {
            "interface_header_id": "300000123119678",
            "agreement_number": "PA-US00000058686",
            "ess_job_id": "3136696",
            "actioncode": null,
            "status": "Error",
            "error_reason": "You can't perform this action because a pending change order exists. ",
            "oic_instance_id": "6u2FJiQLEfCRNnf8PFjUlw",
            "created_by": "1c6929d3eb29490f98971836688e2909",
            "creation_date": "2025-04-28T08:36:46.708Z",
            "last_updated_by": "1c6929d3eb29490f98971836688e2909",
            "last_update_date": "2025-04-28T08:36:46.708Z"
        }
    ],
    "hasMore": false,
    "limit": 25,
    "offset": 0,
    "count": 1,
    "links": [
        {
            "rel": "self",
            "href": "https://g1e975c32298168-dellextatpdev2.adb.us-phoenix-1.oraclecloudapps.com/ords/stp_ext/buyer-bpaerrors"
        },
        {
            "rel": "describedby",
            "href": "https://g1e975c32298168-dellextatpdev2.adb.us-phoenix-1.oraclecloudapps.com/ords/stp_ext/metadata-catalog/item"
        },
        {
            "rel": "first",
            "href": "https://g1e975c32298168-dellextatpdev2.adb.us-phoenix-1.oraclecloudapps.com/ords/stp_ext/buyer-bpaerrors"
        }
    ]
}