{
    "openapi": "3.0.0",
    "info": {
        "title": "Ics",
        "version": "1.0.0"
    },
    "servers": [
        {
            "url": "vb-catalog://backends/ics",
            "description": "Ics"
        }
    ],
    "paths": {
        "/ic/api/integration/v1/flows/rest/GBL_CMN_FILE_UPLOAD/1.0/UploadFile/": {
            "post": {
                "operationId": "getIcApiIntegrationV1FlowsRestGBL_CMN_FILE_UPLOAD1_0UploadFile",
                "responses": {
                    "default": {
                        "description": "Response for default",
                        "content": {
                            "application/json": {
                                "schema": {
                                    "$ref": "#/components/schemas/PostIcApiIntegrationV1FlowsRestGBL_CMN_FILE_UPLOAD1_0UploadFileResponse"
                                },
                                "examples": {
                                    "vb": {
                                        "summary": "Example stored by VB User",
                                        "externalValue": "./examples/getIcApiIntegrationV1FlowsRestGBL_CMN_FILE_UPLOAD1_0UploadFile/response_default_application_json_vb.json"
                                    }
                                }
                            }
                        }
                    }
               },
                "x-vb": {
                    "actionHint": "create",
                    "headers": {
                        "Accept": "application/json",
                        "Content-Type": "application/json"
                    }
                },
                "requestBody": {
                    "description": "Request for application/json",
                    "content": {
                        "application/json": {
                            "schema": {
                                "$ref": "#/components/schemas/PostIcApiIntegrationV1FlowsRestGBL_CMN_FILE_UPLOAD1_0UploadFileRequest"
                            },
                            "examples": {
                                "vb": {
                                    "summary": "Example stored by VB User",
                                    "externalValue": "./examples/getIcApiIntegrationV1FlowsRestGBL_CMN_FILE_UPLOAD1_0UploadFile/request_application_json_vb.json"
                                }
                            }
                        }
                    }
                }
            }
        },
        "/ic/api/integration/v1/lookups/GBL_CMN_FILE_UPLOAD_LKP": {
            "get": {
                "operationId": "lookupsAll",
                "responses": {
                    "default": {
                        "description": "Response for default",
                        "content": {
                            "application/json": {
                                "schema": {
                                    "$ref": "#/components/schemas/GetIcApiIntegrationV1Lookups"
                                },
                                "examples": {
                                    "vb": {
                                        "summary": "Example stored by VB User",
                                        "externalValue": "./examples/lookupsAll/response_default_application_json_vb.json"
                                    }
                                }
                            }
                        }
                    }
                },
                "x-vb": {
                    "actionHint": "getMany"
                }
            }
        },
        "/ic/api/integration/v1/flows/rest/GBL_CMN_FILE_UPLOAD_INT/1.0/GetLookupValue": {
            "post": {
                "operationId": "postIcApiIntegrationV1FlowsRestGBL_CMN_FILE_UPLOAD_INT1_0GetLookupValue",
                "requestBody": {
                    "content": {
                        "application/json": {
                            "schema": {
                                "$ref": "#/components/schemas/PostIcApiIntegrationV1FlowsRestGBL_CMN_FILE_UPLOAD_INT1_0GetLookupValueRequest"
                            },
                            "examples": {
                                "vb": {
                                    "externalValue": "./examples/postIcApiIntegrationV1FlowsRestGBL_CMN_FILE_UPLOAD_INT1_0GetLookupValue/request_application_json_vb.json"
                                }
                            }
                        }
                    }
                },
                "responses": {
                    "default": {
                        "description": "Response for default",
                        "content": {
                            "application/json": {
                                "schema": {
                                    "$ref": "#/components/schemas/PostIcApiIntegrationV1FlowsRestGBL_CMN_FILE_UPLOAD_INT1_0GetLookupValueResponse"
                                },
                                "examples": {
                                    "vb": {
                                        "summary": "Example stored by VB User",
                                        "externalValue": "./examples/postIcApiIntegrationV1FlowsRestGBL_CMN_FILE_UPLOAD_INT1_0GetLookupValue/response_default_application_json_vb.json"
                                    }
                                }
                            }
                        }
                    }
                },
                "x-vb": {
                    "actionHint": "create"
                }
            }
        },
        "/ic/api/integration/v1/flows/rest/GBL_CMN_EXT_BULK_UTILI_WRAPP/1.0/default": {
            "post": {
                "operationId": "GBL_CMN_EXT_002_BULK_UTIL_WRAP",
                "responses": {
                    "default": {
                        "description": "Response for default",
                        "content": {
                            "application/json": {
                                "schema": {
                                    "$ref": "#/components/schemas/PostIcApiIntegrationV1FlowsRestGBL_CMN_EXT_002_BULK_UTIL_WRAP_I1_0DefaultResponse"
                                },
                                "examples": {
                                    "vb": {
                                        "summary": "Example stored by VB User",
                                        "externalValue": "./examples/GBL_CMN_EXT_002_BULK_UTIL_WRAP/response_default_application_json_vb.json"
                                    }
                                }
                            }
                        }
                    }
                },
                "x-vb": {
                    "actionHint": "create"
                },
                "requestBody": {
                    "description": "Request for application/json",
                    "content": {
                        "application/json": {
                            "schema": {
                                "$ref": "#/components/schemas/PostIcApiIntegrationV1FlowsRestGBL_CMN_EXT_002_BULK_UTIL_WRAP_I1_0DefaultRequest"
                            },
                            "examples": {
                                "vb": {
                                    "summary": "Example stored by VB User",
                                    "externalValue": "./examples/GBL_CMN_EXT_002_BULK_UTIL_WRAP/request_application_json_vb.json"
                                }
                            }
                        }
                    }
                }
            }
        }
    },
    "components": {
        "schemas": {
            "GetIcApiIntegrationV1Lookups": {
                "type": "object",
                "properties": {
                    "hasMore": {
                        "type": "boolean"
                    },
                    "items": {
                        "type": "array",
                        "items": {
                            "type": "object",
                            "properties": {
                                "columns": {
                                    "type": "array",
                                    "items": {
                                        "type": "string"
                                    }
                                },
                                "created": {
                                    "type": "string"
                                },
                                "createdBy": {
                                    "type": "string"
                                },
                                "id": {
                                    "type": "string"
                                },
                                "keywords": {
                                    "type": "string"
                                },
                                "lastUpdated": {
                                    "type": "string"
                                },
                                "lastUpdatedBy": {
                                    "type": "string"
                                },
                                "links": {
                                    "type": "array",
                                    "items": {
                                        "type": "object",
                                        "properties": {
                                            "href": {
                                                "type": "string"
                                            },
                                            "rel": {
                                                "type": "string"
                                            }
                                        }
                                    }
                                },
                                "lockedDVMFlag": {
                                    "type": "boolean"
                                },
                                "lockedFlag": {
                                    "type": "boolean"
                                },
                                "name": {
                                    "type": "string"
                                },
                                "resourcePath": {
                                    "type": "string"
                                },
                                "rowCount": {
                                    "type": "integer"
                                },
                                "status": {
                                    "type": "string"
                                },
                                "usage": {
                                    "type": "integer"
                                },
                                "usageActive": {
                                    "type": "integer"
                                },
                                "description": {
                                    "type": "string"
                                },
                                "lockedBy": {
                                    "type": "string"
                                },
                                "lockedDate": {
                                    "type": "string"
                                }
                            }
                        }
                    },
                    "limit": {
                        "type": "integer"
                    },
                    "links": {
                        "type": "array",
                        "items": {
                            "type": "object",
                            "properties": {
                                "href": {
                                    "type": "string"
                                },
                                "rel": {
                                    "type": "string"
                                }
                            }
                        }
                    },
                    "totalResults": {
                        "type": "integer"
                    }
                }
            },
            "PostIcApiIntegrationV1FlowsRestGBL_CMN_FILE_UPLOAD_INT1_0GetLookupValueRequest": {
                "type": "object",
                "properties": {
                    "RICEFID": {
                        "type": "string"
                    }
                }
            },
            "PostIcApiIntegrationV1FlowsRestGBL_CMN_FILE_UPLOAD_INT1_0GetLookupValueResponse": {
                "type": "object",
                "properties": {
                    "RICEFID": {
                        "type": "string"
                    },
                    "OCS_Path": {
                        "type": "string"
                    },
                    "Archive_Path": {
                        "type": "string"
                    },
                    "ATP_Required_YN": {
                        "type": "string"
                    },
                    "RICEF_Intg_Code": {
                        "type": "string"
                    },
                    "RICEF_Intg_Version": {
                        "type": "string"
                    },
                    "Storage_Bucket": {
                        "type": "string"
                    },
                    "Namespace": {
                        "type": "string"
                    },
                    "Template_Path": {
                        "type": "string"
                    },
                    "Error_Path": {
                        "type": "string"
                    },
                    "Template_Name": {
                        "type": "string"
                    }
                }
            },
            "PostIcApiIntegrationV1FlowsRestGBL_CMN_FILE_UPLOAD1_0UploadFileRequest": {
                "type": "object",
                "properties": {
                    "EXTENSION_NAME": {
                        "type": "string"
                    },
                    "ATTRIBUTE3": {
                        "type": "string"
                    },
                    "ATTRIBUTE2": {
                        "type": "string"
                    },
                    "User_Name": {
                        "type": "string"
                    },
                    "ATTRIBUTE1": {
                        "type": "string"
                    },
                    "LIFE_CYCLE": {
                        "type": "string"
                    },
                    "RICEF_ID": {
                        "type": "string"
                    },
                    "File_Name": {
                        "type": "string"
                    },
                    "ATTRIBUTE7": {
                        "type": "string"
                    },
                    "ATTRIBUTE6": {
                        "type": "string"
                    },
                    "ATTRIBUTE5": {
                        "type": "string"
                    },
                    "ATTRIBUTE4": {
                        "type": "string"
                    },
                    "EXECUTION_MODE": {
                        "type": "string"
                    },
                    "OIC_INSTANCE_ID": {
                        "type": "string"
                    }
                }
            },
            "PostIcApiIntegrationV1FlowsRestGBL_CMN_FILE_UPLOAD1_0UploadFileResponse": {
                "type": "object",
                "properties": {
                    "Response": {
                        "type": "string"
                    },
                    "Response_Message": {
                        "type": "string"
                    }
                }
            },
            "PostIcApiIntegrationV1FlowsRestGBL_CMN_EXT_002_BULK_UTIL_WRAP_I1_0DefaultResponse": {
                "type": "object",
                "properties": {
                    "Response": {
                        "type": "string"
                    },
                    "Response_Message": {
                        "type": "string"
                    }
                }
            },
            "PostIcApiIntegrationV1FlowsRestGBL_CMN_EXT_002_BULK_UTIL_WRAP_I1_0DefaultRequest": {
                "type": "object",
                "properties": {
                    "EXECUTION_MODE": {
                        "type": "string"
                    },
                    "EXTENSION_NAME": {
                        "type": "string"
                    },
                    "File_Name": {
                        "type": "string"
                    },
                    "LIFE_CYCLE": {
                        "type": "string"
                    },
                    "NT_USER_NAME": {
                        "type": "string"
                    },
                    "RICEF_ID": {
                        "type": "string"
                    },
                    "TRANSACTION_NUMBER": {
                        "type": "string"
                    },
                    "User_Email": {
                        "type": "string"
                    },
                    "User_Name": {
                        "type": "string"
                    }
                }
            }
        }
    }
}