{
    "items": [
        {
            "OperationName": "getESSJobStatus",
            "DocumentId": null,
            "DocumentContent": null,
            "FileName": null,
            "ContentType": null,
            "FileType": null,
            "DocumentAccount": null,
            "Comments": null,
            "ProcessName": null,
            "LoadRequestId": null,
            "JobPackageName": null,
            "JobDefName": null,
            "ReqstId": "2989944",
            "RequestStatus": "SUCCEEDED",
            "JobName": null,
            "ParameterList": null,
            "NotificationCode": null,
            "CallbackURL": null,
            "JobOptions": null,
            "StatusCode": null,
            "ESSParameters": null,
            "links": [
                {
                    "rel": "self",
                    "href": "https://iawmqy-dev2.fa.ocs.oraclecloud.com:443/fscmRestApi/resources/11.13.18.05/erpintegrations/getESSJobStatus",
                    "name": "erpintegrations",
                    "kind": "item"
                },
                {
                    "rel": "canonical",
                    "href": "https://iawmqy-dev2.fa.ocs.oraclecloud.com:443/fscmRestApi/resources/11.13.18.05/erpintegrations/getESSJobStatus",
                    "name": "erpintegrations",
                    "kind": "item"
                }
            ]
        }
    ],
    "count": 1,
    "hasMore": false,
    "limit": 25,
    "offset": 0,
    "links": [
        {
            "rel": "self",
            "href": "https://iawmqy-dev2.fa.ocs.oraclecloud.com:443/fscmRestApi/resources/11.13.18.05/erpintegrations",
            "name": "erpintegrations",
            "kind": "collection"
        }
    ]
}