{
  "ocPriceCallRequest": {
    "messageTimeStamp": "2025-02-19T00:00:00.000+00:00",
    "senderID": "1223333333",
    "receiverID": "122445555",
    "organizationCode": "EMF",
    "checkSourcingLaneFlag": "N",
    "priceType": "S",
    "messageID": "100023",
    "itemList": {
      "item": [{
        "itemNumber": "10000020",
        "supplierNumber": "10454",
        "supplierSiteId": "A00022",
        "effectiveDate": "2025-02-19T00:00:00.000+00:00"
      }]
    },
    "toLocation": "EMFX",
    "documentStyle": "Dell-Blanket Purchase Order"
  }
}