{
    "bu_name": "US_PL_USD_BU",
    "order_number": "1669",
    "customer_account_number": "BEST BUY PURCHASING LLC",
"po_number": "123",
  "from_date": "2024-11-12T07:13:00+00:00",
  "to_date": "2024-11-12T07:13:00+00:00",
    "lines": [
        {
            "bill_to_customer_name": "BEST BUY PURCHASING LLC",
            "bill_to_customer_number": "2002",
            "bill_to_customer_site": "",
            "bu_id": 300000002301157,
            "bu_name": "US_PL_USD_BU",
            "consolidation_method": "",
            "custom_invoicing_flag": "",
            "date_filter_param": "",
            "description": "Series_4,Screen_Size_Code_14,Processor_Generation_8th Generation,Processor_Make_Intel",
            "e_invoicing_flag": "",
            "fx_rate": "",
            "igst": "",
            "invoice_currency_code": "USD",
            "invoice_number": "",
            "item_number": "",
            "line_amount": 100,
            "line_id": 300000027634075,
            "line_number": 1,
            "order_number": "1669",
            "order_status": "CLOSED",
            "payment_term": "IMMEDIATE",
            "product_type": "GOODS",
            "quantity": "1",
            "remit_number": "",
            "rowSelected": true,
            "seq_id": 0,
            "ship_to_customer_number": "",
            "ship_to_customer_site": "",
            "source_table": "SALES",
            "special_date": "",
            "tax_amount": 8.07,
            "tax_classification_code": "",
            "total_amount": 108.07,
            "transaction_source": "Manual",
            "transaction_type": "Invoice",
            "trx_business_category": "SALES_TRANSACTION",
            "unit_of_measure": "",
            "unit_selling_price": "100",
            "vat_id": "7654321",
            "po_match_description" : "",
    "po_match_unit_price" : "",
    "po_match_line_number" : "",
    "updated_exchange_rate" : "",
    "goods_receipt_number" : "",
    "comments" : "", 
    "physical_delivery_date" : "2025-01-03T16:09:22Z",
    "qbli" : "",
    "po_total_matched_price" : "",
    "po_match_quantity" : "",
    "special_handling" : ""
        }
    ]
}