{
    "item": [
        {
            "id": 1726,
            "transaction_number": "OTDTC_2847",
            "life_cycle": "OTDTC",
            "file_name": "Customer_Contact_Point_Email_Purpose_Removal_2847.csv",
            "rice_id": "OTDTC_AR_EXT_011_CUST_SITES_EMAIL_PRINT_OPTION_UPDATE",
            "ricef_desc": "OTDTC AR Extraction Customer Sites Preferred Delivery Method and Print Option Update",
            "status": "Completed Success",
            "creation_date": "2025/04/08",
            "created_by": "1407274",
            "last_update_date": null,
            "last_updated_by": null,
            "master_int_oic_instance_id": null,
            "attribute1": null,
            "attribute2": null,
            "attribute3": null,
            "attribute4": null,
            "attribute5": null
        },
        {
            "id": 1151,
            "transaction_number": "OTDTC_2077",
            "life_cycle": "OTDTC",
            "file_name": "MAV Email PrintOption Update Template_2077.csv",
            "rice_id": "OTDTC_AR_EXT_011_CUST_SITES_EMAIL_PRINT_OPTION_UPDATE",
            "ricef_desc": "OTDTC AR Extraction Customer Sites Preferred Delivery Method and Print Option Update",
            "status": "Completed Error",
            "creation_date": "2025/03/26",
            "created_by": "1420031",
            "last_update_date": null,
            "last_updated_by": null,
            "master_int_oic_instance_id": null,
            "attribute1": null,
            "attribute2": null,
            "attribute3": null,
            "attribute4": null,
            "attribute5": null
        },
        {
            "id": 1149,
            "transaction_number": "OTDTC_2075",
            "life_cycle": "OTDTC",
            "file_name": "MAV Email PrintOption Update Scenario3_2075.csv",
            "rice_id": "OTDTC_AR_EXT_011_CUST_SITES_EMAIL_PRINT_OPTION_UPDATE",
            "ricef_desc": "OTDTC AR Extraction Customer Sites Preferred Delivery Method and Print Option Update",
            "status": "Completed Error",
            "creation_date": "2025/03/26",
            "created_by": "1420031",
            "last_update_date": null,
            "last_updated_by": null,
            "master_int_oic_instance_id": null,
            "attribute1": null,
            "attribute2": null,
            "attribute3": null,
            "attribute4": null,
            "attribute5": null
        },
        {
            "id": 1148,
            "transaction_number": "OTDTC_2074",
            "life_cycle": "OTDTC",
            "file_name": "MAV Email PrintOption Update Scenario2_2074.csv",
            "rice_id": "OTDTC_AR_EXT_011_CUST_SITES_EMAIL_PRINT_OPTION_UPDATE",
            "ricef_desc": "OTDTC AR Extraction Customer Sites Preferred Delivery Method and Print Option Update",
            "status": "Completed Success",
            "creation_date": "2025/03/26",
            "created_by": "1420031",
            "last_update_date": null,
            "last_updated_by": null,
            "master_int_oic_instance_id": null,
            "attribute1": null,
            "attribute2": null,
            "attribute3": null,
            "attribute4": null,
            "attribute5": null
        },
        {
            "id": 1147,
            "transaction_number": "OTDTC_2073",
            "life_cycle": "OTDTC",
            "file_name": "MAV Email PrintOption Update Scenario1_2073.csv",
            "rice_id": "OTDTC_AR_EXT_011_CUST_SITES_EMAIL_PRINT_OPTION_UPDATE",
            "ricef_desc": "OTDTC AR Extraction Customer Sites Preferred Delivery Method and Print Option Update",
            "status": "Completed Warning",
            "creation_date": "2025/03/26",
            "created_by": "1420031",
            "last_update_date": null,
            "last_updated_by": null,
            "master_int_oic_instance_id": null,
            "attribute1": null,
            "attribute2": null,
            "attribute3": null,
            "attribute4": null,
            "attribute5": null
        },
        {
            "id": 1144,
            "transaction_number": "OTDTC_2070",
            "life_cycle": "OTDTC",
            "file_name": "MAV Email PrintOption Update Scenario1_2070.csv",
            "rice_id": "OTDTC_AR_EXT_011_CUST_SITES_EMAIL_PRINT_OPTION_UPDATE",
            "ricef_desc": "OTDTC AR Extraction Customer Sites Preferred Delivery Method and Print Option Update",
            "status": "Completed Error",
            "creation_date": "2025/03/26",
            "created_by": "1420031",
            "last_update_date": null,
            "last_updated_by": null,
            "master_int_oic_instance_id": null,
            "attribute1": null,
            "attribute2": null,
            "attribute3": null,
            "attribute4": null,
            "attribute5": null
        },
        {
            "id": 1143,
            "transaction_number": "OTDTC_2069",
            "life_cycle": "OTDTC",
            "file_name": "MAV Email PrintOption Update Scenario1_2069.csv",
            "rice_id": "OTDTC_AR_EXT_011_CUST_SITES_EMAIL_PRINT_OPTION_UPDATE",
            "ricef_desc": "OTDTC AR Extraction Customer Sites Preferred Delivery Method and Print Option Update",
            "status": "Completed Error",
            "creation_date": "2025/03/26",
            "created_by": "1420031",
            "last_update_date": null,
            "last_updated_by": null,
            "master_int_oic_instance_id": null,
            "attribute1": null,
            "attribute2": null,
            "attribute3": null,
            "attribute4": null,
            "attribute5": null
        },
        {
            "id": 1142,
            "transaction_number": "OTDTC_2068",
            "life_cycle": "OTDTC",
            "file_name": "MAV Email PrintOption Update Scenario1_2068.csv",
            "rice_id": "OTDTC_AR_EXT_011_CUST_SITES_EMAIL_PRINT_OPTION_UPDATE",
            "ricef_desc": "OTDTC AR Extraction Customer Sites Preferred Delivery Method and Print Option Update",
            "status": "Completed Error",
            "creation_date": "2025/03/26",
            "created_by": "1420031",
            "last_update_date": null,
            "last_updated_by": null,
            "master_int_oic_instance_id": null,
            "attribute1": null,
            "attribute2": null,
            "attribute3": null,
            "attribute4": null,
            "attribute5": null
        },
        {
            "id": 1141,
            "transaction_number": "OTDTC_2067",
            "life_cycle": "OTDTC",
            "file_name": "MAV Email PrintOption Update Scenario1_2067.csv",
            "rice_id": "OTDTC_AR_EXT_011_CUST_SITES_EMAIL_PRINT_OPTION_UPDATE",
            "ricef_desc": "OTDTC AR Extraction Customer Sites Preferred Delivery Method and Print Option Update",
            "status": "Completed Error",
            "creation_date": "2025/03/26",
            "created_by": "1420031",
            "last_update_date": null,
            "last_updated_by": null,
            "master_int_oic_instance_id": null,
            "attribute1": null,
            "attribute2": null,
            "attribute3": null,
            "attribute4": null,
            "attribute5": null
        },
        {
            "id": 1140,
            "transaction_number": "OTDTC_2066",
            "life_cycle": "OTDTC",
            "file_name": "MAV Email PrintOption Update Scenario2_2066.csv",
            "rice_id": "OTDTC_AR_EXT_011_CUST_SITES_EMAIL_PRINT_OPTION_UPDATE",
            "ricef_desc": "OTDTC AR Extraction Customer Sites Preferred Delivery Method and Print Option Update",
            "status": "Completed Success",
            "creation_date": "2025/03/26",
            "created_by": "1420031",
            "last_update_date": null,
            "last_updated_by": null,
            "master_int_oic_instance_id": null,
            "attribute1": null,
            "attribute2": null,
            "attribute3": null,
            "attribute4": null,
            "attribute5": null
        },
        {
            "id": 1139,
            "transaction_number": "OTDTC_2065",
            "life_cycle": "OTDTC",
            "file_name": "MAV Email PrintOption Update Scenario1_2065.csv",
            "rice_id": "OTDTC_AR_EXT_011_CUST_SITES_EMAIL_PRINT_OPTION_UPDATE",
            "ricef_desc": "OTDTC AR Extraction Customer Sites Preferred Delivery Method and Print Option Update",
            "status": "Completed Error",
            "creation_date": "2025/03/26",
            "created_by": "1420031",
            "last_update_date": null,
            "last_updated_by": null,
            "master_int_oic_instance_id": null,
            "attribute1": null,
            "attribute2": null,
            "attribute3": null,
            "attribute4": null,
            "attribute5": null
        },
        {
            "id": 1138,
            "transaction_number": "OTDTC_2064",
            "life_cycle": "OTDTC",
            "file_name": "MAV Email PrintOption Update Scenario1_2064.csv",
            "rice_id": "OTDTC_AR_EXT_011_CUST_SITES_EMAIL_PRINT_OPTION_UPDATE",
            "ricef_desc": "OTDTC AR Extraction Customer Sites Preferred Delivery Method and Print Option Update",
            "status": "Completed Error",
            "creation_date": "2025/03/26",
            "created_by": "1420031",
            "last_update_date": null,
            "last_updated_by": null,
            "master_int_oic_instance_id": null,
            "attribute1": null,
            "attribute2": null,
            "attribute3": null,
            "attribute4": null,
            "attribute5": null
        },
        {
            "id": 1136,
            "transaction_number": "OTDTC_2061",
            "life_cycle": "OTDTC",
            "file_name": "MAV Email PrintOption Update Scenario3_2061.csv",
            "rice_id": "OTDTC_AR_EXT_011_CUST_SITES_EMAIL_PRINT_OPTION_UPDATE",
            "ricef_desc": "OTDTC AR Extraction Customer Sites Preferred Delivery Method and Print Option Update",
            "status": "Completed Error",
            "creation_date": "2025/03/26",
            "created_by": "1420031",
            "last_update_date": null,
            "last_updated_by": null,
            "master_int_oic_instance_id": null,
            "attribute1": null,
            "attribute2": null,
            "attribute3": null,
            "attribute4": null,
            "attribute5": null
        },
        {
            "id": 1134,
            "transaction_number": "OTDTC_2059",
            "life_cycle": "OTDTC",
            "file_name": "MAV Email PrintOption Update Scenario3_2059.csv",
            "rice_id": "OTDTC_AR_EXT_011_CUST_SITES_EMAIL_PRINT_OPTION_UPDATE",
            "ricef_desc": "OTDTC AR Extraction Customer Sites Preferred Delivery Method and Print Option Update",
            "status": "Completed Error",
            "creation_date": "2025/03/26",
            "created_by": "1420031",
            "last_update_date": null,
            "last_updated_by": null,
            "master_int_oic_instance_id": null,
            "attribute1": null,
            "attribute2": null,
            "attribute3": null,
            "attribute4": null,
            "attribute5": null
        },
        {
            "id": 1132,
            "transaction_number": "OTDTC_2057",
            "life_cycle": "OTDTC",
            "file_name": "MAV Email PrintOption Update Scenario2_2057.csv",
            "rice_id": "OTDTC_AR_EXT_011_CUST_SITES_EMAIL_PRINT_OPTION_UPDATE",
            "ricef_desc": "OTDTC AR Extraction Customer Sites Preferred Delivery Method and Print Option Update",
            "status": "Completed Success",
            "creation_date": "2025/03/26",
            "created_by": "1420031",
            "last_update_date": null,
            "last_updated_by": null,
            "master_int_oic_instance_id": null,
            "attribute1": null,
            "attribute2": null,
            "attribute3": null,
            "attribute4": null,
            "attribute5": null
        },
        {
            "id": 1131,
            "transaction_number": "OTDTC_2056",
            "life_cycle": "OTDTC",
            "file_name": "MAV Email PrintOption Update Scenario2_2056.csv",
            "rice_id": "OTDTC_AR_EXT_011_CUST_SITES_EMAIL_PRINT_OPTION_UPDATE",
            "ricef_desc": "OTDTC AR Extraction Customer Sites Preferred Delivery Method and Print Option Update",
            "status": "Completed Success",
            "creation_date": "2025/03/26",
            "created_by": "1420031",
            "last_update_date": null,
            "last_updated_by": null,
            "master_int_oic_instance_id": null,
            "attribute1": null,
            "attribute2": null,
            "attribute3": null,
            "attribute4": null,
            "attribute5": null
        },
        {
            "id": 1130,
            "transaction_number": "OTDTC_2055",
            "life_cycle": "OTDTC",
            "file_name": "MAV Email PrintOption Update Scenario1_2055.csv",
            "rice_id": "OTDTC_AR_EXT_011_CUST_SITES_EMAIL_PRINT_OPTION_UPDATE",
            "ricef_desc": "OTDTC AR Extraction Customer Sites Preferred Delivery Method and Print Option Update",
            "status": "Completed Warning",
            "creation_date": "2025/03/26",
            "created_by": "1420031",
            "last_update_date": null,
            "last_updated_by": null,
            "master_int_oic_instance_id": null,
            "attribute1": null,
            "attribute2": null,
            "attribute3": null,
            "attribute4": null,
            "attribute5": null
        },
        {
            "id": 1129,
            "transaction_number": "OTDTC_2054",
            "life_cycle": "OTDTC",
            "file_name": "MAV Email PrintOption Update Template_2054.csv",
            "rice_id": "OTDTC_AR_EXT_011_CUST_SITES_EMAIL_PRINT_OPTION_UPDATE",
            "ricef_desc": "OTDTC AR Extraction Customer Sites Preferred Delivery Method and Print Option Update",
            "status": "Completed Success",
            "creation_date": "2025/03/26",
            "created_by": "1420031",
            "last_update_date": null,
            "last_updated_by": null,
            "master_int_oic_instance_id": null,
            "attribute1": null,
            "attribute2": null,
            "attribute3": null,
            "attribute4": null,
            "attribute5": null
        },
        {
            "id": 1128,
            "transaction_number": "OTDTC_2053",
            "life_cycle": "OTDTC",
            "file_name": "MAV Email PrintOption Update Template_2053.csv",
            "rice_id": "OTDTC_AR_EXT_011_CUST_SITES_EMAIL_PRINT_OPTION_UPDATE",
            "ricef_desc": "OTDTC AR Extraction Customer Sites Preferred Delivery Method and Print Option Update",
            "status": "Completed Warning",
            "creation_date": "2025/03/26",
            "created_by": "1420031",
            "last_update_date": null,
            "last_updated_by": null,
            "master_int_oic_instance_id": null,
            "attribute1": null,
            "attribute2": null,
            "attribute3": null,
            "attribute4": null,
            "attribute5": null
        },
        {
            "id": 1127,
            "transaction_number": "OTDTC_2052",
            "life_cycle": "OTDTC",
            "file_name": "MAV Email PrintOption Update Template_2052.csv",
            "rice_id": "OTDTC_AR_EXT_011_CUST_SITES_EMAIL_PRINT_OPTION_UPDATE",
            "ricef_desc": "OTDTC AR Extraction Customer Sites Preferred Delivery Method and Print Option Update",
            "status": "Completed Error",
            "creation_date": "2025/03/26",
            "created_by": "1420031",
            "last_update_date": null,
            "last_updated_by": null,
            "master_int_oic_instance_id": null,
            "attribute1": null,
            "attribute2": null,
            "attribute3": null,
            "attribute4": null,
            "attribute5": null
        },
        {
            "id": 1126,
            "transaction_number": "OTDTC_2051",
            "life_cycle": "OTDTC",
            "file_name": "MAV Email PrintOption Update Template_2051.csv",
            "rice_id": "OTDTC_AR_EXT_011_CUST_SITES_EMAIL_PRINT_OPTION_UPDATE",
            "ricef_desc": "OTDTC AR Extraction Customer Sites Preferred Delivery Method and Print Option Update",
            "status": "Completed Error",
            "creation_date": "2025/03/26",
            "created_by": "1420031",
            "last_update_date": null,
            "last_updated_by": null,
            "master_int_oic_instance_id": null,
            "attribute1": null,
            "attribute2": null,
            "attribute3": null,
            "attribute4": null,
            "attribute5": null
        }
    ],
    "links": [
        {
            "rel": "collection",
            "href": "https://g1e975c32298168-dellextatpdev2.adb.us-phoenix-1.oraclecloudapps.com/ords/GBL_EMF/GBL_CMN_FILE_UPLOAD_ORDS/"
        }
    ]
}