{
    "openapi": "3.0.0",
    "info": {
        "title": "HcmRestApi 11.13.18.05",
        "version": "1.0.0"
    },
    "servers": [
        {
            "url": "vb-catalog://backends/hcmFusion"
        }
    ],
    "paths": {
        "/workers": {
            "get": {
                "operationId": "getWorkers",
                "parameters": [
{
                        "name": "q",
                        "in": "query",
                        "schema": {
                            "type": "string"
                        },
                        "x-vb": {}
                    },
                    {
                        "name": "expand",
                        "in": "query",
                        "schema": {
                            "type": "string"
                        },
                        "x-vb": {
                            "defaultValue": "externalIdentifiers"
                        }
                    }                    ,
                    {
                        "name": "onlyData",
                        "in": "query",
                        "schema": {
                            "type": "string"
                        },
                        "x-vb": {
                            "defaultValue": "true"
                        }
                    },
                    {
                        "name": "fields",
                        "in": "query",
                        "schema": {
                            "type": "string"
                        },
                        "x-vb": {
                            "defaultValue": "externalIdentifiers:ExternalIdentifierNumber,ExternalIdentifierType"
                        }
                    }
                ],
                "responses": {
                    "default": {
                        "description": "Response for default",
                        "content": {
                            "application/json": {
                                "schema": {
                                    "$ref": "#/components/schemas/GetWorkers"
                                },
                                "examples": {
                                    "vb": {
                                        "summary": "Example stored by VB User",
                                        "externalValue": "./examples/getWorkers/response_default_application_json_vb.json"
                                    }
                                }
                            }
                        }
                    }
                },
                "x-vb": {
                    "actionHint": "getMany"
                }
            }
        }
    },
    "components": {
        "schemas": {
            "GetWorkers": {
                "type": "object",
                "properties": {
                    "items": {
                        "type": "array",
                        "items": {
                            "type": "object",
                            "properties": {
                                "PersonId": {
                                    "type": "integer"
                                },
                                "PersonNumber": {
                                    "type": "string"
                                },
                                "CorrespondenceLanguage": {
                                    "nullable": true
                                },
                                "BloodType": {
                                    "nullable": true
                                },
                                "DateOfBirth": {
                                    "nullable": true
                                },
                                "DateOfDeath": {
                                    "nullable": true
                                },
                                "CountryOfBirth": {
                                    "nullable": true
                                },
                                "RegionOfBirth": {
                                    "nullable": true
                                },
                                "TownOfBirth": {
                                    "nullable": true
                                },
                                "ApplicantNumber": {
                                    "nullable": true
                                },
                                "CreatedBy": {
                                    "type": "string"
                                },
                                "CreationDate": {
                                    "type": "string"
                                },
                                "LastUpdatedBy": {
                                    "type": "string"
                                },
                                "LastUpdateDate": {
                                    "type": "string"
                                },
                                "externalIdentifiers": {
                                    "type": "array",
                                    "items": {
                                        "type": "object",
                                        "properties": {
                                            "ExternalIdentifierId": {
                                                "type": "integer"
                                            },
                                            "ExternalIdentifierSequence": {
                                                "type": "integer"
                                            },
                                            "ExternalIdentifierNumber": {
                                                "type": "string"
                                            },
                                            "ExternalIdentifierType": {
                                                "type": "string"
                                            },
                                            "AssignmentId": {
                                                "type": "integer"
                                            },
                                            "FromDate": {
                                                "type": "string"
                                            },
                                            "ToDate": {
                                                "nullable": true
                                            },
                                            "Comments": {
                                                "nullable": true
                                            },
                                            "CreatedBy": {
                                                "type": "string"
                                            },
                                            "CreationDate": {
                                                "type": "string"
                                            },
                                            "LastUpdatedBy": {
                                                "type": "string"
                                            },
                                            "LastUpdateDate": {
                                                "type": "string"
                                            },
                                            "AssignmentNumber": {
                                                "type": "string"
                                            }
                                        }
                                    }
                                }
                            }
                        }
                    },
                    "count": {
                        "type": "integer"
                    },
                    "hasMore": {
                        "type": "boolean"
                    },
                    "limit": {
                        "type": "integer"
                    },
                    "offset": {
                        "type": "integer"
                    },
                    "links": {
                        "type": "array",
                        "items": {
                            "type": "object",
                            "properties": {
                                "rel": {
                                    "type": "string"
                                },
                                "href": {
                                    "type": "string"
                                },
                                "name": {
                                    "type": "string"
                                },
                                "kind": {
                                    "type": "string"
                                }
                            }
                        }
                    }
                }
            }
        }
    }
}