{
  "component-dependencies": {
    "oj-sp": {
      "version": "2407.0.0",
      "components": {
        "messages-banner": "2407.0.0",
        "messages-toast": "2407.0.0",
        "smart-search-page": "2407.0.0",
        "collection-container": "2407.0.0",
        "list-item-template": "2407.0.0",
        "empty-state": "2407.0.0",
        "simple-create-edit": "2407.0.0",
        "message-unsaved-changes": "2407.0.0",
        "smart-search": "2407.0.0",
        "calendar": "2407.0.0",
        "section": "2407.0.0",
        "advanced-create-edit": "2407.0.0",
        "vertical-anchor-navigator": "2407.0.0",
        "collection-toolbar": "2407.0.0",
        "select-single-currency": "2407.0.0",
        "input-currency": "2407.0.0",
        "general-drawer-template": "2407.0.0",
        "detail-panel": "2407.0.0",
        "foldout-panel-overflow": "2407.0.0",
        "attachments-2": "2407.0.0",
        "profile-card": "2407.0.0"
      }
    },
    "oj-dynamic": {
      "version": "16.0.11",
      "components": {
        "form": "16.0.11",
        "table": "16.0.11"
      }
    },
    "oj-dyn": {
      "version": "16.0.11",
      "components": {
        "form": "16.0.11"
      }
    },
    "oj-sample": {
      "version": "8.0.0",
      "components": {
        "export-data": "8.0.0",
        "checkbox-switch": "8.0.0"
      }
    }
  }
 }