{
    "items": [
        {
            "LINE_TYPE": "OM",
            "SALES_HEADER_ID": "300000040754133",
            "SALES_LINE_ID": "300000040754193",
            "FULFILL_LINE_ID": "300000040754158",
            "SUBSCRIPTION_ID": "",
            "SUBSCRIPTION_PRODUCT_ID": "",
            "BILL_LINE_ID": "",
            "BUSINESS_UNIT_NAME": "US_PL_USD_BU",
            "LINE_NUMBER": "1",
            "STATUS": "OPEN",
            "ORDER_NUMBER": "2237",
            "LINE_AMOUNT": "100",
            "TAX_AMOUNT": "9.68",
            "SPECIAL_DATE": "",
            "BILL_TO_CUSTOMER_NAME": "BEST BUY PURCHASING LLC",
            "BILL_TO_CUSTOMER_NUMBER": "2002",
            "VAT_ID": "123123123",
            "CONVERSION_RATE": "1",
            "SOURCE_TABLE": "OM",
            "INVOICE_NUMBER": "",
            "EINVOICING_FLAG": "",
            "CUSTOM_INVOICING_FLAG": "",
            "CONSOLIDATE_METHOD": "TIME"
        },
        {
            "LINE_TYPE": "SM",
            "SALES_HEADER_ID": "",
            "SALES_LINE_ID": "",
            "FULFILL_LINE_ID": "",
            "SUBSCRIPTION_ID": "300000027695258",
            "SUBSCRIPTION_PRODUCT_ID": "300000027695258",
            "BILL_LINE_ID": "100000184099644",
            "BUSINESS_UNIT_NAME": "US_PL_USD_BU",
            "LINE_NUMBER": "0",
            "STATUS": "ORA_ACTIVE",
            "ORDER_NUMBER": "29025",
            "LINE_AMOUNT": "110",
            "TAX_AMOUNT": "",
            "SPECIAL_DATE": "",
            "BILL_TO_CUSTOMER_NAME": "BEST BUY PURCHASING LLC",
            "BILL_TO_CUSTOMER_NUMBER": "2002",
            "VAT_ID": "123123123",
            "CONVERSION_RATE": "1",
            "SOURCE_TABLE": "SM",
            "INVOICE_NUMBER": "",
            "EINVOICING_FLAG": "",
            "CUSTOM_INVOICING_FLAG": "",
            "CONSOLIDATE_METHOD": "TIME"
        },
        {
            "LINE_TYPE": "SM",
            "SALES_HEADER_ID": "",
            "SALES_LINE_ID": "",
            "FULFILL_LINE_ID": "",
            "SUBSCRIPTION_ID": "300000027695258",
            "SUBSCRIPTION_PRODUCT_ID": "300000027695258",
            "BILL_LINE_ID": "100000184099657",
            "BUSINESS_UNIT_NAME": "US_PL_USD_BU",
            "LINE_NUMBER": "1",
            "STATUS": "ORA_ACTIVE",
            "ORDER_NUMBER": "29025",
            "LINE_AMOUNT": "3.55",
            "TAX_AMOUNT": "",
            "SPECIAL_DATE": "",
            "BILL_TO_CUSTOMER_NAME": "BEST BUY PURCHASING LLC",
            "BILL_TO_CUSTOMER_NUMBER": "2002",
            "VAT_ID": "123123123",
            "CONVERSION_RATE": "1",
            "SOURCE_TABLE": "SM",
            "INVOICE_NUMBER": "",
            "EINVOICING_FLAG": "",
            "CUSTOM_INVOICING_FLAG": "",
            "CONSOLIDATE_METHOD": "TIME"
        },
        {
            "LINE_TYPE": "SM",
            "SALES_HEADER_ID": "",
            "SALES_LINE_ID": "",
            "FULFILL_LINE_ID": "",
            "SUBSCRIPTION_ID": "300000027695258",
            "SUBSCRIPTION_PRODUCT_ID": "300000027695258",
            "BILL_LINE_ID": "100000184099662",
            "BUSINESS_UNIT_NAME": "US_PL_USD_BU",
            "LINE_NUMBER": "2",
            "STATUS": "ORA_ACTIVE",
            "ORDER_NUMBER": "29025",
            "LINE_AMOUNT": "10",
            "TAX_AMOUNT": "",
            "SPECIAL_DATE": "",
            "BILL_TO_CUSTOMER_NAME": "BEST BUY PURCHASING LLC",
            "BILL_TO_CUSTOMER_NUMBER": "2002",
            "VAT_ID": "123123123",
            "CONVERSION_RATE": "1",
            "SOURCE_TABLE": "SM",
            "INVOICE_NUMBER": "",
            "EINVOICING_FLAG": "",
            "CUSTOM_INVOICING_FLAG": "",
            "CONSOLIDATE_METHOD": "TIME"
        },
        {
            "LINE_TYPE": "SM",
            "SALES_HEADER_ID": "",
            "SALES_LINE_ID": "",
            "FULFILL_LINE_ID": "",
            "SUBSCRIPTION_ID": "300000027695258",
            "SUBSCRIPTION_PRODUCT_ID": "300000027695258",
            "BILL_LINE_ID": "100000184099668",
            "BUSINESS_UNIT_NAME": "US_PL_USD_BU",
            "LINE_NUMBER": "3",
            "STATUS": "ORA_ACTIVE",
            "ORDER_NUMBER": "29025",
            "LINE_AMOUNT": "10",
            "TAX_AMOUNT": "",
            "SPECIAL_DATE": "",
            "BILL_TO_CUSTOMER_NAME": "BEST BUY PURCHASING LLC",
            "BILL_TO_CUSTOMER_NUMBER": "2002",
            "VAT_ID": "123123123",
            "CONVERSION_RATE": "1",
            "SOURCE_TABLE": "SM",
            "INVOICE_NUMBER": "",
            "EINVOICING_FLAG": "",
            "CUSTOM_INVOICING_FLAG": "",
            "CONSOLIDATE_METHOD": "TIME"
        },
        {
            "LINE_TYPE": "SM",
            "SALES_HEADER_ID": "",
            "SALES_LINE_ID": "",
            "FULFILL_LINE_ID": "",
            "SUBSCRIPTION_ID": "300000027695258",
            "SUBSCRIPTION_PRODUCT_ID": "300000027695258",
            "BILL_LINE_ID": "100000184099671",
            "BUSINESS_UNIT_NAME": "US_PL_USD_BU",
            "LINE_NUMBER": "4",
            "STATUS": "ORA_ACTIVE",
            "ORDER_NUMBER": "29025",
            "LINE_AMOUNT": "10",
            "TAX_AMOUNT": "",
            "SPECIAL_DATE": "",
            "BILL_TO_CUSTOMER_NAME": "BEST BUY PURCHASING LLC",
            "BILL_TO_CUSTOMER_NUMBER": "2002",
            "VAT_ID": "123123123",
            "CONVERSION_RATE": "1",
            "SOURCE_TABLE": "SM",
            "INVOICE_NUMBER": "",
            "EINVOICING_FLAG": "",
            "CUSTOM_INVOICING_FLAG": "",
            "CONSOLIDATE_METHOD": "TIME"
        },
        {
            "LINE_TYPE": "SM",
            "SALES_HEADER_ID": "",
            "SALES_LINE_ID": "",
            "FULFILL_LINE_ID": "",
            "SUBSCRIPTION_ID": "300000027695258",
            "SUBSCRIPTION_PRODUCT_ID": "300000027695258",
            "BILL_LINE_ID": "100000184099675",
            "BUSINESS_UNIT_NAME": "US_PL_USD_BU",
            "LINE_NUMBER": "5",
            "STATUS": "ORA_ACTIVE",
            "ORDER_NUMBER": "29025",
            "LINE_AMOUNT": "10",
            "TAX_AMOUNT": "",
            "SPECIAL_DATE": "",
            "BILL_TO_CUSTOMER_NAME": "BEST BUY PURCHASING LLC",
            "BILL_TO_CUSTOMER_NUMBER": "2002",
            "VAT_ID": "123123123",
            "CONVERSION_RATE": "1",
            "SOURCE_TABLE": "SM",
            "INVOICE_NUMBER": "",
            "EINVOICING_FLAG": "",
            "CUSTOM_INVOICING_FLAG": "",
            "CONSOLIDATE_METHOD": "TIME"
        },
        {
            "LINE_TYPE": "SM",
            "SALES_HEADER_ID": "",
            "SALES_LINE_ID": "",
            "FULFILL_LINE_ID": "",
            "SUBSCRIPTION_ID": "300000027695258",
            "SUBSCRIPTION_PRODUCT_ID": "300000027695258",
            "BILL_LINE_ID": "100000184099684",
            "BUSINESS_UNIT_NAME": "US_PL_USD_BU",
            "LINE_NUMBER": "7",
            "STATUS": "ORA_ACTIVE",
            "ORDER_NUMBER": "29025",
            "LINE_AMOUNT": "10",
            "TAX_AMOUNT": "",
            "SPECIAL_DATE": "",
            "BILL_TO_CUSTOMER_NAME": "BEST BUY PURCHASING LLC",
            "BILL_TO_CUSTOMER_NUMBER": "2002",
            "VAT_ID": "123123123",
            "CONVERSION_RATE": "1",
            "SOURCE_TABLE": "SM",
            "INVOICE_NUMBER": "",
            "EINVOICING_FLAG": "",
            "CUSTOM_INVOICING_FLAG": "",
            "CONSOLIDATE_METHOD": "TIME"
        },
        {
            "LINE_TYPE": "SM",
            "SALES_HEADER_ID": "",
            "SALES_LINE_ID": "",
            "FULFILL_LINE_ID": "",
            "SUBSCRIPTION_ID": "300000027695258",
            "SUBSCRIPTION_PRODUCT_ID": "300000027695258",
            "BILL_LINE_ID": "100000184099688",
            "BUSINESS_UNIT_NAME": "US_PL_USD_BU",
            "LINE_NUMBER": "8",
            "STATUS": "ORA_ACTIVE",
            "ORDER_NUMBER": "29025",
            "LINE_AMOUNT": "10",
            "TAX_AMOUNT": "",
            "SPECIAL_DATE": "",
            "BILL_TO_CUSTOMER_NAME": "BEST BUY PURCHASING LLC",
            "BILL_TO_CUSTOMER_NUMBER": "2002",
            "VAT_ID": "123123123",
            "CONVERSION_RATE": "1",
            "SOURCE_TABLE": "SM",
            "INVOICE_NUMBER": "",
            "EINVOICING_FLAG": "",
            "CUSTOM_INVOICING_FLAG": "",
            "CONSOLIDATE_METHOD": "TIME"
        },
        {
            "LINE_TYPE": "SM",
            "SALES_HEADER_ID": "",
            "SALES_LINE_ID": "",
            "FULFILL_LINE_ID": "",
            "SUBSCRIPTION_ID": "300000027695258",
            "SUBSCRIPTION_PRODUCT_ID": "300000027695258",
            "BILL_LINE_ID": "100000184099692",
            "BUSINESS_UNIT_NAME": "US_PL_USD_BU",
            "LINE_NUMBER": "9",
            "STATUS": "ORA_ACTIVE",
            "ORDER_NUMBER": "29025",
            "LINE_AMOUNT": "10",
            "TAX_AMOUNT": "",
            "SPECIAL_DATE": "",
            "BILL_TO_CUSTOMER_NAME": "BEST BUY PURCHASING LLC",
            "BILL_TO_CUSTOMER_NUMBER": "2002",
            "VAT_ID": "123123123",
            "CONVERSION_RATE": "1",
            "SOURCE_TABLE": "SM",
            "INVOICE_NUMBER": "",
            "EINVOICING_FLAG": "",
            "CUSTOM_INVOICING_FLAG": "",
            "CONSOLIDATE_METHOD": "TIME"
        },
        {
            "LINE_TYPE": "SM",
            "SALES_HEADER_ID": "",
            "SALES_LINE_ID": "",
            "FULFILL_LINE_ID": "",
            "SUBSCRIPTION_ID": "300000027695258",
            "SUBSCRIPTION_PRODUCT_ID": "300000027695258",
            "BILL_LINE_ID": "100000184099696",
            "BUSINESS_UNIT_NAME": "US_PL_USD_BU",
            "LINE_NUMBER": "10",
            "STATUS": "ORA_ACTIVE",
            "ORDER_NUMBER": "29025",
            "LINE_AMOUNT": "10",
            "TAX_AMOUNT": "",
            "SPECIAL_DATE": "",
            "BILL_TO_CUSTOMER_NAME": "BEST BUY PURCHASING LLC",
            "BILL_TO_CUSTOMER_NUMBER": "2002",
            "VAT_ID": "123123123",
            "CONVERSION_RATE": "1",
            "SOURCE_TABLE": "SM",
            "INVOICE_NUMBER": "",
            "EINVOICING_FLAG": "",
            "CUSTOM_INVOICING_FLAG": "",
            "CONSOLIDATE_METHOD": "TIME"
        },
        {
            "LINE_TYPE": "SM",
            "SALES_HEADER_ID": "",
            "SALES_LINE_ID": "",
            "FULFILL_LINE_ID": "",
            "SUBSCRIPTION_ID": "300000027695258",
            "SUBSCRIPTION_PRODUCT_ID": "300000027695258",
            "BILL_LINE_ID": "100000184099700",
            "BUSINESS_UNIT_NAME": "US_PL_USD_BU",
            "LINE_NUMBER": "11",
            "STATUS": "ORA_ACTIVE",
            "ORDER_NUMBER": "29025",
            "LINE_AMOUNT": "10",
            "TAX_AMOUNT": "",
            "SPECIAL_DATE": "",
            "BILL_TO_CUSTOMER_NAME": "BEST BUY PURCHASING LLC",
            "BILL_TO_CUSTOMER_NUMBER": "2002",
            "VAT_ID": "123123123",
            "CONVERSION_RATE": "1",
            "SOURCE_TABLE": "SM",
            "INVOICE_NUMBER": "",
            "EINVOICING_FLAG": "",
            "CUSTOM_INVOICING_FLAG": "",
            "CONSOLIDATE_METHOD": "TIME"
        },
        {
            "LINE_TYPE": "SM",
            "SALES_HEADER_ID": "",
            "SALES_LINE_ID": "",
            "FULFILL_LINE_ID": "",
            "SUBSCRIPTION_ID": "300000027695258",
            "SUBSCRIPTION_PRODUCT_ID": "300000027695258",
            "BILL_LINE_ID": "100000184099704",
            "BUSINESS_UNIT_NAME": "US_PL_USD_BU",
            "LINE_NUMBER": "12",
            "STATUS": "ORA_ACTIVE",
            "ORDER_NUMBER": "29025",
            "LINE_AMOUNT": "10",
            "TAX_AMOUNT": "",
            "SPECIAL_DATE": "",
            "BILL_TO_CUSTOMER_NAME": "BEST BUY PURCHASING LLC",
            "BILL_TO_CUSTOMER_NUMBER": "2002",
            "VAT_ID": "123123123",
            "CONVERSION_RATE": "1",
            "SOURCE_TABLE": "SM",
            "INVOICE_NUMBER": "",
            "EINVOICING_FLAG": "",
            "CUSTOM_INVOICING_FLAG": "",
            "CONSOLIDATE_METHOD": "TIME"
        },
        {
            "LINE_TYPE": "SM",
            "SALES_HEADER_ID": "",
            "SALES_LINE_ID": "",
            "FULFILL_LINE_ID": "",
            "SUBSCRIPTION_ID": "300000027695258",
            "SUBSCRIPTION_PRODUCT_ID": "300000027695258",
            "BILL_LINE_ID": "100000184099710",
            "BUSINESS_UNIT_NAME": "US_PL_USD_BU",
            "LINE_NUMBER": "13",
            "STATUS": "ORA_ACTIVE",
            "ORDER_NUMBER": "29025",
            "LINE_AMOUNT": "6.45",
            "TAX_AMOUNT": "",
            "SPECIAL_DATE": "",
            "BILL_TO_CUSTOMER_NAME": "BEST BUY PURCHASING LLC",
            "BILL_TO_CUSTOMER_NUMBER": "2002",
            "VAT_ID": "123123123",
            "CONVERSION_RATE": "1",
            "SOURCE_TABLE": "SM",
            "INVOICE_NUMBER": "",
            "EINVOICING_FLAG": "",
            "CUSTOM_INVOICING_FLAG": "",
            "CONSOLIDATE_METHOD": "TIME"
        }
    ]
}