{
    "openapi": "3.0.0",
    "info": {
        "title": "ords_conn",
        "version": "1.0.0"
    },
    "servers": [
        {
            "url": "vb-catalog://backends/ORDS",
            "description": "ords_conn"
        }
    ],
    "paths": {
        "/GBL_EMF/GBL_CMN_FILE_UPLOAD_ORDS/GBL_CMN_BULK_UPLD_METADATA_T": {
            "get": {
                "operationId": "getGBL_CMN_BULK_UPLD_METADATA_T",
                "parameters": [
                    {
                        "name": "LIFE_CYCLE",
                        "in": "query",
                        "schema": {
                            "type": "string"
                        },
                        "x-vb": {}
                    },
                    {
                        "name": "RICE_ID",
                        "in": "query",
                        "schema": {
                            "type": "string"
                        },
                        "x-vb": {}
                    }
                ],
                "responses": {
                    "default": {
                        "description": "Response for default",
                        "content": {
                            "application/json": {
                                "schema": {
                                    "$ref": "#/components/schemas/GetGBL_EMFGBL_CMN_FILE_UPLOAD_ORDSGBL_CMN_BULK_UPLD_METADATA_T"
                                },
                                "examples": {
                                    "vb": {
                                        "summary": "Example stored by VB User",
                                        "externalValue": "./examples/getGBL_CMN_BULK_UPLD_METADATA_T/response_default_application_json_vb.json"
                                    }
                                }
                            }
                        }
                    }
                },
                "x-vb": {
                    "actionHint": "getMany"
                }
            }
        },
        "/GBL_EMF/GBL_CMN_FILE_UPLOAD_ORDS/SEQUENCE": {
            "get": {
                "operationId": "getNextSequence",
                "responses": {
                    "default": {
                        "description": "Response for default",
                        "content": {
                            "application/json": {
                                "schema": {
                                    "$ref": "#/components/schemas/GetGBL_EMFGBL_CMN_FILE_UPLOAD_ORDSSEQUENCE"
                                },
                                "examples": {
                                    "vb": {
                                        "summary": "Example stored by VB User",
                                        "externalValue": "./examples/getNextSequence/response_default_application_json_vb.json"
                                    }
                                }
                            }
                        }
                    }
                },
                "x-vb": {
                    "actionHint": "getOne"
                },
                "parameters": [
                ]
            }
        },
        "/GBL_EMF/GBL_CMN_FILE_UPLOAD_ORDS/ROLES": {
            "get": {
                "operationId": "geRolesfromATP",
                "parameters": [
                ],
                "responses": {
                    "default": {
                        "description": "Response for default",
                        "content": {
                            "application/json": {
                                "schema": {
                                    "$ref": "#/components/schemas/GetGBL_EMFGBL_CMN_FILE_UPLOAD_ORDSROLES"
                                },
                                "examples": {
                                    "vb": {
                                        "summary": "Example stored by VB User",
                                        "externalValue": "./examples/geRolesfromATP/response_default_application_json_vb.json"
                                    }
                                }
                            }
                        }
                    }
               },
                "x-vb": {
                    "actionHint": "getMany"
                }
            }
        },
        "/GBL_EMF/GBL_CMN_FILE_UPLOAD_ORDS/TABLE_RECORDS": {
            "get": {
                "operationId": "getBulkUploadTableData",
                "parameters": [
                    {
                        "name": "p_table_name",
                        "in": "query",
                        "schema": {
                            "type": "string"
                        }
                    },
                    {
                        "name": "p_life_cycle",
                        "in": "query",
                        "schema": {
                            "type": "string"
                        }
                    },
                    {
                        "name": "p_rice_id",
                        "in": "query",
                        "schema": {
                            "type": "string"
                        }
                    },
                    {
                        "name": "p_transaction_number",
                        "in": "query",
                        "schema": {
                            "type": "string"
                        }
                    },
                    {
                        "name": "p_status",
                        "in": "query",
                        "schema": {
                            "type": "string"
                        }
                    },
                    {
                        "name": "p_created_by",
                        "in": "query",
                        "schema": {
                            "type": "string"
                        }
                    },
                    {
                        "name": "p_fromDate",
                        "in": "query",
                        "schema": {
                            "type": "string"
                        }
                    },
                    {
                        "name": "p_toDate",
                        "in": "query",
                        "schema": {
                            "type": "string"
                        }
                    }
                ],
                "responses": {
                    "default": {
                        "description": "Response for default",
                        "content": {
                            "application/json": {
                                "schema": {
                                    "$ref": "#/components/schemas/GetGBL_EMFGBL_CMN_FILE_UPLOAD_ORDSTABLE_RECORDS"
                                },
                                "examples": {
                                    "vb": {
                                        "summary": "Example stored by VB User",
                                        "externalValue": "./examples/getBulkUploadTableData/response_default_application_json_vb.json"
                                    }
                                }
                            }
                        }
                    }
                },
                "x-vb": {
                    "actionHint": "getMany"
                }
            }
        },
        "/GBL_EMF/GBL_CMN_FILE_UPLOAD_ORDS/GET_TRANSACTIONS": {
            "get": {
                "operationId": "getTransactionNumbers",
                "parameters": [
                    {
                        "name": "p_table_name",
                        "in": "query",
                        "schema": {
                            "type": "string"
                        }
                    },
{
                        "name": "p_rice_id",
                        "in": "query",
                        "schema": {
                            "type": "string"
                        }
                    }
                ],
                "responses": {
                    "default": {
                        "description": "Response for default",
                        "content": {
                            "application/json": {
                                "schema": {
                                    "$ref": "#/components/schemas/GetGBL_EMFGBL_CMN_FILE_UPLOAD_ORDSGET_TRANSACTIONS"
                                },
                                "examples": {
                                    "vb": {
                                        "summary": "Example stored by VB User",
                                        "externalValue": "./examples/getTransactionNumbers/response_default_application_json_vb.json"
                                    }
                                }
                            }
                        }
                    }
                },
                "x-vb": {
                    "actionHint": "getMany"
                }
            }
        },
        "/GBL_EMF/GBL_CMN_FILE_UPLOAD_ORDS/FILE_BULKUPLOAD_T": {
            "post": {
                "operationId": "postTransactiondtltoATP",
                "responses": {},
                "x-vb": {
                    "actionHint": "create"
                }
            }
        },
        "/GBL_EMF/GBL_CMN_FILE_UPLOAD_ORDS/FILE_ATTACHMENTS": {
            "post": {
                "operationId": "POSTATTACHMNETTODB",
                "requestBody": {
                    "description": "Request for application/json",
                    "content": {
                        "application/json": {
                            "schema": {
                                "$ref": "#/components/schemas/PostGBL_EMFGBL_CMN_FILE_UPLOAD_ORDSFILE_ATTACHMENTSRequest"
                            },
                            "examples": {
                                "vb": {
                                    "summary": "Example stored by VB User",
                                    "externalValue": "./examples/POSTATTACHMNETTODB/request_application_json_vb.json"
                                }
                            }
                        }
                    }
                },
                "responses": {},
                "x-vb": {
                    "actionHint": "create"
                }
            }
        }
    },
    "components": {
        "schemas": {
            "GetGBL_EMFGBL_CMN_FILE_UPLOAD_ORDSGBL_CMN_BULK_UPLD_METADATA_T": {
                "type": "object",
                "properties": {
                    "items": {
                        "type": "array",
                        "items": {
                            "type": "object",
                            "properties": {
                                "life_cycle": {
                                    "type": "string"
                                },
                                "rice_id": {
                                    "type": "string"
                                },
                                "file_name_convention": {
                                    "type": "string"
                                },
                                "file_extn_type": {
                                    "type": "string"
                                },
                                "no_of_header_cols": {
                                    "type": "string"
                                },
                                "no_of_mandatory_file": {
                                    "type": "string"
                                },
                                "creation_date": {
                                    "nullable": true
                                },
                                "created_by": {
                                    "nullable": true
                                },
                                "last_update_date": {
                                    "nullable": true
                                },
                                "last_updated_by": {
                                    "nullable": true
                                },
                                "interface_table": {
                                    "type": "string"
                                },
                                "attribute1": {
                                    "nullable": true
                                },
                                "attribute2": {
                                    "nullable": true
                                },
                                "attribute3": {
                                    "nullable": true
                                },
                                "attribute4": {
                                    "nullable": true
                                },
                                "attribute5": {
                                    "nullable": true
                                }
                            }
                        }
                    },
                    "hasMore": {
                        "type": "boolean"
                    },
                    "limit": {
                        "type": "integer"
                    },
                    "offset": {
                        "type": "integer"
                    },
                    "count": {
                        "type": "integer"
                    },
                    "links": {
                        "type": "array",
                        "items": {
                            "type": "object",
                            "properties": {
                                "rel": {
                                    "type": "string"
                                },
                                "href": {
                                    "type": "string"
                                }
                            }
                        }
                    }
                }
            },
            "GetGBL_EMFGBL_CMN_FILE_UPLOAD_ORDSSEQUENCE": {
                "type": "object",
                "properties": {
                    "nextval": {
                        "type": "integer"
                    },
                    "links": {
                        "type": "array",
                        "items": {
                            "type": "object",
                            "properties": {
                                "rel": {
                                    "type": "string"
                                },
                                "href": {
                                    "type": "string"
                                }
                            }
                        }
                    }

                }
            },
            "GetGBL_EMFGBL_CMN_FILE_UPLOAD_ORDSROLES": {
                "type": "object",
                "properties": {
                    "items": {
                        "type": "array",
                        "items": {
                            "type": "object",
                            "properties": {
                                "life_cycle": {
                                    "type": "string"
                                },
                                "rice_id": {
                                    "type": "string"
                                },
                                "erp_shell_role": {
                                    "type": "string"
                                },
                                "attribute1": {
                                    "nullable": true
                                },
                                "attribute2": {
                                    "nullable": true
                                },
                                "attribute3": {
                                    "nullable": true
                                },
                                "attribute4": {
                                    "nullable": true
                                },
                                "attribute5": {
                                    "nullable": true
                                },
                                "creation_date": {
                                    "nullable": true
                                },
                                "created_by": {
                                    "nullable": true
                                },
                                "last_update_date": {
                                    "nullable": true
                                },
                                "last_updated_by": {
                                    "nullable": true
                                },
                                "description": {
                                    "nullable": true
                                }
                            }
                        }
                    },
                    "hasMore": {
                        "type": "boolean"
                    },
                    "limit": {
                        "type": "integer"
                    },
                    "offset": {
                        "type": "integer"
                    },
                    "count": {
                        "type": "integer"
                    },
                    "links": {
                        "type": "array",
                        "items": {
                            "type": "object",
                            "properties": {
                                "rel": {
                                    "type": "string"
                                },
                                "href": {
                                    "type": "string"
                                }
                            }
                        }
                    }
                }
            },
            "GetGBL_EMFGBL_CMN_FILE_UPLOAD_ORDSTABLE_RECORDS": {
                "type": "object",
                "properties": {
                    "item": {
                        "type": "array",
                        "items": {
                            "type": "object",
                            "properties": {
                                "id": {
                                    "type": "integer"
                                },
                                "transaction_number": {
                                    "type": "string"
                                },
                                "life_cycle": {
                                    "type": "string"
                                },
                                "file_name": {
                                    "type": "string"
                                },
                                "rice_id": {
                                    "type": "string"
                                },
                                "ricef_desc": {
                                    "type": "string"
                                },
                                "status": {
                                    "type": "string"
                                },
                                "creation_date": {
                                    "type": "string"
                                },
                                "created_by": {
                                    "type": "string"
                                },
                                "last_update_date": {
                                    "nullable": true
                                },
                                "last_updated_by": {
                                    "nullable": true
                                },
                                "master_int_oic_instance_id": {
                                    "nullable": true
                                },
                                "attribute1": {
                                    "nullable": true
                                },
                                "attribute2": {
                                    "nullable": true
                                },
                                "attribute3": {
                                    "nullable": true
                                },
                                "attribute4": {
                                    "nullable": true
                                },
                                "attribute5": {
                                    "nullable": true
                                }

                            }
                        }
                    },
                    "links": {
                        "type": "array",
                        "items": {
                            "type": "object",
                            "properties": {
                                "rel": {
                                    "type": "string"
                                },
                                "href": {
                                    "type": "string"
                                }
                            }
                        }
                    }

                }
            },
            "GetGBL_EMFGBL_CMN_FILE_UPLOAD_ORDSGET_TRANSACTIONS": {
                "type": "object",
                "properties": {
                    "item": {
                        "type": "array",
                        "items": {
                            "type": "object",
                            "properties": {
                                "transaction_number": {
                                    "type": "string"
                                }
                            }
                        }
                    },
                    "links": {
                        "type": "array",
                        "items": {
                            "type": "object",
                            "properties": {
                                "rel": {
                                    "type": "string"
                                },
                                "href": {
                                    "type": "string"
                                }
                            }
                        }
                    }
                }
            },
            "PostGBL_EMFGBL_CMN_FILE_UPLOAD_ORDSFILE_ATTACHMENTSRequest": {
                "type": "object",
                "properties": {
                    "RICE_ID": {
                        "type": "string"
                    },
                    "TRANSACTION_NUMBER": {
                        "type": "string"
                    },
                    "FILE_NAME": {
                        "type": "string"
                    },
                    "UCM_ID": {
                        "type": "string"
                    },
                    "STATUS": {
                        "type": "string"
                    }
                }
            }
        }
    }
}