{
    "items": [
        {
            "PersonId": 300000004236540,
            "PersonNumber": "1411482",
            "CorrespondenceLanguage": null,
            "BloodType": null,
            "DateOfBirth": null,
            "DateOfDeath": null,
            "CountryOfBirth": null,
            "RegionOfBirth": null,
            "TownOfBirth": null,
            "ApplicantNumber": null,
            "CreatedBy": "1407832",
            "CreationDate": "2024-10-15T10:10:33.231+00:00",
            "LastUpdatedBy": "1408553",
            "LastUpdateDate": "2024-10-15T16:36:16.195+00:00",
            "externalIdentifiers": [
                {
                    "ExternalIdentifierId": 300000016334510,
                    "ExternalIdentifierSequence": 2,
                    "ExternalIdentifierNumber": "Kiran_Patil4",
                    "ExternalIdentifierType": "Legacy Dell NT Domain \\ User N",
                    "AssignmentId": 300000004236550,
                    "FromDate": "2024-12-17T10:56:00+00:00",
                    "ToDate": null,
                    "Comments": null,
                    "CreatedBy": "DELL_INT_USER",
                    "CreationDate": "2024-12-18T10:56:46.861+00:00",
                    "LastUpdatedBy": "DELL_INT_USER",
                    "LastUpdateDate": "2024-12-18T10:58:54.067+00:00",
                    "AssignmentNumber": "E1411482"
                },
                {
                    "ExternalIdentifierId": 300000059646147,
                    "ExternalIdentifierSequence": 3,
                    "ExternalIdentifierNumber": "P046",
                    "ExternalIdentifierType": "Buyer Code",
                    "AssignmentId": 300000004236550,
                    "FromDate": "2025-03-05T06:33:00+00:00",
                    "ToDate": null,
                    "Comments": null,
                    "CreatedBy": "1411217",
                    "CreationDate": "2025-03-05T06:33:02+00:00",
                    "LastUpdatedBy": "1411217",
                    "LastUpdateDate": "2025-03-05T06:33:27.713+00:00",
                    "AssignmentNumber": "E1411482"
                }
            ]
        }
    ],
    "count": 1,
    "hasMore": false,
    "limit": 25,
    "offset": 0,
    "links": [
        {
            "rel": "self",
            "href": "https://iawmqy-dev2.fa.ocs.oraclecloud.com:443/hcmRestApi/resources/11.13.18.05/workers",
            "name": "workers",
            "kind": "collection"
        }
    ]
}