{
  "title": "",
  "description": "",
  "variables": {
    "enableAdditionalDetailsColumnFlag": {
      "type": "boolean",
      "defaultValue": false
    },
    "enableQbliColumnFlag": {
      "type": "boolean",
      "defaultValue": false
    },
    "enableSpecialDateColumnFlag": {
      "type": "boolean",
      "defaultValue": false
    },
    "enableSpecialInstructionsColumnFlag": {
      "type": "boolean"
    },
    "getAdditionalDetailsLOVSDP": {
      "type": "vb/ServiceDataProvider",
      "defaultValue": {
        "endpoint": "FSCM_CONN/getValueSetsDELL_ADD_DETAILSChildValues",
        "responseType": "getValueSetsDELLADDDETAILSChildValuesResponse",
        "itemsPath": "items"
      }
    },
    "getSpecialHandlingLOVSDP": {
      "type": "vb/ServiceDataProvider",
      "defaultValue": {
        "endpoint": "FSCM_CONN/getValueSetsDELL_SPL_HAN_DESCChildValues",
        "responseType": "getValueSetsDELLSPLHANDESCChildValuesResponse",
        "itemsPath": "items"
      }
    },
    "orderDetailsPoMatchADP": {
      "type": "vb/ArrayDataProvider2",
      "defaultValue": {
        "itemType": "getOnSearchType",
        "keyAttributes": "seq_id"
      },
      "required": false,
      "input": "none"
    },
    "poMatchSelectedRowADP": {
      "type": "vb/ArrayDataProvider2",
      "defaultValue": {
        "itemType": "getOnSearchType",
        "keyAttributes": "seq_id"
      }
    },
    "rowData": {
      "type": "object[]"
    },
    "rowEditObj": {
      "type": "getOnSearchType"
    },
    "rowObject": {
      "type": "getOnSearchType"
    },
    "searchObjectVarFromMain": {
      "type": "searchObjectVarType",
      "input": "fromCaller"
    },
    "selectedLinesFromMainPageArray": {
      "type": "getOnSearchType[]",
      "input": "fromCaller"
    }

  },
  "metadata": {},
  "types": {
    "@decorators.getOnSearchType": {
      "endpoint": "getOTDTC_EXTAR_EXT_002OnSearch",
      "service": "ords",
      "path": "response"
    },
    "@decorators.getValueSetsDELLADDDETAILSChildValuesResponse": {
      "endpoint": "getValueSetsDELL_ADD_DETAILSChildValues",
      "service": "fscm",
      "path": "response"
    },
    "@decorators.getValueSetsDELLSPLHANDESCChildValuesResponse": {
      "endpoint": "getValueSetsDELL_SPL_HAN_DESCChildValues",
      "service": "fscm",
      "path": "response"
    },
    "getOnSearchType": {
      "additional_details": "any",
      "bill_to_customer_name": "string",
      "bill_to_customer_number": "string",
      "bill_to_customer_site": "string",
      "bu_id": "number",
      "bu_name": "string",
      "comments": "any",
      "consolidation_method": "any",
      "consporate_type_number1": "any",
      "consporate_type_number2": "any",
      "custom_invoicing_flag": "any",
      "date_filter_param": "any",
      "description": "string",
      "e_invoicing_flag": "any",
      "fx_rate": "any",
      "goods_receipt_number": "any",
      "igst": "any",
      "interface_line_attribute1": "any",
      "interface_line_attribute2": "any",
      "interface_line_attribute3": "any",
      "interface_line_attribute4": "any",
      "interface_line_attribute5": "any",
      "interface_line_attribute6": "any",
      "interface_line_attribute7": "any",
      "interface_line_attribute8": "any",
      "interface_line_attribute9": "any",
      "interface_line_attribute10": "any",
      "interface_line_attribute11": "any",
      "interface_line_attribute12": "any",
      "interface_line_attribute13": "any",
      "interface_line_attribute14": "any",
      "invoice_currency_code": "string",
      "invoice_number": "any",
      "invoicing_local_currency": "any",
      "item_number": "any",
      "line_amount": "any",
      "line_id": "any",
      "line_number": "any",
      "order_number": "string",
      "order_status": "string",
      "payment_term": "string",
      "pedimento_date": "any",
      "pedimento_number": "any",
      "physical_delivery_date": "any",
      "po_match": "any",
      "po_match_description": "any",
      "po_match_line_number": "any",
      "po_match_quantity": "any",
      "po_match_unit_price": "any",
      "po_total_matched_price": "any",
      "product_type": "string",
      "qbli": "any",
      "quantity": "string",
      "remit_number": "any",
      "rowSelected": "boolean",
      "sales_or_subsc_no": "any",
      "seq_id": "any",
      "ship_to_customer_number": "string",
      "ship_to_customer_site": "string",
      "source_table": "string",
      "special_date": "any",
      "special_date_po_match": "any",
      "special_handling": "any",
      "special_instruction": "any",
      "tax_amount": "number",
      "tax_classification_code": "any",
      "total_amount": "number",
      "transaction_source": "string",
      "transaction_type": "string",
      "trx_business_category": "any",
      "unit_of_measure": "string",
      "unit_selling_price": "string",
      "updated_exchange_rate": "any",
      "vat_id": "any",
      "qbli_flag_d": "any",
      "special_date_flag_d": "any",
      "additional_details_flag_d": "any",
      "special_instructions_flag_d": "any"

    },
    "getValueSetsDELLADDDETAILSChildValuesResponse": {
      "items": [
        {
          "Description": "string",
          "Value": "string"
        }
      ]
    },
    "getValueSetsDELLSPLHANDESCChildValuesResponse": {
      "items": [
        {
          "Value": "string"
        }
      ]
    },
    "searchObjectVarType": {
      "p_account_number": "any",
      "p_bu_name": "any",
      "p_from_date": "any",
      "p_po_number": "any",
      "p_source_order_number": "any",
      "p_to_date": "any"

    }

  },
  "eventListeners": {
    "additionalDetailsId1001Value": {
      "chains": [
        {
          "chain": "SelectValueChangeChain",
          "parameters": {
            "value": "{{ $event.detail.value }}",
            "key": "{{ $current.key }}",
            "index": "{{ $current.index }}",
            "current": "{{ $current }}"
          }
        }
      ]
    },
    "additionalDetailsId1001ValueItem": {
      "chains": [
        {
          "chain": "SelectAdditionalDetailsValueItemChangeChain",
          "parameters": {
            "key": "{{ $current.key }}",
            "data": "{{$event.detail.value.data}}",
            "metadata": "{{$event.detail.value.metadata}}",
            "index": "{{ $current.index }}",
            "current": "{{ $current }}",
            "SDPKey": "[[ $event.detail.value ]]"
          }
        }
      ]
    },
    "buttonAction": {
      "chains": [
        {
          "chain": "ClickBackButtonActionChain"
        }
      ]
    },
    "buttonAction2": {
      "chains": [
        {
          "chain": "POMatchConsolidateButtonActionChain"
        }
      ]
    },
    "inputDateValue": {
      "chains": [
        {
          "chain": "InputSpecialDateValueChangeChain",
          "parameters": {
            "value": "{{ $event.detail.value }}",
            "key": "{{ $current.key }}",
            "index": "{{ $current.index }}",
            "current": "{{ $current }}"
          }
        }
      ]
    },
    "inputNumberValue": {
      "chains": [
        {
          "chain": "POMatchUnitPriceInputNumberValueChangeChain",
          "parameters": {
            "value": "{{ $event.detail.value }}",
            "key": "{{ $current.key }}",
            "index": "{{ $current.index }}",
            "current": "{{ $current }}"
          }
        }
      ]
    },
    "inputNumberValue2": {
      "chains": [
        {
          "chain": "POMatchQuantityInputNumberValueChangeChain",
          "parameters": {
            "value": "{{ $event.detail.value }}",
            "key": "{{ $current.key }}",
            "index": "{{ $current.index }}",
            "current": "{{ $current }}"
          }
        }
      ]
    },
    "inputTextValue": {
      "chains": [
        {
          "chain": "InputSpecialInstructionValueChangeChain",
          "parameters": {
            "value": "{{ $event.detail.value }}",
            "key": "{{ $current.key }}",
            "index": "{{ $current.index }}",
            "current": "{{ $current }}"
          }
        }
      ]
    },
    "orderDetailsBeforeRowEdit": {
      "chains": [
        {
          "chain": "TableBeforeRowEditChain",
          "parameters": {
            "rowKey": "{{$event.detail.rowContext.status.rowKey}}",
            "rowIndex": "{{$event.detail.rowContext.status.rowIndex}}",
            "rowData": "{{$event.detail.rowContext.componentElement.getDataForVisibleRow($event.detail.rowContext.status.rowIndex).data}}"
          }
        }
      ]
    },
    "orderDetailsBeforeRowEditEnd": {
      "chains": [
        {
          "chain": "TableBeforeRowEditEndChain",
          "parameters": {
            "cancelEdit": "{{$event.detail.cancelEdit}}",
            "rowKey": "{{$event.detail.rowContext.status.rowKey}}",
            "rowIndex": "{{$event.detail.rowContext.status.rowIndex}}",
            "rowData": "{{$event.detail.rowContext.componentElement.getDataForVisibleRow($event.detail.rowContext.status.rowIndex).data}}"
          }
        }
      ]
    },
    "orderDetailsSelected": {
      "chains": [
        {
          "chain": "TableMultipleSelectedChangeChain",
          "parameters": {
            "keys": "{{ $event.detail.value.row.values ? Array.from($event.detail.value.row.values()) : [] }}",
            "selected": "{{ $event.detail.value }}"
          }
        }
      ]
    },
    "selectValueItem": {
      "chains": [
        {
          "chain": "SelectSpecialHandlingValueItemChangeChain",
          "parameters": {
            "key": "{{ $current.key }}",
            "data": "{{$event.detail.value.data}}",
            "metadata": "{{$event.detail.value.metadata}}",
            "index": "{{ $current.index }}",
            "current": "{{ $current }}",
            "SDPKey": "[[ $event.detail.value ]]"
          }
        }
      ]
    },
    "vbEnter": {
      "chains": [
        {
          "chain": "PageVbEnterChain"
        }
      ]
    }

  },
  "imports": {
    "components": {
      "oj-button": {
        "path": "ojs/ojbutton"
      },
      "oj-dialog": {
        "path": "ojs/ojdialog"
      },
      "oj-input-date": {
        "path": "ojs/ojdatetimepicker"
      },
      "oj-input-number": {
        "path": "ojs/ojinputnumber"
      },
      "oj-input-text": {
        "path": "ojs/ojinputtext"
      },
      "oj-progress-bar": {
        "path": "ojs/ojprogress-bar"
      },
      "oj-sample-checkbox-switch": {
        "path": "oj-sample/checkbox-switch/loader"
      },
      "oj-sample-export-data": {
        "path": "oj-sample/export-data/loader"
      },
      "oj-select-many": {
        "path": "ojs/ojselectcombobox"
      },
      "oj-select-single": {
        "path": "ojs/ojselectsingle"
      },
      "oj-table": {
        "path": "ojs/ojtable"
      }

    }
  }
}
