{
  "title": "",
  "description": "",
  "variables": {
    "buNameLOVADP": {
      "type": "vb/ArrayDataProvider2",
      "defaultValue": {
        "endpoint": "getBuAndOrderNumbersLOV/getOtdtc_extAR_EXT_002GetBuNameAndOrderNumberLOV",
        "responseType": "getBuNameAndOrderNumberLOVType",
        "itemsPath": "items",
        "itemType": "getBuNameLOV",
        "keyAttributes": "bu_name",
        "textFilterAttributes": [
          "bu_name"
        ]
      }
    },
    "consolidateObject": {
      "type": "postIcARInvoiceCreation"
    },
    "custAccNumberLOVADP": {
      "type": "vb/ArrayDataProvider2",
      "defaultValue": {
        "itemType": "getCustAccNumberLOV",
        "textFilterAttributes": [
          "customer_account_number"
        ],
        "keyAttributes": "customer_account_number"
      }
    },
    "customerAcceptanceStatusLOV": {
      "type": "object[]",
      "defaultValue": [
        {
          "key": "Eligible"
        },
        {
          "key": "Accepted"
        },
        {
          "key": "Rejected"
        },
        {
          "key": "Not Applicable"
        }
      ]
    },
    "customerAcceptanceStatusLOVADP": {
      "type": "vb/ArrayDataProvider2",
      "defaultValue": {
        "data": "{{ $variables.customerAcceptanceStatusLOV }}",
        "keyAttributes": "key"
      }
    },
    "getOTDTCEXTAREXT02GetOrderNumberLOVListSDP": {
      "type": "vb/ServiceDataProvider",
      "defaultValue": {
        "endpoint": "ORDS_CONN/getOTDTC_EXTAR_EXT_002GetOrderNumberLOV",
        "responseType": "getOrderNumberLOVResponse2",
        "itemsPath": "items",
        "uriParameters": {
          "p_business_unit_name": "{{ $variables.searchObjectVar.p_bu_name }}",
          "p_customer_account_number": "{{ $variables.searchObjectVar.p_account_number }}"
        }
      }
    },
    "isNext": {
      "type": "boolean",
      "defaultValue": true
    },
    "isPrevious": {
      "type": "boolean",
      "defaultValue": true
    },
    "keyTempArray": {
      "type": "onSearchResultTableType[]"
    },
    "orderDetailsADP": {
      "type": "vb/ArrayDataProvider2",
      "defaultValue": {
        "itemType": "getOnSearchType",
        "keyAttributes": "seq_id"
      }
    },
    "orderNumberLOVADP": {
      "type": "vb/ArrayDataProvider2",
      "defaultValue": {
        "endpoint": "getBuAndOrderNumbersLOV/getOtdtc_extAR_EXT_002GetBuNameAndOrderNumberLOV",
        "responseType": "getBuNameAndOrderNumberLOVType",
        "itemsPath": "items",
        "itemType": "getOrderNumberLOV",
        "keyAttributes": "order_number",
        "textFilterAttributes": [
          "order_number"
        ]
      }
    },
    "ordersDetailsDBData": {
      "type": "onSearchResultTableType[]"
    },
    "ordersDetailsFusionData": {
      "type": "postIcApiIntegrationFetchOMSMLines[]"
    },
    "paginationObject": {
      "type": {
        "limit": "number",
        "offset": "number"
      },
      "defaultValue": {
        "limit": 25,
        "offset": 0
      }
    },
    "poNumberLOVADP": {
      "type": "vb/ArrayDataProvider2",
      "defaultValue": {
        "itemType": "getPONumberLOV2",
        "keyAttributes": "po_number",
        "textFilterAttributes": [
          "po_number"
        ]
      }
    },
    "processObject": {
      "type": {
        "p_bill_line_ids": "string",
        "p_line_ids": "string",
        "p_order_numbers": "string",
        "p_subscription_numbers": "string"
      }
    },
    "rowData": {
      "type": "object[]"
    },
    "rowEditObj": {
      "type": "getOnSearchType"
    },
    "rowObj": {
      "type": "getOnSearchType"
    },
    "searchObjectVar": {
      "type": "searchObjectType"
    },
    "selectAllRows": {
      "type": "boolean"
    },
    "selectedRowADP": {
      "type": "vb/ArrayDataProvider2",
      "defaultValue": {
        "itemType": "getOnSearchType",
        "keyAttributes": "seq_id"
      }
    },
    "selectedRowArray": {
      "type": "onSearchResultTableType[]"
    },
    "selectRow": {
      "type": "string"
    },
    "specialDateVar": {
      "type": "any"
    },
    "tempCustAccName": {
      "type": "string"
    },
    "variable1": {
      "type": "object"
    }

  },
  "metadata": {},
  "types": {
    "@decorators.get": {
      "endpoint": "get",
      "service": "onSearch",
      "path": "response"
    },
    "@decorators.getBuNameLOV": {
      "endpoint": "getOTDTC_EXTAR_EXT_002GetBuNameLOV",
      "service": "ords",
      "path": "response-_-items[0]"
    },
    "@decorators.getCustAccNumberLOV": {
      "endpoint": "getOTDTC_EXTAR_EXT_002GetCustAccNumberLOV",
      "service": "ords",
      "path": "response-_-items[0]"
    },
    "@decorators.getOrderNumberLOV": {
      "endpoint": "getOTDTC_EXTAR_EXT_002GetOrderNumberLOV",
      "service": "ords",
      "path": "response-_-items[0]"
    },
    "@decorators.getOrderNumberLOVResponse2": {
      "endpoint": "getOTDTC_EXTAR_EXT_002GetOrderNumberLOV",
      "service": "ords",
      "path": "response"
    },
    "@decorators.getOTDTC_EXTAR_EXT_002GetBuNameAndOrderNumberLOV": {
      "endpoint": "getOTDTC_EXTAR_EXT_002GetBuNameAndOrderNumberLOV",
      "service": "ords",
      "path": "response"
    },
    "@decorators.getOTDTC_EXTAR_EXT_002OnSearch": {
      "endpoint": "getOTDTC_EXTAR_EXT_002OnSearch",
      "service": "ords",
      "path": "response"
    },
    "@decorators.getPONumberLOV2": {
      "endpoint": "getOTDTC_EXTAR_EXT_002GetPONumberLOV2",
      "service": "ords",
      "path": "response"
    },
    "@decorators.postIcApiIntegrationFetchOMSMLines": {
      "endpoint": "postIcApiIntegrationV1FlowsRestOTD_AR_EXT_002_FET_OM__SM_LIN1_0Fetch_lines",
      "service": "ics",
      "path": "response"
    },
    "@decorators.postIcARInvoiceCreation": {
      "endpoint": "postIcApiIntegrationV1FlowsRestOTDT_AR_EXT_002_AR_INVO_CREA1_0Invoice",
      "service": "ics",
      "path": "request"
    },
    "@decorators.postIcIntegrationARInvoiceBatchProcessInvoice": {
      "endpoint": "postIcApiIntegrationV1FlowsRestOTDT_AR_EXT_002_AR_INVO_BATC_PRO1_0Invoice",
      "service": "ics",
      "path": "request"
    },
    "getBuNameLOV": {
      "bu_name": "string"
    },
    "getCustAccNumberLOV": {
      "customer_account_name": "string",
      "customer_account_number": "string"

    },
    "getOnSearchType": {
      "acceptance_status_username": "any",
      "bill_to_customer_name": "string",
      "bill_to_customer_number": "string",
      "bill_to_customer_site": "string",
      "bu_id": "number",
      "bu_name": "string",
      "conditional_sales_hold": "any",
      "consolidation_method": "any",
      "consporate_type_number1": "any",
      "consporate_type_number2": "any",
      "custom_invoicing_flag": "any",
      "customer_acceptance_date": "any",
      "customer_acceptance_status": "any",
      "date_filter_param": "any",
      "description": "string",
      "e_invoicing_flag": "any",
      "fx_rate": "any",
      "igst": "any",
      "interface_line_attribute1": "any",
      "interface_line_attribute2": "any",
      "interface_line_attribute3": "any",
      "interface_line_attribute4": "any",
      "interface_line_attribute5": "any",
      "interface_line_attribute6": "any",
      "interface_line_attribute7": "any",
      "interface_line_attribute8": "any",
      "interface_line_attribute9": "any",
      "interface_line_attribute10": "any",
      "interface_line_attribute11": "any",
      "interface_line_attribute12": "any",
      "interface_line_attribute13": "any",
      "interface_line_attribute14": "any",
      "invoice_currency_code": "string",
      "invoice_number": "any",
      "item_number": "any",
      "line_amount": "any",
      "line_id": "any",
      "line_number": "any",
      "order_number": "string",
      "order_status": "string",
      "payment_term": "string",
      "pedimento_date": "any",
      "pedimento_number": "any",
      "product_type": "string",
      "quantity": "string",
      "remit_number": "any",
      "rowSelected": "boolean",
      "sales_or_subsc_no": "any",
      "seq_id": "any",
      "ship_to_customer_number": "string",
      "ship_to_customer_site": "string",
      "source_table": "string",
      "special_date": "any",
      "tax_amount": "number",
      "tax_classification_code": "any",
      "total_amount": "number",
      "transaction_source": "string",
      "transaction_type": "string",
      "trx_business_category": "any",
      "unit_of_measure": "string",
      "unit_selling_price": "string",
      "vat_id": "any",
      "qbli_flag_d": "any",
      "special_date_flag_d": "any",
      "additional_details_flag_d": "any",
      "special_instructions_flag_d": "any"

    },
    "getOrderNumberLOV": {
      "order_number": "string"
    },
    "getOrderNumberLOVResponse2": {
      "items": [
        {
          "order_number": "string"
        }
      ]
    },
    "getPONumberLOV2": {
      "po_number": "string"
    },
    "onSearchResultTableType": {
      "bill_to_customer_name": "string",
      "bill_to_customer_number": "string",
      "bu_name": "string",
      "consolidation_method": "any",
      "consporate_type_number1": "any",
      "consporate_type_number2": "any",
      "custom_invoicing_flag": "any",
      "date_filter_param": "string",
      "description": "string",
      "e_invoicing_flag": "any",
      "fx_rate": "any",
      "igst": "any",
      "interface_line_attribute1": "any",
      "interface_line_attribute2": "any",
      "interface_line_attribute3": "any",
      "interface_line_attribute4": "any",
      "interface_line_attribute5": "any",
      "interface_line_attribute6": "any",
      "interface_line_attribute7": "any",
      "interface_line_attribute8": "any",
      "interface_line_attribute9": "any",
      "interface_line_attribute10": "any",
      "interface_line_attribute11": "any",
      "interface_line_attribute12": "any",
      "interface_line_attribute13": "any",
      "interface_line_attribute14": "any",
      "invoice_number": "any",
      "item_number": "any",
      "line_amount": "any",
      "line_id": "any",
      "line_number": "any",
      "order_number": "string",
      "order_status": "string",
      "pedimento_date": "any",
      "pedimento_number": "any",
      "product_type": "string",
      "quantity": "number",
      "remit_number": "any",
      "sales_or_subsc_no": "any",
      "seq_id": "any",
      "source_table": "string",
      "special_date": "any",
      "tax_amount": "number",
      "tax_classification_code": "any",
      "total_amount": "number",
      "trx_business_category": "any",
      "unit_of_measure": "string",
      "unit_selling_price": "string",
      "vat_id": "any",
      "bu_id": "number",
      "transaction_type": "string",
      "transaction_source": "string",
      "bill_to_customer_site": "string",
      "ship_to_customer_number": "string",
      "ship_to_customer_site": "string",
      "payment_term": "string",
      "invoice_currency_code": "string",
      "qbli_flag_d": "any",
      "special_date_flag_d": "any",
      "additional_details_flag_d": "any",
      "special_instructions_flag_d": "any",
      "conditional_sales_hold": "any",
      "customer_acceptance_date": "any",
      "customer_acceptance_status": "any",
	    "acceptance_status_username": "any"

    },
    "postIcApiIntegrationFetchOMSMLines": {
      "ATTRIBUTE1": "string",
      "ATTRIBUTE2": "string",
      "ATTRIBUTE3": "string",
      "ATTRIBUTE4": "string",
      "ATTRIBUTE5": "string",
      "ATTRIBUTE6": "string",
      "BILL_LINE_ID": "string",
      "BILL_TO_CUSTOMER_NAME": "string",
      "BILL_TO_CUSTOMER_NUMBER": "string",
      "BU_ID": "string",
      "BUSINESS_UNIT_NAME": "string",
      "DATE": "string",
      "FULFILL_LINE_ID": "string",
      "FX_RATE": "string",
      "LINE_AMOUNT": "string",
      "LINE_NUMBER": "string",
      "LINE_TYPE": "string",
      "ORDER_NUMBER": "string",
      "SALES_HEADER_ID": "string",
      "SALES_LINE_ID": "string",
      "SOURCE_TABLE": "string",
      "SPECIAL_DATE": "string",
      "STATUS": "string",
      "SUBSCRIPTION_ID": "string",
      "SUBSCRIPTION_PRODUCT_ID": "string",
      "TAX_AMOUNT": "string",
      "TOTAL_AMOUNT": "string",
      "VAT_ID": "string"

    },
    "postIcARInvoiceCreation": {
      "bu_name": "string",
      "customer_account_number": "string",
      "from_date": "string",
      "lines": [
        {
          "bill_to_customer_name": "string",
          "bill_to_customer_number": "string",
          "bu_name": "string",
          "description": "string",
          "fx_rate": "string",
          "line_amount": "number",
          "line_id": "string",
          "line_number": "string",
          "order_number": "string",
          "order_status": "string",
          "product_type": "string",
          "quantity": "number",
          "source_table": "string",
          "special_date": "string",
          "tax_amount": "number",
          "total_amount": "number",
          "unit_of_measure": "string",
          "unit_selling_price": "string",
          "vat_id": "string"
        }
      ],
      "order_number": "string",
      "po_number": "string",
      "to_date": "string"
    },
    "postIcIntegrationARInvoiceBatchProcessInvoice": {
      "bu_name": "string",
      "customer_account_number": "string",
      "from_date": "string",
      "lines": [
        {
          "bill_to_customer_name": "string",
          "bill_to_customer_number": "string",
          "bill_to_customer_site": "string",
          "bu_id": "number",
          "bu_name": "string",
          "consolidation_method": "string",
          "custom_invoicing_flag": "string",
          "date_filter_param": "string",
          "description": "string",
          "e_invoicing_flag": "string",
          "fx_rate": "string",
          "igst": "string",
          "invoice_currency_code": "string",
          "invoice_number": "string",
          "item_number": "string",
          "line_amount": "number",
          "line_id": "number",
          "line_number": "number",
          "order_number": "string",
          "order_status": "string",
          "payment_term": "string",
          "product_type": "string",
          "quantity": "string",
          "remit_number": "string",
          "rowSelected": "boolean",
          "seq_id": "number",
          "ship_to_customer_number": "string",
          "ship_to_customer_site": "string",
          "source_table": "string",
          "special_date": "string",
          "tax_amount": "number",
          "tax_classification_code": "string",
          "total_amount": "number",
          "transaction_source": "string",
          "transaction_type": "string",
          "trx_business_category": "string",
          "unit_of_measure": "string",
          "unit_selling_price": "string",
          "vat_id": "string"
        }
      ],
      "order_number": "string",
      "po_number": "string",
      "to_date": "string"
    },
    "searchObjectType": {
      "p_account_name": "any",
      "p_account_number": "any",
      "p_bu_name": "any",
      "p_from_date": "any",
      "p_po_number": "any",
      "p_source_order_number": "any",
      "p_to_date": "any"

    }

  },
  "eventListeners": {
    "buttonAction": {
      "chains": [
        {
          "chain": "ClickResetButtonActionChain"
        }
      ]
    },
    "buttonAction2": {
      "chains": [
        {
          "chain": "ClickSearchButtonActionChainOLD"
        }
      ]
    },
    "buttonAction3": {
      "chains": [
        {
          "chain": "ClickConsolidateButtonActionChain"
        }
      ]
    },
    "buttonAction4": {
      "chains": [
        {
          "chain": "ClickSearchButtonActionChain"
        }
      ]
    },
    "buttonAction5": {
      "chains": [
        {
          "chain": "ClickSpecialHandlingButtonActionChain"
        }
      ]
    },
    "buttonAction6": {
      "chains": [
        {
          "chain": "NextButtonClickActionChain"
        }
      ]
    },
    "buttonAction7": {
      "chains": [
        {
          "chain": "PreviousButtonClickActionChain"
        }
      ]
    },
    "buttonAction8": {
      "chains": [
        {
          "chain": "ClickPOMatchButtonActionChain"
        }
      ]
    },
    "checkboxSetValue": {
      "chains": [
        {
          "chain": "SelectCheckboxSetValueChangeChain",
          "parameters": {
            "value": "{{ $event.detail.value }}",
            "key": "{{ $current.key }}",
            "index": "{{ $current.index }}",
            "current": "{{ $current }}"
          }
        }
      ]
    },
    "checkboxSetValue2": {
      "chains": [
        {
          "chain": "SelectAllCheckboxSetValueChangeChain",
          "parameters": {
            "value": "{{ $event.detail.value }}",
            "key": "{{ $current.key }}",
            "index": "{{ $current.index }}",
            "current": "{{ $current }}"
          }
        }
      ]
    },
    "customerAcceptanceStatusId101ValueItem": {
      "chains": [
        {
          "chain": "SelectCustAcceptanceStatusValueItemChangeChain",
          "parameters": {
            "key": "{{ $current.key }}",
            "data": "{{$event.detail.value.data}}",
            "metadata": "{{$event.detail.value.metadata}}",
            "index": "{{ $current.index }}",
            "current": "{{ $current }}"
          }
        }
      ]
    },
    "inputDateValue": {
      "chains": [
        {
          "chain": "SelectSpecialDateValueChangeChain",
          "parameters": {
            "value": "{{ $event.detail.value }}",
            "key": "{{ $current.key }}",
            "index": "{{ $current.index }}",
            "current": "{{ $current }}"
          }
        }
      ]
    },
    "inputDateValue2": {
      "chains": [
        {
          "chain": "InputDateValueChangeChain",
          "parameters": {
            "value": "{{ $event.detail.value }}",
            "key": "{{ $current.key }}",
            "index": "{{ $current.index }}",
            "current": "{{ $current }}"
          }
        }
      ]
    },
    "orderDetailsBeforeRowEdit": {
      "chains": [
{
          "chain": "TableBeforeRowEditChain",
          "parameters": {
            "rowKey": "{{$event.detail.rowContext.status.rowKey}}",
            "rowIndex": "{{$event.detail.rowContext.status.rowIndex}}",
            "rowData": "{{$event.detail.rowContext.componentElement.getDataForVisibleRow($event.detail.rowContext.status.rowIndex).data}}"
          }
        }
      ]
    },
    "orderDetailsBeforeRowEditEnd": {
      "chains": [
{
          "chain": "TableBeforeRowEditEndChain",
          "parameters": {
            "cancelEdit": "{{$event.detail.cancelEdit}}",
            "rowKey": "{{$event.detail.rowContext.status.rowKey}}",
            "rowIndex": "{{$event.detail.rowContext.status.rowIndex}}",
            "rowData": "{{$event.detail.rowContext.componentElement.getDataForVisibleRow($event.detail.rowContext.status.rowIndex).data}}"
          }
        }
      ]
    },
    "orderDetailsFirstSelectedRow": {
      "chains": [
        {
          "chain": "TableFirstSelectedRowChangeChain",
          "parameters": {
            "rowKey": "{{$event.detail.value.key}}",
            "rowData": "{{$event.detail.value.data}}"
          }
        }
      ]
    },
    "orderDetailsSelected": {
      "chains": [
        {
          "chain": "TableSelectedChangeChain",
          "parameters": {
            "keys": "{{ $event.detail.value.row.values ? Array.from($event.detail.value.row.values()) : [] }}",
            "selected": "{{ $event.detail.value }}"
          }
        }
      ]
    },
    "selectValue": {
      "chains": [
        {
          "chain": "OrderNumberMultiSelectValueChangeChain",
          "parameters": {
            "value": "{{ $event.detail.value }}"
          }
        }
      ]
    },
    "selectValueItem": {
      "chains": [
        {
          "chain": "CustomerNumberSelectValueItemChangeChain",
          "parameters": {
            "key": "{{$event.detail.value.key}}",
            "data": "{{$event.detail.value.data}}",
            "metadata": "{{$event.detail.value.metadata}}"
          }
        }
      ]
    },
    "selectValueItem2": {
      "chains": [
        {
          "chain": "BUSelectValueItemChangeChain",
          "parameters": {

            "data": "{{$event.detail.value.data}}",
            "key": "{{$event.detail.value.key}}",
            "metadata": "{{$event.detail.value.metadata}}"
          }
        }
      ]
    },
    "selectValueItem3": {
      "chains": [
        {
          "chain": "PONumberSelectValueItemChangeChain",
          "parameters": {
            "key": "{{$event.detail.value.key}}",
            "data": "{{$event.detail.value.data}}",
            "metadata": "{{$event.detail.value.metadata}}"
          }
        }
      ]
    },
    "vbEnter": {
      "chains": [
        {
          "chain": "PageVbEnterChain"
        }
      ]
    }

  },
  "imports": {
    "components": {
      "oj-button": {
        "path": "ojs/ojbutton"
      },
      "oj-checkboxset": {
        "path": "ojs/ojcheckboxset"
      },
      "oj-collapsible": {
        "path": "ojs/ojcollapsible"
      },
      "oj-combobox-many": {
        "path": "ojs/ojselectcombobox"
      },
      "oj-combobox-one": {
        "path": "ojs/ojselectcombobox"
      },
      "oj-dialog": {
        "path": "ojs/ojdialog"
      },
      "oj-form-layout": {
        "path": "ojs/ojformlayout"
      },
      "oj-highlight-text": {
        "path": "ojs/ojhighlighttext"
      },
      "oj-input-date": {
        "path": "ojs/ojdatetimepicker"
      },
      "oj-input-number": {
        "path": "ojs/ojinputnumber"
      },
      "oj-input-text": {
        "path": "ojs/ojinputtext"
      },
      "oj-label": {
        "path": "ojs/ojlabel"
      },
      "oj-option": {
        "path": "ojs/ojoption"
      },
      "oj-progress-bar": {
        "path": "ojs/ojprogress-bar"
      },
      "oj-sample-checkbox-switch": {
        "path": "oj-sample/checkbox-switch/loader"
      },
      "oj-sample-export-data": {
        "path": "oj-sample/export-data/loader"
      },
      "oj-select-many": {
        "path": "ojs/ojselectcombobox"
      },
      "oj-select-single": {
        "path": "ojs/ojselectsingle"
      },
      "oj-table": {
        "path": "ojs/ojtable"
      }

    },
    "modules": {
      "ojValidationDateTime": {
        "path": "ojs/ojvalidation-datetime"
      }
    }
  },
  "events": {
    "beforeRowSelect": {
      "behavior": "checkForCancel"
    }
  }
}
