{
    "items": [
        {
            "AgreementLineId": 735005,
            "LineNumber": 2,
            "AgreementHeaderId": 730016,
            "AgreementNumber": "PA-US00000058490",
            "ProcurementBUId": 300000002301171,
            "ProcurementBU": "US_PROC_USD_BU",
            "SupplierId": 300000002823279,
            "Supplier": "COMPAL ELECTRONICS INC",
            "SupplierSiteId": 300000002452444,
            "SupplierSite": "12967PUR_US",
            "LineTypeId": 1,
            "LineType": "Goods",
            "ItemId": 300000003348810,
            "Item": "10000400",
            "ItemRevision": null,
            "Description": "PWA,PLN/RIO,SHREK,GA,V2\n\n",
            "SupplierItem": null,
            "CategoryId": 300000002452338,
            "CategoryCode": "Goods",
            "Category": "Goods",
            "StatusCode": "OPEN",
            "Status": "Open",
            "UOMCode": "Ea",
            "UOM": "Each",
            "Price": 50,
            "Amount": null,
            "CurrencyCode": "USD",
            "Currency": "US Dollar",
            "ConsignmentLineFlag": false,
            "NoteToSupplier": null,
            "AllowItemDescriptionUpdateFlag": true,
            "PriceLimit": null,
            "AllowPriceOverrideFlag": false,
            "NegotiatedFlag": true,
            "LineStartDate": null,
            "ExpirationDate": null,
            "MinimumReleaseAmount": null,
            "AgreementAmount": null,
            "AgreementQuantity": null,
            "ReleasedAmount": null,
            "PriceBreakTypeCode": "CUMULATIVE",
            "SupplierItemAuxiliaryIdentifier": null,
            "ParentItemId": null,
            "SupplierParentItem": null,
            "TopModelId": null,
            "SupplierTopModel": null,
            "UnNumberId": null,
            "UnNumber": null,
            "UNNumberDescription": null,
            "HazardClassId": null,
            "HazardClassCode": null,
            "HazardClass": null,
            "AgingPeriodDays": null,
            "CreatedBy": "FUSION_APPS_PRC_SOA_APPID",
            "CreationDate": "2025-04-16T05:55:17+00:00",
            "LastUpdatedBy": "FUSION_APPS_PRC_SOA_APPID",
            "LastUpdateDate": "2025-04-16T05:55:17+00:00",
            "links": [
                {
                    "rel": "self",
                    "href": "https://iawmqy-dev2.fa.ocs.oraclecloud.com:443/fscmRestApi/resources/11.13.18.05/purchaseAgreementLines/735005",
                    "name": "purchaseAgreementLines",
                    "kind": "item"
                },
                {
                    "rel": "canonical",
                    "href": "https://iawmqy-dev2.fa.ocs.oraclecloud.com:443/fscmRestApi/resources/11.13.18.05/purchaseAgreementLines/735005",
                    "name": "purchaseAgreementLines",
                    "kind": "item"
                },
                {
                    "rel": "child",
                    "href": "https://iawmqy-dev2.fa.ocs.oraclecloud.com:443/fscmRestApi/resources/11.13.18.05/purchaseAgreementLines/735005/child/itemAttributes",
                    "name": "itemAttributes",
                    "kind": "collection"
                },
                {
                    "rel": "child",
                    "href": "https://iawmqy-dev2.fa.ocs.oraclecloud.com:443/fscmRestApi/resources/11.13.18.05/purchaseAgreementLines/735005/child/priceBreaks",
                    "name": "priceBreaks",
                    "kind": "collection"
                }
            ]
        }
    ],
    "count": 1,
    "hasMore": false,
    "limit": 25,
    "offset": 0,
    "links": [
        {
            "rel": "self",
            "href": "https://iawmqy-dev2.fa.ocs.oraclecloud.com:443/fscmRestApi/resources/11.13.18.05/purchaseAgreementLines",
            "name": "purchaseAgreementLines",
            "kind": "collection"
        }
    ]
}