{
  "userroles":[
    {
      "name": "DELL_MTQ_CPQ_INT_88_Bulk_Upload_Role",
      "description": "",
      "id": "DELL_MTQ_CPQ_INT_88_Bulk_Upload_Role",
      "defaultMapping": {}
    },
    {
      "name": "DELL_MTQ_CPQ_INT_89_Bulk_Upload_Role",
      "description": "",
      "id": "DELL_MTQ_CPQ_INT_89_Bulk_Upload_Role",
      "defaultMapping": {}
    },
{
      "name": "DELL_MTQ_CPQ_INT_90_Bulk_Upload_Role",
      "description": "",
      "id": "DELL_MTQ_CPQ_INT_90_Bulk_Upload_Role",
      "defaultMapping": {}
    },
    {
      "name": "DELL_OTDTC_AR_EXT_002_Customer_Acceptance Status_Bulk_Upload_Role",
      "description": "Update Customer Acceptance Status and Date to Sales Order Lines.",
      "id": "DELL_OTDTC_AR_EXT_002_Customer_Acceptance_Status_Bulk_Upload_Role",
      "defaultMapping": {}
    },
    {
      "name": "DELL_OTDTC_AR_EXT_005_Bulk_Upload_Role",
      "description": "",
      "id": "DELL_OTDTC_AR_EXT_005_Bulk_Upload_Role",
      "defaultMapping": {}
    },
    {
      "name": "DELL_OTDTC_AR_EXT_006_Bulk_Upload_Role",
      "description": "",
      "id": "DELL_OTDTC_AR_EXT_006_Bulk_Upload_Role",
      "defaultMapping": {}
    }    ,
    {
      "name": "DELL_OTDTC_AR_EXT_007_MISCE_RECEIPT_Bulk_Upload_Role",
      "description": "",
      "id": "DELL_OTDTC_AR_EXT_007_MISCE_RECEIPT_Bulk_Upload_Role",
      "defaultMapping": {}
    },
    {
      "name": "DELL_OTDTC_AR_EXT_009_STANDARD_RECEIPT_ADD_APPL_Bulk_Upload_Role",
      "description": "",
      "id": "DELL_OTDTC_AR_EXT_009_STANDARD_RECEIPT_ADD_APPL_Bulk_Upload_Role",
      "defaultMapping": {}
    }    ,
    {
      "name": "DELL_OTDTC_AR_EXT_010_Bulk_Upload_Role",
      "description": "",
      "id": "DELL_OTDTC_AR_EXT_010_Bulk_Upload_Role",
      "defaultMapping": {}
    },
    {
      "name": "DELL_OTDTC_AR_EXT_011_COLLECTION_ACC_LEV_HOLD_Bulk_Upload_Role",
      "description": "",
      "id": "DELL_OTDTC_AR_EXT_011_COLLECTION_ACC_LEV_HOLD_Bulk_Upload_Role",
      "defaultMapping": {}
    },
    {
      "name": "DELL_OTDTC_AR_EXT_011_CUST_ACCO_LEVEL_UPDATE_Bulk_Upload_Role",
      "description": "",
      "id": "DELL_OTDTC_AR_EXT_011_CUST_ACCO_LEVEL_UPDATE_Bulk_Upload_Role",
      "defaultMapping": {}
    }    ,
    {
      "name": "DELL_OTDTC_AR_EXT_011_CUST_CRE_UPD_Bulk_Upload_Role",
      "description": "",
      "id": "DELL_OTDTC_AR_EXT_011_CUST_CRE_UPD_Bulk_Upload_Role",
      "defaultMapping": {}
    },
    {
      "name": "DELL_OTDTC_AR_EXT_011_CUST_SITES_LEVEL_UPDATE_Bulk_Upload_Role",
      "description": "",
      "id": "DELL_OTDTC_AR_EXT_011_CUST_SITES_LEVEL_UPDATE_Bulk_Upload_Role",
      "defaultMapping": {}
    },
    {
      "name": "DELL_OTDTC_AR_EXT_011_EMAIL_PUR_REM_Bulk_Upload_Role",
      "description": "",
      "id": "DELL_OTDTC_AR_EXT_011_EMAIL_PUR_REM_Bulk_Upload_Role",
      "defaultMapping": {}
    },
{
      "name": "DELL_OTDTC_AR_EXT_011_PARTY_LEVEL_Bulk_Upload_Role",
      "description": "DELL_OTDTC_AR_EXT_011_PARTY_LEVEL_Bulk_Upload_Role",
      "id": "DELL_OTDTC_AR_EXT_011_PARTY_LEVEL_Bulk_Upload_Role",
      "defaultMapping": {}
    },
    {
      "name": "DELL_OTDTC_AR_EXT_011_PO_CONSO_ATTRIBUTE_UPD_Bulk_Upload_Role",
      "description": "",
      "id": "DELL_OTDTC_AR_EXT_011_PO_CONSO_ATTRIBUTE_UPD_Bulk_Upload_Role",
      "defaultMapping": {}
    },
    {
      "name": "DELL_OTDTC_AR_EXT_011_PO_CON_ATT_Bulk_Upload_Role",
      "description": "",
      "id": "DELL_OTDTC_AR_EXT_011_PO_CON_ATT_Bulk_Upload_Role",
      "defaultMapping": {}
    },
    {
      "name": "DELL_OTDTC_AR_EXT_011_WCS_FUNDER_RELATIONSHIP_Bulk_Upload_Role",
      "description": "",
      "id": "DELL_OTDTC_AR_EXT_011_WCS_FUNDER_RELATIONSHIP_Bulk_Upload_Role",
      "defaultMapping": {}
    },
    {
      "name": "DELL_OTDTC_AR_EXT_030_CBP_MASS_APPLICATION_Bulk_Upload_Role",
      "description": "",
      "id": "DELL_OTDTC_AR_EXT_030_CBP_MASS_APPLICATION_Bulk_Upload_Role",
      "defaultMapping": {}
    },
    {
      "name": "DELL_RTR_CHRM_EXT_001_Bulk_Upload_Role",
      "description": "",
      "id": "DELL_RTR_CHRM_EXT_001_Bulk_Upload_Role",
      "defaultMapping": {}
    },
    {
      "name": "DELL_RTR_CHRM_EXT_006_Bulk_Upload_Role",
      "description": "",
      "id": "DELL_RTR_CHRM_EXT_006_Bulk_Upload_Role",
      "defaultMapping": {}
    },
    {
      "name": "DELL_RTR_CHRM_EXT_007_Bulk_Upload_Role",
      "description": "",
      "id": "DELL_RTR_CHRM_EXT_007_Bulk_Upload_Role",
      "defaultMapping": {}
    },
{
      "name": "DELL_RTR_CHRM_EXT_010_Bulk_Upload_Role",
      "description": "",
      "id": "DELL_RTR_CHRM_EXT_010_Bulk_Upload_Role",
      "defaultMapping": {}
    },
    {
      "name": "DELL_RTR_CHRM_EXT_020_STREAMLINE_ACCRUALS_Bulk_Upload_Role",
      "description": "",
      "id": "DELL_RTR_CHRM_EXT_020_STREAMLINE_ACCRUALS_Bulk_Upload_Role",
      "defaultMapping": {}
    }    ,
    {
      "name": "DELL_RTR_CHRM_EXT_024_Bulk_Upload_Role",
      "description": "",
      "id": "DELL_RTR_CHRM_EXT_024_Bulk_Upload_Role",
      "defaultMapping": {}
    }    ,
    {
      "name": "DELL_RTR_CHRM_EXT_038_Bulk_Upload_Role",
      "description": "",
      "id": "DELL_RTR_CHRM_EXT_038_Bulk_Upload_Role",
      "defaultMapping": {}
    },
    {
      "name": "DELL_RTR_CM_EXT_001_Bulk_Upload_Role",
      "description": "",
      "id": "DELL_RTR_CM_EXT_001_Bulk_Upload_Role",
      "defaultMapping": {}
    },
    {
      "name": "DELL_RTR_FLA_EXT_005_Bulk_Upload_Role",
      "description": "",
      "id": "DELL_RTR_FLA_EXT_005_Bulk_Upload_Role",
      "defaultMapping": {}
    },
    {
      "name": "DELL_RTR_RM_EXT_006_Bulk_Upload_Role",
      "description": "",
      "id": "DELL_RTR_RM_EXT_006_Bulk_Upload_Role",
      "defaultMapping": {}
    }    ,
    {
      "name": "DELL_STP_PROC_EXT_008_Bulk_Upload_Role",
      "description": "",
      "id": "DELL_STP_PROC_EXT_008_Bulk_Upload_Role",
      "defaultMapping": {}
    },
    {
      "name": "DELL_STP_PROC_EXT_020_Bulk_Upload_Role",
      "description": "",
      "id": "DELL_STP_PROC_EXT_020_Bulk_Upload_Role",
      "defaultMapping": {}
    },
    {
      "name": "DELL_STP_PROC_EXT_020_Service_Bulk_Upload_Role",
      "description": "",
      "id": "DELL_STP_PROC_EXT_020_Service_Bulk_Upload_Role",
      "defaultMapping": {}
    },
    {
      "name": "DELL_STP_PROC_EXT_022_Bulk_Upload_Role",
      "description": "",
      "id": "DELL_STP_PROC_EXT_022_Bulk_Upload_Role",
      "defaultMapping": {}
    },
    {
      "name": "DELL_STP_PROC_EXT_023_Bulk_Upload_Role",
      "description": "",
      "id": "DELL_STP_PROC_EXT_023_Bulk_Upload_Role",
      "defaultMapping": {}
    },
    {
      "name": "DELL_STP_PROC_EXT_039_Bulk_Upload_Role",
      "description": "",
      "id": "DELL_STP_PROC_EXT_039_Bulk_Upload_Role",
      "defaultMapping": {}
    },
    {
      "name": "DELL_STP_PROC_EXT_043_Bulk_Upload_Role",
      "description": "",
      "id": "DELL_STP_PROC_EXT_043_Bulk_Upload_Role",
      "defaultMapping": {}
    },
    {
      "name": "DELL_STP_PROC_EXT_044_Bulk_Upload_Role",
      "description": "",
      "id": "DELL_STP_PROC_EXT_044_Bulk_Upload_Role",
      "defaultMapping": {}
    }    ,
    {
      "name": "DELL_STP_PROC_EXT_048_Bulk_Upload_Role",
      "description": "",
      "id": "DELL_STP_PROC_EXT_048_Bulk_Upload_Role",
      "defaultMapping": {}
    }    ,
{
      "name": "OTDTC_AR_EXT_011_CUST_PO_ATTRIBUTE_UPDATE",
      "description": "",
      "id": "OTDTC_AR_EXT_011_CUST_PO_ATTRIBUTE_UPDATE",
      "defaultMapping": {}
    },
{
      "name": "OTDTC_AR_EXT_011_CUST_SITES_EMAIL_PRINT_OPTION_UPDATE_Bulk_Upload_Role",
      "description": "OTDTC_AR_EXT_011_CUST_SITES_EMAIL_PRINT_OPTION_UPDATE_Bulk_Upload_Role",
      "id": "OTDTC_AR_EXT_011_CUST_SITES_EMAIL_PRINT_OPTION_UPDATE_Bulk_Upload_Role",
      "defaultMapping": {}
    },
    {
      "name": "PTM_PDH_EXT_008_Bulk_Upload_Role",
      "description": "",
      "id": "PTM_PDH_EXT_008_Bulk_Upload_Role",
      "defaultMapping": {}
    },
    {
      "name": "PTM_PDH_EXT_009_Bulk_Upload_Role",
      "description": "",
      "id": "PTM_PDH_EXT_009_Bulk_Upload_Role",
      "defaultMapping": {}
    },
    {
      "name": "PTM_PDH_EXT_010_Bulk_Upload_Role",
      "description": "",
      "id": "PTM_PDH_EXT_010_Bulk_Upload_Role",
      "defaultMapping": {}
    },
    {
      "name": "PTM_PDH_EXT_024_Bulk_Upload_Role",
      "description": "This extension will store the lead time data for 3PP in PAAS tables as and when user uploads the lead time via template.",
      "id": "PTM_PDH_EXT_024_Bulk_Upload_Role",
      "defaultMapping": {}
    },
    {
      "name": "RTR_FLA_EXT_007_Lease_Creation",
      "description": "",
      "id": "RTR_FLA_EXT_007",
      "defaultMapping": {}
    }
  ]
}
