{
  "title": "",
  "description": "",
  "variables": {},
  "metadata": {},
  "types": {},
  "eventListeners": {
    "tileAction": {
      "chains": [
        {
          "chain": "application:navtoPageActionChain",
          "parameters": {
            "page": "[[ $event.srcElement.id ]]"
          }
        }
      ]
    },
    "vbEnter": {
      "chains": [
        {
          "parameters": {},
          "chain": "vbEnterListener"
        }
      ]
    }

  },
  "imports": {
    "components": {
      "oj-action-card": {
        "path": "ojs/ojactioncard"
      }
    }
  }
}
