{
    "items": [
        {
            "vendorTaxCategory": null,
            "gstRegistration": "GST Registered"
        }
    ],
    "count": 1,
    "hasMore": false,
    "limit": 25,
    "offset": 0,
    "links": [
        {
            "rel": "self",
            "href": "https://iawmqy-dev2.fa.ocs.oraclecloud.com:443/fscmRestApi/resources/11.13.18.05/suppliers/300000006097526/child/sites/300000168161931/child/DFF",
            "name": "DFF",
            "kind": "collection"
        }
    ]
}