{
    "POHeaderId": 300000086670297,
    "OrderNumber": "U02500000009579",
    "SoldToLegalEntityId": 300000002248753,
    "SoldToLegalEntity": "Dell Products LP",
    "StatusCode": "INCOMPLETE",
    "Status": "Incomplete",
    "ProcurementBUId": 300000002301171,
    "ProcurementBU": "US_PROC_USD_BU",
    "RequisitioningBUId": 300000002301157,
    "RequisitioningBU": "US_PL_USD_BU",
    "BillToBUId": 300000002301157,
    "BillToBU": "US_PL_USD_BU",
    "Revision": null,
    "BuyerId": 300000002736084,
    "Buyer": "Jangam, Akshay",
    "SupplierId": 300000002823279,
    "Supplier": "COMPAL ELECTRONICS INC",
    "SupplierSiteId": 300000002452444,
    "SupplierSite": "12967PUR_US",
    "SupplierContactId": null,
    "SupplierContact": null,
    "BillToLocationId": 300000002764816,
    "BillToLocation": "NASHVILLE OPTIONS",
    "ConversionRateType": null,
    "Ordered": 10500,
    "OrderedAmountBeforeAdjustments": 10500,
    "CreditAmount": 0,
    "DiscountAmount": 0,
    "CurrencyCode": "USD",
    "Currency": "US Dollar",
    "TotalTax": 0,
    "Total": 10500,
    "Description": null,
    "MasterContractId": null,
    "MasterContractNumber": null,
    "MasterContractTypeId": null,
    "MasterContractType": null,
    "RequiredAcknowledgmentCode": "N",
    "RequiredAcknowledgment": "None",
    "SupplierOrder": null,
    "ReferenceNumber": null,
    "AcknowledgmentDueDate": null,
    "PaymentTermsId": 10001,
    "PaymentTerms": "Immediate",
    "CarrierId": null,
    "Carrier": null,
    "ModeOfTransportCode": null,
    "ModeOfTransport": null,
    "ServiceLevelCode": null,
    "ServiceLevel": null,
    "ShippingMethod": "",
    "FreightTermsCode": null,
    "FreightTerms": null,
    "FOBCode": null,
    "FOB": null,
    "RequiresSignatureFlag": false,
    "AcknowledgeWithinDays": null,
    "BuyerManagedTransportFlag": false,
    "PayOnReceiptFlag": false,
    "ConfirmingOrderFlag": false,
    "NoteToSupplier": "Demo from ext buyer",
    "NoteToReceiver": "demo chage order for DFF",
    "CreationDate": "2025-03-28T07:03:27+00:00",
    "CreatedBy": "1405185",
    "LastUpdateDate": "2025-03-28T10:56:38.436+00:00",
    "LastUpdatedBy": "DELL_INT_USER",
    "ImportSourceCode": null,
    "OverridingApproverId": null,
    "OverridingApprover": null,
    "SupplierCommunicationMethodCode": "EMAIL",
    "SupplierBccEmailAddress": null,
    "SupplierEmailAddress": "test1@abc.com,test2@abc.com, test3@abc.com",
    "SupplierFax": null,
    "SupplierCcEmailAddress": null,
    "OverrideB2BCommunicationFlag": false,
    "AdditionalContactEmail": null,
    "SpecialHandlingType": null,
    "SpecialHandlingTypeCode": null,
    "ConversionRate": null,
    "ConversionRateDate": null,
    "Requisition": null,
    "SourceAgreement": "PA-US00000058198",
    "SalesOrder": null,
    "Negotiation": null,
    "ShipToLocationId": 300000002764816,
    "ShipToLocationCode": "NASHVILLE OPTIONS",
    "ShipToLocationAddress": "DOI D and CP Dell, BW3 Receiving Lead, 12014 Volunteer Blvd, Dock, Doors, S5 - S6, MOUNT JULIET, TN 37122, UNITED STATES",
    "RequesterId": null,
    "RequesterDisplayName": null,
    "BuyerDisplayName": "Akshay, Jangam",
    "SupplierCommunicationMethod": "E-Mail",
    "SupplierContactDisplayName": null,
    "DocumentStyleId": 300000002724537,
    "ProgressPaymentFlag": false,
    "PurchaseBasis": "GOODS_AND_SERVICES",
    "DocumentStyle": "Dell-Standard Purchase Order",
    "OverridingApproverDisplayName": null,
    "ConsignmentTermsFlag": false,
    "FrozenFlag": null,
    "OrderDate": null,
    "DocumentFiscalClassificationCode": null,
    "DocumentFiscalClassificationId": null,
    "DocumentFiscalClassification": null,
    "FirstPartyRegistrationId": null,
    "FirstPartyRegistrationNumber": null,
    "ThirdPartyRegistrationId": null,
    "ThirdPartyRegistrationNumber": null,
    "DefaultTaxationCountryCode": "US",
    "DefaultTaxationCountry": "United States",
    "DFF": {
        "items": [
            {
                "PoHeaderId": 300000086670297,
                "multiselectlovpoc": null,
                "__FLEX_Context": "3PP PO HEADER EDI",
                "__FLEX_Context_DisplayValue": "Dell-3PP Purchase Order",
                "status": "gg",
                "podSignedBy": "g",
                "futurebillflag": null,
                "DellCustomerPO": null,
                "isfederalorder": null,
                "freightcharge": null,
                "pcn": null,
                "programcode": "123",
                "specialpricingflag": null,
                "enrollmentnumber": null,
                "backOrderFlag": null,
                "podDatePodTimePodTimeZone": null,
                "feeTypeUnitCost": null,
                "feeAcceptedFeeRejectDesc": null
            }
        ],
        "count": 1,
        "hasMore": false,
        "limit": 24,
        "offset": 0,
        "links": [
            {
                "rel": "self",
                "href": "https://iawmqy-dev2.fa.ocs.oraclecloud.com:443/fscmRestApi/resources/11.13.18.05/purchaseOrders/300000086670297/child/DFF",
                "name": "DFF",
                "kind": "collection"
            }
        ]
    },
    "lines": {
        "items": [
            {
                "POLineId": 300000086670299,
                "POHeaderId": 300000086670297,
                "LineNumber": 1,
                "OrderNumber": "U02500000009579",
                "LineTypeId": 1,
                "LineType": "Goods",
                "ItemId": 300000003665910,
                "Item": "10000482",
                "ConsignmentLineFlag": false,
                "ItemRevision": null,
                "Description": "Peripherals_Type_Docking Stations",
                "SupplierItem": null,
                "SupplierConfigurationId": null,
                "CategoryId": 300000002452338,
                "CategoryCode": "Goods",
                "Category": "Goods",
                "StatusCode": null,
                "Status": null,
                "UOMCode": "Ea",
                "UOM": "Each",
                "Quantity": 10,
                "BasePrice": 1050,
                "DiscountType": null,
                "Discount": null,
                "DiscountReason": null,
                "Price": 1050,
                "NegotiatedFlag": true,
                "CurrencyCode": "USD",
                "Currency": "US Dollar",
                "WorkOrderProduct": null,
                "NoteToSupplier": null,
                "UNNumberId": null,
                "UNNumber": null,
                "UNNumberDescription": null,
                "UNNumberCode": null,
                "HazardClassCode": null,
                "HazardClassId": null,
                "HazardClass": null,
                "Ordered": 10500,
                "TotalTax": 0,
                "Total": 10500,
                "SourceAgreementId": 688012,
                "SourceAgreementNumber": "PA-US00000058198",
                "SourceAgreementLineId": 668012,
                "SourceAgreementLine": 1,
                "SourceAgreementTypeCode": "BLANKET",
                "SourceAgreementType": "Blanket Purchase Agreement",
                "SourceAgreementProcurementBUId": 300000002301171,
                "SourceAgreementProcurementBU": "US_PROC_USD_BU",
                "MaximumRetainageAmount": null,
                "Manufacturer": null,
                "ManufacturerPartNumber": null,
                "CreationDate": "2025-03-28T07:05:46+00:00",
                "CreatedBy": "1405185",
                "LastUpdateDate": "2025-03-28T10:56:38+00:00",
                "LastUpdatedBy": "DELL_INT_USER",
                "PricingUOM": "Each",
                "PricingUOMCode": "Ea",
                "SecondaryUOM": null,
                "SecondaryUOMCode": null,
                "SecondaryQuantity": null,
                "NegotiationId": null,
                "Negotiation": null,
                "NegotiationLine": null,
                "CreditFlag": false
            }
        ],
        "count": 1,
        "hasMore": false,
        "limit": 25,
        "offset": 0,
        "links": [
            {
                "rel": "self",
                "href": "https://iawmqy-dev2.fa.ocs.oraclecloud.com:443/fscmRestApi/resources/11.13.18.05/purchaseOrders/300000086670297/child/lines",
                "name": "lines",
                "kind": "collection"
            }
        ]
    },
    "attachments": {
        "items": [],
        "count": 0,
        "hasMore": false,
        "limit": 24,
        "offset": 0,
        "links": [
            {
                "rel": "self",
                "href": "https://iawmqy-dev2.fa.ocs.oraclecloud.com:443/fscmRestApi/resources/11.13.18.05/purchaseOrders/300000086670297/child/attachments",
                "name": "attachments",
                "kind": "collection"
            }
        ]
    },
    "globalDFFs": {
        "items": [
            {
                "PoHeaderId": 300000086670297,
                "__FLEX_Context": null,
                "__FLEX_Context_DisplayValue": null
            }
        ],
        "count": 1,
        "hasMore": false,
        "limit": 24,
        "offset": 0,
        "links": [
            {
                "rel": "self",
                "href": "https://iawmqy-dev2.fa.ocs.oraclecloud.com:443/fscmRestApi/resources/11.13.18.05/purchaseOrders/300000086670297/child/globalDFFs",
                "name": "globalDFFs",
                "kind": "collection"
            }
        ]
    },
    "specialHandlingDFF": {
        "items": [
            {
                "PoHeaderId": 300000086670297,
                "__FLEX_Context": null,
                "__FLEX_Context_DisplayValue": null
            }
        ],
        "count": 1,
        "hasMore": false,
        "limit": 24,
        "offset": 0,
        "links": [
            {
                "rel": "self",
                "href": "https://iawmqy-dev2.fa.ocs.oraclecloud.com:443/fscmRestApi/resources/11.13.18.05/purchaseOrders/300000086670297/child/specialHandlingDFF",
                "name": "specialHandlingDFF",
                "kind": "collection"
            }
        ]
    }
}