{
    "openapi": "3.0.0",
    "info": {
        "title": "FscmRestApi 11.13.18.05 ",
        "version": "1.0.0"
    },
    "servers": [
        {
            "url": "vb-catalog://backends/FSCM",
			"description": "FSCM"
        }
    ],
    "paths": {
        "/valueSets/DELL_SPL_HAN_DESC/child/values": {
            "get": {
                "operationId": "getValueSetsDELL_SPL_HAN_DESCChildValues",
                "responses": {
                    "default": {
                        "description": "Response for default",
                        "content": {
                            "application/json": {
                                "schema": {
                                    "$ref": "#/components/schemas/GetValueSetsDELL_SPL_HAN_DESCChildValues"
                                },
                                "examples": {
                                    "vb": {
                                        "summary": "Example stored by VB User",
                                        "externalValue": "./examples/getValueSetsDELL_SPL_HAN_DESCChildValues/response_default_application_json_vb.json"
                                    }
                                }
                            }
                        }
                    }
                },
                "x-vb": {
                    "actionHint": "getMany",
                    "queryParameters": {
                        "q": "EnabledFlag='Y'",
                        "fields": "Value,EnabledFlag,StartDateActive,EndDateActive",
                        "onlyData": "true",
                        "limit": "500"
                    }
                }
            }
        },
        "/valueSets/DELL_ADD_DETAILS/child/values": {
            "get": {
                "summary": "GetAdditonalDetailsLOV",
                "description": "GetAdditonalDetailsLOV",
                "operationId": "getValueSetsDELL_ADD_DETAILSChildValues",
                "parameters": [
                    {
                        "name": "q",
                        "in": "query",
                        "schema": {
                            "type": "string"
                        },
                        "x-vb": {
                            "defaultValue": "EnabledFlag='Y'"
                        }
                    },
                    {
                        "name": "fields",
                        "in": "query",
                        "schema": {
                            "type": "string"
                        },
                        "x-vb": {
                            "defaultValue": "Value,EnabledFlag,Description,StartDateActive,EndDateActive"
                        }
                    },
                    {
                        "name": "onlyData",
                        "in": "query",
                        "schema": {
                            "type": "string"
                        },
                        "x-vb": {
                            "defaultValue": "true"
                        }
                    },
                    {
                        "name": "limit",
                        "in": "query",
                        "schema": {
                            "type": "string"
                        },
                        "x-vb": {
                            "defaultValue": "500"
                        }
                    }
                ],
                "responses": {
                    "default": {
                        "description": "Response for default",
                        "content": {
                            "application/json": {
                                "schema": {
                                    "$ref": "#/components/schemas/GetValueSetsDELL_ADD_DETAILSChildValues"
                                },
                                "examples": {
                                    "vb": {
                                        "summary": "Example stored by VB User",
                                        "externalValue": "./examples/getValueSetsDELL_ADD_DETAILSChildValues/response_default_application_json_vb.json"
                                    }
                                }
                            }
                        }
                    }
                },
                "x-vb": {
                    "actionHint": "getMany"
                }
            }
        }
    },
    "components": {
        "schemas": {
            "GetValueSetsDELL_SPL_HAN_DESCChildValues": {
                "type": "object",
                "properties": {
                    "items": {
                        "type": "array",
                        "items": {
                            "type": "object",
                            "properties": {
                                "Value": {
                                    "type": "string"
                                },
                                "EnabledFlag": {
                                    "type": "string"
                                },
                                "StartDateActive": {
                                    "nullable": true
                                },
                                "EndDateActive": {
                                    "nullable": true
                                }
                            }
                        }
                    },
                    "count": {
                        "type": "integer"
                    },
                    "hasMore": {
                        "type": "boolean"
                    },
                    "limit": {
                        "type": "integer"
                    },
                    "offset": {
                        "type": "integer"
                    },
                    "links": {
                        "type": "array",
                        "items": {
                            "type": "object",
                            "properties": {
                                "rel": {
                                    "type": "string"
                                },
                                "href": {
                                    "type": "string"
                                },
                                "name": {
                                    "type": "string"
                                },
                                "kind": {
                                    "type": "string"
                                }
                            }
                        }
                    }
                }
            },
            "GetValueSetsDELL_ADD_DETAILSChildValues": {
                "type": "object",
                "properties": {
                    "items": {
                        "type": "array",
                        "items": {
                            "type": "object",
                            "properties": {
                                "Value": {
                                    "type": "string"
                                },
                                "EnabledFlag": {
                                    "type": "string"
                                },
                                "Description": {
                                    "type": "string"
                                },
                                "StartDateActive": {
                                    "nullable": true
                                },
                                "EndDateActive": {
                                    "nullable": true
                                }
                            }
                        }
                    },
                    "count": {
                        "type": "integer"
                    },
                    "hasMore": {
                        "type": "boolean"
                    },
                    "limit": {
                        "type": "integer"
                    },
                    "offset": {
                        "type": "integer"
                    },
                    "links": {
                        "type": "array",
                        "items": {
                            "type": "object",
                            "properties": {
                                "rel": {
                                    "type": "string"
                                },
                                "href": {
                                    "type": "string"
                                },
                                "name": {
                                    "type": "string"
                                },
                                "kind": {
                                    "type": "string"
                                }
                            }
                        }
                    }
                }
            }
        }
    }
}