{
    "Results": [
        {
            "BPAnumber": "PA-US00000058594",
            "SourceAgreementNumber": "PA-US00000058594",
            "BPALineNumber": "1",
            "SourceLineAgreementNumber": "1",
            "ItemNumber": "10000146",
            "CreationDate": "2025-04-21T18:22:44.000+00:00",
            "allow_price_override_flag": "Y",
            "DisplayName": "Dell-Blanket Purchase Order",
            "Style_id": "300000002724537",
            "style_name": "Dell-Standard Style"
        },
        {
            "BPAnumber": "PA-US00000058594",
            "SourceAgreementNumber": "PA-US00000058594",
            "BPALineNumber": "2",
            "SourceLineAgreementNumber": "2",
            "ItemNumber": "10000146",
            "CreationDate": "2025-04-21T18:22:44.000+00:00",
            "allow_price_override_flag": "Y",
            "DisplayName": "Dell-Blanket Purchase Order",
            "Style_id": "300000002724537",
            "style_name": "Dell-Standard Style"
        },
        {
            "BPAnumber": "PA-US00000058593",
            "SourceAgreementNumber": "PA-US00000058593",
            "BPALineNumber": "1",
            "SourceLineAgreementNumber": "1",
            "ItemNumber": "10000146",
            "CreationDate": "2025-04-21T18:22:29.000+00:00",
            "allow_price_override_flag": "Y",
            "DisplayName": "Dell-Blanket Purchase Order",
            "Style_id": "300000002724537",
            "style_name": "Dell-Standard Style"
        }
    ]
}