{
    "items": [
        {
            "request_id": 109,
            "po_header_id": 300000021834102,
            "sequencenumber": 1,
            "po_number": "U02500000000954",
            "po_status": "OPEN",
            "document_type_code": null,
            "po_style": null,
            "procurement_bu": "US_PROC_USD_BU",
            "requisitioning_bu": "US_PL_USD_BU",
            "sold_to_legal_entity": null,
            "bill_to_bu": null,
            "buyer_name": "Patil, Kiran",
            "currency_code": "US Dollar",
            "functional_currency": null,
            "rate": null,
            "rate_type": null,
            "rate_date": null,
            "po_comments": null,
            "bill_to_location": "EL PASO AIO AND DCS",
            "ship_to_location": "EL PASO AIO AND DCS",
            "ship_address1": null,
            "ship_address2": null,
            "ship_address3": null,
            "ship_city": null,
            "ship_state": null,
            "ship_zip": null,
            "ship_country": null,
            "ship_to_tax": null,
            "supplier": "Office Depot",
            "supplier_site": "STORE-6253",
            "shipping_instruction": null,
            "change_type": null,
            "change_order_num": null,
            "initiating_party": null,
            "change_order_description": null,
            "required_acknowledgment": null,
            "acknowledge_within_days": null,
            "note_to_receiver": null,
            "note_to_supplier": null,
            "attribute_category": null,
            "attribute1": null,
            "attribute2": null,
            "attribute3": null,
            "attribute4": null,
            "attribute5": null,
            "created_by": null,
            "creation_date": "2025-01-16T13:56:19.441369Z",
            "updated_date": "2025-01-16T13:56:19.441369Z",
            "updated_by": null,
            "object_version": null,
            "attribute6": null,
            "attribute7": null,
            "attribute8": null,
            "attribute9": null,
            "attribute10": null,
            "fob": null,
            "freight_terms": null,
            "payment_terms": null,
            "shipmnet_method": null,
            "shipping_contact": null,
            "supplier_contact": null,
            "supplier_id": null,
            "communication_method": "EMAIL",
            "communication_value": null,
            "supplier_site_id": null,
            "buyer_id": null,
            "orders": 2,
            "ordered_quantity": 45
        },
        {
            "request_id": 107,
            "po_header_id": 300000021834102,
            "sequencenumber": 1,
            "po_number": "U02500000000954",
            "po_status": "OPEN",
            "document_type_code": null,
            "po_style": null,
            "procurement_bu": "US_PROC_USD_BU",
            "requisitioning_bu": "US_PL_USD_BU",
            "sold_to_legal_entity": null,
            "bill_to_bu": null,
            "buyer_name": "Integration, Dev2",
            "currency_code": "US Dollar",
            "functional_currency": null,
            "rate": null,
            "rate_type": null,
            "rate_date": null,
            "po_comments": null,
            "bill_to_location": "EL PASO AIO AND DCS",
            "ship_to_location": "EL PASO AIO AND DCS",
            "ship_address1": null,
            "ship_address2": null,
            "ship_address3": null,
            "ship_city": null,
            "ship_state": null,
            "ship_zip": null,
            "ship_country": null,
            "ship_to_tax": null,
            "supplier": "Office Depot",
            "supplier_site": "STORE-6253",
            "shipping_instruction": null,
            "change_type": null,
            "change_order_num": null,
            "initiating_party": null,
            "change_order_description": null,
            "required_acknowledgment": null,
            "acknowledge_within_days": null,
            "note_to_receiver": null,
            "note_to_supplier": null,
            "attribute_category": null,
            "attribute1": null,
            "attribute2": null,
            "attribute3": null,
            "attribute4": null,
            "attribute5": null,
            "created_by": null,
            "creation_date": "2025-01-16T12:31:38.884043Z",
            "updated_date": "2025-01-16T12:31:38.884043Z",
            "updated_by": null,
            "object_version": null,
            "attribute6": null,
            "attribute7": null,
            "attribute8": null,
            "attribute9": null,
            "attribute10": null,
            "fob": null,
            "freight_terms": null,
            "payment_terms": null,
            "shipmnet_method": null,
            "shipping_contact": null,
            "supplier_contact": null,
            "supplier_id": null,
            "communication_method": "EMAIL",
            "communication_value": null,
            "supplier_site_id": null,
            "buyer_id": null,
            "orders": 0,
            "ordered_quantity": null
        },
        {
            "request_id": 108,
            "po_header_id": 300000021834102,
            "sequencenumber": 1,
            "po_number": "U02500000000954",
            "po_status": "OPEN",
            "document_type_code": null,
            "po_style": null,
            "procurement_bu": "US_PROC_USD_BU",
            "requisitioning_bu": "US_PL_USD_BU",
            "sold_to_legal_entity": null,
            "bill_to_bu": null,
            "buyer_name": "Patil, Kiran",
            "currency_code": "US Dollar",
            "functional_currency": null,
            "rate": null,
            "rate_type": null,
            "rate_date": null,
            "po_comments": null,
            "bill_to_location": "EL PASO AIO AND DCS",
            "ship_to_location": "EL PASO AIO AND DCS",
            "ship_address1": null,
            "ship_address2": null,
            "ship_address3": null,
            "ship_city": null,
            "ship_state": null,
            "ship_zip": null,
            "ship_country": null,
            "ship_to_tax": null,
            "supplier": "Office Depot",
            "supplier_site": "STORE-6253",
            "shipping_instruction": null,
            "change_type": null,
            "change_order_num": null,
            "initiating_party": null,
            "change_order_description": null,
            "required_acknowledgment": null,
            "acknowledge_within_days": null,
            "note_to_receiver": null,
            "note_to_supplier": null,
            "attribute_category": null,
            "attribute1": null,
            "attribute2": null,
            "attribute3": null,
            "attribute4": null,
            "attribute5": null,
            "created_by": null,
            "creation_date": "2025-01-16T12:32:26.275723Z",
            "updated_date": "2025-01-16T12:32:26.275723Z",
            "updated_by": null,
            "object_version": null,
            "attribute6": null,
            "attribute7": null,
            "attribute8": null,
            "attribute9": null,
            "attribute10": null,
            "fob": null,
            "freight_terms": null,
            "payment_terms": null,
            "shipmnet_method": null,
            "shipping_contact": null,
            "supplier_contact": null,
            "supplier_id": null,
            "communication_method": "EMAIL",
            "communication_value": null,
            "supplier_site_id": null,
            "buyer_id": null,
            "orders": 0,
            "ordered_quantity": null
        },
        {
            "request_id": 106,
            "po_header_id": 300000021834102,
            "sequencenumber": 1,
            "po_number": "U02500000000954",
            "po_status": "ERROR",
            "document_type_code": null,
            "po_style": null,
            "procurement_bu": null,
            "requisitioning_bu": null,
            "sold_to_legal_entity": null,
            "bill_to_bu": null,
            "buyer_name": null,
            "currency_code": null,
            "functional_currency": null,
            "rate": null,
            "rate_type": null,
            "rate_date": null,
            "po_comments": null,
            "bill_to_location": null,
            "ship_to_location": null,
            "ship_address1": null,
            "ship_address2": null,
            "ship_address3": null,
            "ship_city": null,
            "ship_state": null,
            "ship_zip": null,
            "ship_country": null,
            "ship_to_tax": null,
            "supplier": null,
            "supplier_site": null,
            "shipping_instruction": null,
            "change_type": null,
            "change_order_num": null,
            "initiating_party": null,
            "change_order_description": null,
            "required_acknowledgment": null,
            "acknowledge_within_days": null,
            "note_to_receiver": null,
            "note_to_supplier": null,
            "attribute_category": null,
            "attribute1": null,
            "attribute2": null,
            "attribute3": null,
            "attribute4": null,
            "attribute5": null,
            "created_by": null,
            "creation_date": "2025-01-16T12:31:24.610342Z",
            "updated_date": "2025-01-16T12:31:24.610342Z",
            "updated_by": null,
            "object_version": null,
            "attribute6": null,
            "attribute7": null,
            "attribute8": null,
            "attribute9": null,
            "attribute10": null,
            "fob": null,
            "freight_terms": null,
            "payment_terms": null,
            "shipmnet_method": null,
            "shipping_contact": null,
            "supplier_contact": null,
            "supplier_id": null,
            "communication_method": "EMAIL",
            "communication_value": null,
            "supplier_site_id": null,
            "buyer_id": null,
            "orders": 0,
            "ordered_quantity": null
        }
    ],
    "hasMore": false,
    "limit": 25,
    "offset": 0,
    "count": 4,
    "links": [
        {
            "rel": "self",
            "href": "https://g1e975c32298168-dellextatpdev2.adb.us-phoenix-1.oraclecloudapps.com/ords/stp_ext/buyer-po?searchText=U02500000000954"
        },
        {
            "rel": "edit",
            "href": "https://g1e975c32298168-dellextatpdev2.adb.us-phoenix-1.oraclecloudapps.com/ords/stp_ext/buyer-po?searchText=U02500000000954"
        },
        {
            "rel": "describedby",
            "href": "https://g1e975c32298168-dellextatpdev2.adb.us-phoenix-1.oraclecloudapps.com/ords/stp_ext/metadata-catalog/item"
        },
        {
            "rel": "first",
            "href": "https://g1e975c32298168-dellextatpdev2.adb.us-phoenix-1.oraclecloudapps.com/ords/stp_ext/buyer-po?searchText=U02500000000954"
        }
    ]
}