{
    "items": [
        {
            "customer_account_name": "Adam Smith",
            "customer_account_number": "3006"
        },
        {
            "customer_account_name": "Adam Smith",
            "customer_account_number": "4001"
        },
        {
            "customer_account_name": "BEST BUY PURCHASING LLC",
            "customer_account_number": "2002"
        },
        {
            "customer_account_name": "BEST BUY PURCHASING LLC Retailer",
            "customer_account_number": "2004"
        },
        {
            "customer_account_name": "BEST BUY PURCHASING LLC Retailer",
            "customer_account_number": "3006"
        },
        {
            "customer_account_name": "FOUNTAIN PLAZA PHARMACY, LLC",
            "customer_account_number": "3006"
        },
        {
            "customer_account_name": "FOUNTAIN PLAZA PHARMACY, LLC",
            "customer_account_number": "4001"
        }
    ],
    "hasMore": false,
    "limit": 500,
    "offset": 0,
    "count": 7,
    "links": [
        {
            "rel": "self",
            "href": "https://g1e975c32298168-dellextatpdev2.adb.us-phoenix-1.oraclecloudapps.com/ords/OTDTC_EXT/OTDTC_AR_EXT_002/getCustAccNumberLOV?p_business_unit_name=US_PL_USD_BU"
        },
        {
            "rel": "describedby",
            "href": "https://g1e975c32298168-dellextatpdev2.adb.us-phoenix-1.oraclecloudapps.com/ords/OTDTC_EXT/metadata-catalog/OTDTC_AR_EXT_002/item"
        },
        {
            "rel": "first",
            "href": "https://g1e975c32298168-dellextatpdev2.adb.us-phoenix-1.oraclecloudapps.com/ords/OTDTC_EXT/OTDTC_AR_EXT_002/getCustAccNumberLOV?p_business_unit_name=US_PL_USD_BU&limit=500"
        }
    ]
}