{
    "openapi": "3.0.0",
    "info": {
        "title": "Objectstorage Us Phoenix 1 Oraclecloud Com",
        "version": "1.0.0"
    },
    "servers": [
        {
            "url": "vb-catalog://backends/OCI_ObjectStorage"
        }
    ],
    "paths": {

        "/n/{namespaceName}/b/{bucketName}/o/extension/{rice_id}/{ocs_path}/{objectName}": {
            "parameters": [
                {
                    "name": "namespaceName",
                    "in": "path",
                    "required": true,
                    "schema": {
                        "type": "string"
                    },
                    "x-vb": {
                        "defaultValue": "ax5cdd9zuvvh"
                    }
                },
                {
                    "name": "bucketName",
                    "in": "path",
                    "required": true,
                    "schema": {
                        "type": "string"
                    },
                    "x-vb": {
                        "defaultValue": "DELL_STP_BUCKET_DEV2"
                    }
                },
                {
                    "name": "rice_id",
                    "in": "path",
                    "required": true,
                    "schema": {
                        "type": "string"
                    }
                },
                {
                    "name": "ocs_path",
                    "in": "path",
                    "required": true,
                    "schema": {
                        "type": "string"
                    }
                },
                {
                    "name": "objectName",
                    "in": "path",
                    "required": true,
                    "schema": {
                        "type": "string"
                    }
                }
            ],
            "put": {
                "operationId": "putNNamespaceNameBBucketNameOObjectName",
                "responses": {},
                "x-vb": {
                    "actionHint": "create"
                },
                "parameters": []
            },
            "get": {
                "operationId": "getObjectStorageFile",
                "responses": {},
                "x-vb": {
                    "actionHint": "getMany"
                }
            }
        },
        "/n/{namespce}/b/{backet_name}/o/extension/{rice_id}/{path}/{template_name}": {
            "parameters": [
                {
                    "name": "namespce",
                    "in": "path",
                    "required": true,
                    "schema": {
                        "type": "string"
                    }
                },
                {
                    "name": "backet_name",
                    "in": "path",
                    "required": true,
                    "schema": {
                        "type": "string"
                    }
                },
                {
                    "name": "rice_id",
                    "in": "path",
                    "required": true,
                    "schema": {
                        "type": "string"
                    }
                },
                {
                    "name": "path",
                    "in": "path",
                    "required": true,
                    "schema": {
                        "type": "string"
                    }
                },
                {
                    "name": "template_name",
                    "in": "path",
                    "required": true,
                    "schema": {
                        "type": "string"
                    }
                }
            ],
            "get": {
                "operationId": "getTemplate",
                "responses": {},
                "x-vb": {
                    "actionHint": "getMany"
                }
            }
        },
        "/n/ax5cdd9zuvvh/b/DELL_STP_BUCKET_DEV2/o/": {
            "parameters": [],
            "get": {
                "operationId": "getObjects",
                "responses": {},
                "x-vb": {
                    "actionHint": "getMany"
                }
            }
        }
    }
}