{
    "items": [
        {
            "EXT_IDENTIFIER_NUMBER": "G00I"
        },
        {
            "EXT_IDENTIFIER_NUMBER": "P046"
        },
        {
            "EXT_IDENTIFIER_NUMBER": "B03H"
        },
        {
            "EXT_IDENTIFIER_NUMBER": "B00C"
        },
        {
            "EXT_IDENTIFIER_NUMBER": "S01N"
        },
        {
            "EXT_IDENTIFIER_NUMBER": "B029"
        },
        {
            "EXT_IDENTIFIER_NUMBER": "S00Z"
        },
        {
            "EXT_IDENTIFIER_NUMBER": "B03E"
        },
        {
            "EXT_IDENTIFIER_NUMBER": "S098"
        },
        {
            "EXT_IDENTIFIER_NUMBER": "B02B"
        },
        {
            "EXT_IDENTIFIER_NUMBER": "S017"
        },
        {
            "EXT_IDENTIFIER_NUMBER": "S00I"
        },
        {
            "EXT_IDENTIFIER_NUMBER": "G00H"
        },
        {
            "EXT_IDENTIFIER_NUMBER": "G00F"
        },
        {
            "EXT_IDENTIFIER_NUMBER": "G009"
        },
        {
            "EXT_IDENTIFIER_NUMBER": "B04Z"
        },
        {
            "EXT_IDENTIFIER_NUMBER": "S01Z"
        },
        {
            "EXT_IDENTIFIER_NUMBER": "S020"
        },
        {
            "EXT_IDENTIFIER_NUMBER": "S01S"
        },
        {
            "EXT_IDENTIFIER_NUMBER": "B055"
        },
        {
            "EXT_IDENTIFIER_NUMBER": "P2U"
        },
        {
            "EXT_IDENTIFIER_NUMBER": "12345"
        },
        {
            "EXT_IDENTIFIER_NUMBER": "B02Q"
        },
        {
            "EXT_IDENTIFIER_NUMBER": "B04W"
        },
        {
            "EXT_IDENTIFIER_NUMBER": "S01H"
        },
        {
            "EXT_IDENTIFIER_NUMBER": "S01I"
        },
        {
            "EXT_IDENTIFIER_NUMBER": "S00U"
        },
        {
            "EXT_IDENTIFIER_NUMBER": "S01Y"
        },
        {
            "EXT_IDENTIFIER_NUMBER": "S00N"
        },
        {
            "EXT_IDENTIFIER_NUMBER": "S008"
        },
        {
            "EXT_IDENTIFIER_NUMBER": "ZPE"
        },
        {
            "EXT_IDENTIFIER_NUMBER": "IPU"
        },
        {
            "EXT_IDENTIFIER_NUMBER": "B04J"
        },
        {
            "EXT_IDENTIFIER_NUMBER": "B04D"
        },
        {
            "EXT_IDENTIFIER_NUMBER": "G003"
        },
        {
            "EXT_IDENTIFIER_NUMBER": "B049"
        },
        {
            "EXT_IDENTIFIER_NUMBER": "B04U"
        },
        {
            "EXT_IDENTIFIER_NUMBER": "S01A"
        },
        {
            "EXT_IDENTIFIER_NUMBER": "S013"
        },
        {
            "EXT_IDENTIFIER_NUMBER": "S01J"
        },
        {
            "EXT_IDENTIFIER_NUMBER": "B00F"
        },
        {
            "EXT_IDENTIFIER_NUMBER": "S015"
        },
        {
            "EXT_IDENTIFIER_NUMBER": "B04O"
        },
        {
            "EXT_IDENTIFIER_NUMBER": "S012"
        },
        {
            "EXT_IDENTIFIER_NUMBER": "B058"
        },
        {
            "EXT_IDENTIFIER_NUMBER": "B02A"
        },
        {
            "EXT_IDENTIFIER_NUMBER": "B040"
        },
        {
            "EXT_IDENTIFIER_NUMBER": "B04N"
        },
        {
            "EXT_IDENTIFIER_NUMBER": "S00J"
        },
        {
            "EXT_IDENTIFIER_NUMBER": "B054"
        },
        {
            "EXT_IDENTIFIER_NUMBER": "S010"
        },
        {
            "EXT_IDENTIFIER_NUMBER": "Q32"
        },
        {
            "EXT_IDENTIFIER_NUMBER": "S004"
        },
        {
            "EXT_IDENTIFIER_NUMBER": "CQX"
        },
        {
            "EXT_IDENTIFIER_NUMBER": "B00G"
        },
        {
            "EXT_IDENTIFIER_NUMBER": "B03N"
        },
        {
            "EXT_IDENTIFIER_NUMBER": "G001"
        },
        {
            "EXT_IDENTIFIER_NUMBER": "B03I"
        },
        {
            "EXT_IDENTIFIER_NUMBER": "B04Q"
        },
        {
            "EXT_IDENTIFIER_NUMBER": "S016"
        },
        {
            "EXT_IDENTIFIER_NUMBER": "B04A"
        },
        {
            "EXT_IDENTIFIER_NUMBER": "S014"
        },
        {
            "EXT_IDENTIFIER_NUMBER": "S00A"
        },
        {
            "EXT_IDENTIFIER_NUMBER": "S00P"
        },
        {
            "EXT_IDENTIFIER_NUMBER": "S018"
        },
        {
            "EXT_IDENTIFIER_NUMBER": "B04Y"
        },
        {
            "EXT_IDENTIFIER_NUMBER": "S01B"
        },
        {
            "EXT_IDENTIFIER_NUMBER": "G008"
        },
        {
            "EXT_IDENTIFIER_NUMBER": "G00E"
        },
        {
            "EXT_IDENTIFIER_NUMBER": "G005"
        },
        {
            "EXT_IDENTIFIER_NUMBER": "S01W"
        },
        {
            "EXT_IDENTIFIER_NUMBER": "LNS"
        },
        {
            "EXT_IDENTIFIER_NUMBER": "B02U"
        },
        {
            "EXT_IDENTIFIER_NUMBER": "B00D"
        },
        {
            "EXT_IDENTIFIER_NUMBER": "S007"
        },
        {
            "EXT_IDENTIFIER_NUMBER": "S00F"
        },
        {
            "EXT_IDENTIFIER_NUMBER": "S003"
        },
        {
            "EXT_IDENTIFIER_NUMBER": "S006"
        },
        {
            "EXT_IDENTIFIER_NUMBER": "B04P"
        },
        {
            "EXT_IDENTIFIER_NUMBER": "B048"
        },
        {
            "EXT_IDENTIFIER_NUMBER": "S00B"
        },
        {
            "EXT_IDENTIFIER_NUMBER": "S00Q"
        },
        {
            "EXT_IDENTIFIER_NUMBER": "S01G"
        },
        {
            "EXT_IDENTIFIER_NUMBER": "B04B"
        },
        {
            "EXT_IDENTIFIER_NUMBER": "B044"
        },
        {
            "EXT_IDENTIFIER_NUMBER": "S00E"
        },
        {
            "EXT_IDENTIFIER_NUMBER": "S00M"
        },
        {
            "EXT_IDENTIFIER_NUMBER": "S00D"
        },
        {
            "EXT_IDENTIFIER_NUMBER": "B02C"
        },
        {
            "EXT_IDENTIFIER_NUMBER": "S00G"
        },
        {
            "EXT_IDENTIFIER_NUMBER": "S00V"
        },
        {
            "EXT_IDENTIFIER_NUMBER": "B04C"
        },
        {
            "EXT_IDENTIFIER_NUMBER": "B041"
        },
        {
            "EXT_IDENTIFIER_NUMBER": "S019"
        },
        {
            "EXT_IDENTIFIER_NUMBER": "G00B"
        },
        {
            "EXT_IDENTIFIER_NUMBER": "B057"
        },
        {
            "EXT_IDENTIFIER_NUMBER": "S002"
        },
        {
            "EXT_IDENTIFIER_NUMBER": "Test "
        },
        {
            "EXT_IDENTIFIER_NUMBER": "B003"
        },
        {
            "EXT_IDENTIFIER_NUMBER": "S005"
        },
        {
            "EXT_IDENTIFIER_NUMBER": "B043"
        },
        {
            "EXT_IDENTIFIER_NUMBER": "B04V"
        },
        {
            "EXT_IDENTIFIER_NUMBER": "B02D"
        },
        {
            "EXT_IDENTIFIER_NUMBER": "B04X"
        },
        {
            "EXT_IDENTIFIER_NUMBER": "B03P"
        },
        {
            "EXT_IDENTIFIER_NUMBER": "B00H"
        },
        {
            "EXT_IDENTIFIER_NUMBER": "B03O"
        },
        {
            "EXT_IDENTIFIER_NUMBER": "S01F"
        },
        {
            "EXT_IDENTIFIER_NUMBER": "B04M"
        },
        {
            "EXT_IDENTIFIER_NUMBER": "B032"
        },
        {
            "EXT_IDENTIFIER_NUMBER": "B03Q"
        },
        {
            "EXT_IDENTIFIER_NUMBER": "S00W"
        },
        {
            "EXT_IDENTIFIER_NUMBER": "S01M"
        },
        {
            "EXT_IDENTIFIER_NUMBER": "B052"
        },
        {
            "EXT_IDENTIFIER_NUMBER": "G00C"
        },
        {
            "EXT_IDENTIFIER_NUMBER": "S01T"
        },
        {
            "EXT_IDENTIFIER_NUMBER": "B007"
        },
        {
            "EXT_IDENTIFIER_NUMBER": "4VK"
        },
        {
            "EXT_IDENTIFIER_NUMBER": "1BY"
        },
        {
            "EXT_IDENTIFIER_NUMBER": "B02E"
        },
        {
            "EXT_IDENTIFIER_NUMBER": "B03B"
        },
        {
            "EXT_IDENTIFIER_NUMBER": "1UX"
        },
        {
            "EXT_IDENTIFIER_NUMBER": "B03R"
        },
        {
            "EXT_IDENTIFIER_NUMBER": "B035"
        },
        {
            "EXT_IDENTIFIER_NUMBER": "S001"
        },
        {
            "EXT_IDENTIFIER_NUMBER": "9ZF"
        },
        {
            "EXT_IDENTIFIER_NUMBER": "B03M"
        },
        {
            "EXT_IDENTIFIER_NUMBER": "S00X"
        },
        {
            "EXT_IDENTIFIER_NUMBER": "S01C"
        },
        {
            "EXT_IDENTIFIER_NUMBER": "S00C"
        },
        {
            "EXT_IDENTIFIER_NUMBER": "S00R"
        },
        {
            "EXT_IDENTIFIER_NUMBER": "S00S"
        },
        {
            "EXT_IDENTIFIER_NUMBER": "B042"
        },
        {
            "EXT_IDENTIFIER_NUMBER": "S01L"
        },
        {
            "EXT_IDENTIFIER_NUMBER": "S00Y"
        },
        {
            "EXT_IDENTIFIER_NUMBER": "S00L"
        },
        {
            "EXT_IDENTIFIER_NUMBER": "B051"
        },
        {
            "EXT_IDENTIFIER_NUMBER": "B053"
        },
        {
            "EXT_IDENTIFIER_NUMBER": "S01U"
        },
        {
            "EXT_IDENTIFIER_NUMBER": "0NT"
        },
        {
            "EXT_IDENTIFIER_NUMBER": "S01D"
        },
        {
            "EXT_IDENTIFIER_NUMBER": "B00A"
        },
        {
            "EXT_IDENTIFIER_NUMBER": "B03X"
        },
        {
            "EXT_IDENTIFIER_NUMBER": "B002"
        },
        {
            "EXT_IDENTIFIER_NUMBER": "5EX"
        },
        {
            "EXT_IDENTIFIER_NUMBER": "S000"
        },
        {
            "EXT_IDENTIFIER_NUMBER": "S00T"
        },
        {
            "EXT_IDENTIFIER_NUMBER": "S009"
        },
        {
            "EXT_IDENTIFIER_NUMBER": "B030"
        },
        {
            "EXT_IDENTIFIER_NUMBER": "B03G"
        },
        {
            "EXT_IDENTIFIER_NUMBER": "B03J"
        },
        {
            "EXT_IDENTIFIER_NUMBER": "B03F"
        },
        {
            "EXT_IDENTIFIER_NUMBER": "S00K"
        },
        {
            "EXT_IDENTIFIER_NUMBER": "S01K"
        },
        {
            "EXT_IDENTIFIER_NUMBER": "S01X"
        },
        {
            "EXT_IDENTIFIER_NUMBER": "S01V"
        },
        {
            "EXT_IDENTIFIER_NUMBER": "S021"
        }
    ]
}