{
    "BusinessUnitId": 300000002301157,
    "BusinessUnitName": "US_PL_USD_BU",
    "ActiveFlag": true,
    "PrimaryLedgerId": "300000002313012",
    "LocationId": 300000007426004,
    "ManagerId": null,
    "LegalEntityId": "300000002248753",
    "ProfitCenterFlag": true,
    "links": [
        {
            "rel": "self",
            "href": "https://iawmqy-dev2.fa.ocs.oraclecloud.com:443/fscmRestApi/resources/11.13.18.05/finBusinessUnitsLOV/300000002301157",
            "name": "finBusinessUnitsLOV",
            "kind": "item"
        },
        {
            "rel": "canonical",
            "href": "https://iawmqy-dev2.fa.ocs.oraclecloud.com:443/fscmRestApi/resources/11.13.18.05/finBusinessUnitsLOV/300000002301157",
            "name": "finBusinessUnitsLOV",
            "kind": "item"
        }
    ]
}