{
    "Results": [
        {
            "BPAnumber": "PA-US00000058639",
            "SourceAgreementNumber": "PA-US00000058639",
            "BPALineNumber": "1",
            "SourceLineAgreementNumber": "1",
            "ItemNumber": "10000182",
            "CreationDate": "2025-04-23T12:41:19.000+00:00",
            "allow_price_override_flag": "Y",
            "DisplayName": "Dell-Blanket Purchase Order",
            "Style_id": "300000002724537",
            "style_name": "Dell-Standard Style"
        },
        {
            "BPAnumber": "PA-US00000058662",
            "SourceAgreementNumber": "PA-US00000058662",
            "BPALineNumber": "1",
            "SourceLineAgreementNumber": "1",
            "ItemNumber": "10000182",
            "CreationDate": "2025-04-24T15:53:20.000+00:00",
            "allow_price_override_flag": "Y",
            "DisplayName": "Dell-Blanket Purchase Order",
            "Style_id": "300000002724537",
            "style_name": "Dell-Standard Style"
        },
        {
            "BPAnumber": "PA-US00000058650",
            "SourceAgreementNumber": "PA-US00000058650",
            "BPALineNumber": "1",
            "SourceLineAgreementNumber": "1",
            "ItemNumber": "10000182",
            "CreationDate": "2025-04-24T07:23:53.000+00:00",
            "allow_price_override_flag": "Y",
            "DisplayName": "Dell-Blanket Purchase Order",
            "Style_id": "300000002724537",
            "style_name": "Dell-Standard Style"
        },
        {
            "BPAnumber": "PA-US00000058625",
            "SourceAgreementNumber": "PA-US00000058625",
            "BPALineNumber": "2",
            "SourceLineAgreementNumber": "2",
            "ItemNumber": "10000182",
            "CreationDate": "2025-04-22T12:31:13.000+00:00",
            "allow_price_override_flag": "Y",
            "DisplayName": "Dell-Blanket Purchase Order",
            "Style_id": "300000002724537",
            "style_name": "Dell-Standard Style"
        },
        {
            "BPAnumber": "PA-US00000058646",
            "SourceAgreementNumber": "PA-US00000058646",
            "BPALineNumber": "1",
            "SourceLineAgreementNumber": "1",
            "ItemNumber": "10000182",
            "CreationDate": "2025-04-23T14:59:59.000+00:00",
            "allow_price_override_flag": "Y",
            "DisplayName": "Dell-Blanket Purchase Order",
            "Style_id": "300000002724537",
            "style_name": "Dell-Standard Style"
        },
        {
            "BPAnumber": "PA-US00000058626",
            "SourceAgreementNumber": "PA-US00000058626",
            "BPALineNumber": "1",
            "SourceLineAgreementNumber": "1",
            "ItemNumber": "10000182",
            "CreationDate": "2025-04-22T12:56:01.000+00:00",
            "allow_price_override_flag": "Y",
            "DisplayName": "Dell-Blanket Purchase Order",
            "Style_id": "300000002724537",
            "style_name": "Dell-Standard Style"
        },
        {
            "BPAnumber": "PA-US00000058669",
            "SourceAgreementNumber": "PA-US00000058669",
            "BPALineNumber": "1",
            "SourceLineAgreementNumber": "1",
            "ItemNumber": "10000182",
            "CreationDate": "2025-04-24T16:48:09.000+00:00",
            "allow_price_override_flag": "Y",
            "DisplayName": "Dell-Blanket Purchase Order",
            "Style_id": "300000002724537",
            "style_name": "Dell-Standard Style"
        },
        {
            "BPAnumber": "PA-US00000058657",
            "SourceAgreementNumber": "PA-US00000058657",
            "BPALineNumber": "1",
            "SourceLineAgreementNumber": "1",
            "ItemNumber": "10000182",
            "CreationDate": "2025-04-24T15:24:20.000+00:00",
            "allow_price_override_flag": "Y",
            "DisplayName": "Dell-Blanket Purchase Order",
            "Style_id": "300000002724537",
            "style_name": "Dell-Standard Style"
        },
        {
            "BPAnumber": "PA-US00000058656",
            "SourceAgreementNumber": "PA-US00000058656",
            "BPALineNumber": "1",
            "SourceLineAgreementNumber": "1",
            "ItemNumber": "10000182",
            "CreationDate": "2025-04-24T15:18:34.000+00:00",
            "allow_price_override_flag": "Y",
            "DisplayName": "Dell-Blanket Purchase Order",
            "Style_id": "300000002724537",
            "style_name": "Dell-Standard Style"
        },
        {
            "BPAnumber": "PA-US00000058620",
            "SourceAgreementNumber": "PA-US00000058620",
            "BPALineNumber": "2",
            "SourceLineAgreementNumber": "2",
            "ItemNumber": "10000182",
            "CreationDate": "2025-04-22T09:41:52.000+00:00",
            "allow_price_override_flag": "N",
            "DisplayName": "Dell-Blanket Purchase Order",
            "Style_id": "300000002724537",
            "style_name": "Dell-Standard Style"
        },
        {
            "BPAnumber": "PA-US00000058661",
            "SourceAgreementNumber": "PA-US00000058661",
            "BPALineNumber": "1",
            "SourceLineAgreementNumber": "1",
            "ItemNumber": "10000182",
            "CreationDate": "2025-04-24T15:46:49.000+00:00",
            "allow_price_override_flag": "Y",
            "DisplayName": "Dell-Blanket Purchase Order",
            "Style_id": "300000002724537",
            "style_name": "Dell-Standard Style"
        },
        {
            "BPAnumber": "PA-US00000058645",
            "SourceAgreementNumber": "PA-US00000058645",
            "BPALineNumber": "1",
            "SourceLineAgreementNumber": "1",
            "ItemNumber": "10000182",
            "CreationDate": "2025-04-23T14:32:58.000+00:00",
            "allow_price_override_flag": "Y",
            "DisplayName": "Dell-Blanket Purchase Order",
            "Style_id": "300000002724537",
            "style_name": "Dell-Standard Style"
        },
        {
            "BPAnumber": "PA-US00000058668",
            "SourceAgreementNumber": "PA-US00000058668",
            "BPALineNumber": "1",
            "SourceLineAgreementNumber": "1",
            "ItemNumber": "10000182",
            "CreationDate": "2025-04-24T16:42:20.000+00:00",
            "allow_price_override_flag": "Y",
            "DisplayName": "Dell-Blanket Purchase Order",
            "Style_id": "300000002724537",
            "style_name": "Dell-Standard Style"
        },
        {
            "BPAnumber": "PA-US00000058642",
            "SourceAgreementNumber": "PA-US00000058642",
            "BPALineNumber": "1",
            "SourceLineAgreementNumber": "1",
            "ItemNumber": "10000182",
            "CreationDate": "2025-04-23T13:24:54.000+00:00",
            "allow_price_override_flag": "Y",
            "DisplayName": "Dell-Blanket Purchase Order",
            "Style_id": "300000002724537",
            "style_name": "Dell-Standard Style"
        },
        {
            "BPAnumber": "PA-US00000058658",
            "SourceAgreementNumber": "PA-US00000058658",
            "BPALineNumber": "1",
            "SourceLineAgreementNumber": "1",
            "ItemNumber": "10000182",
            "CreationDate": "2025-04-24T15:27:40.000+00:00",
            "allow_price_override_flag": "Y",
            "DisplayName": "Dell-Blanket Purchase Order",
            "Style_id": "300000002724537",
            "style_name": "Dell-Standard Style"
        },
        {
            "BPAnumber": "PA-US00000058664",
            "SourceAgreementNumber": "PA-US00000058664",
            "BPALineNumber": "1",
            "SourceLineAgreementNumber": "1",
            "ItemNumber": "10000182",
            "CreationDate": "2025-04-24T16:06:07.000+00:00",
            "allow_price_override_flag": "Y",
            "DisplayName": "Dell-Blanket Purchase Order",
            "Style_id": "300000002724537",
            "style_name": "Dell-Standard Style"
        },
        {
            "BPAnumber": "PA-US00000058659",
            "SourceAgreementNumber": "PA-US00000058659",
            "BPALineNumber": "1",
            "SourceLineAgreementNumber": "1",
            "ItemNumber": "10000182",
            "CreationDate": "2025-04-24T15:31:08.000+00:00",
            "allow_price_override_flag": "Y",
            "DisplayName": "Dell-Blanket Purchase Order",
            "Style_id": "300000002724537",
            "style_name": "Dell-Standard Style"
        },
        {
            "BPAnumber": "PA-US00000058663",
            "SourceAgreementNumber": "PA-US00000058663",
            "BPALineNumber": "1",
            "SourceLineAgreementNumber": "1",
            "ItemNumber": "10000182",
            "CreationDate": "2025-04-24T16:01:29.000+00:00",
            "allow_price_override_flag": "Y",
            "DisplayName": "Dell-Blanket Purchase Order",
            "Style_id": "300000002724537",
            "style_name": "Dell-Standard Style"
        }
    ]
}