{
    "items": [
        {
            "buyer_group_id": 1,
            "buyer_group_name": "WWT",
            "description": "Demo Buyer",
            "enabled_flag": "Y",
            "disabled_date": null,
            "created_by": "aaa",
            "creation_date": "2025-02-25T10:59:07Z",
            "updated_date": null,
            "updated_by": null,
            "object_version": 1,
            "buyers": "Karan Vignesh",
            "suppliers": "COMPAL ELECTRONICS INC"
        }
    ],
    "hasMore": false,
    "limit": 25,
    "offset": 0,
    "count": 1,
    "links": [
        {
            "rel": "self",
            "href": "https://g1e975c32298168-dellextatpdev2.adb.us-phoenix-1.oraclecloudapps.com/ords/stp_ext/buyer-group?searchText=vig"
        },
        {
            "rel": "edit",
            "href": "https://g1e975c32298168-dellextatpdev2.adb.us-phoenix-1.oraclecloudapps.com/ords/stp_ext/buyer-group?searchText=vig"
        },
        {
            "rel": "describedby",
            "href": "https://g1e975c32298168-dellextatpdev2.adb.us-phoenix-1.oraclecloudapps.com/ords/stp_ext/metadata-catalog/item"
        },
        {
            "rel": "first",
            "href": "https://g1e975c32298168-dellextatpdev2.adb.us-phoenix-1.oraclecloudapps.com/ords/stp_ext/buyer-group?searchText=vig"
        }
    ]
}