{
    "Results": [
        {
            "BPO_NUMBER": "PA-US00000058701",
            "HEADER_ATTRIBUTE_CATEGORY": "Dell-Blanket Purchase Order",
            "Attribute1": "",
            "Attribute2": "",
            "Attribute3": "",
            "Attribute4": "",
            "Attribute5": "",
            "Attribute6": "",
            "Attribute7": "",
            "Attribute8": "",
            "Attribute9": "",
            "Attribute10": "",
            "Attribute11": "",
            "Attribute12": "",
            "Attribute13": "",
            "Attribute14": "",
            "Attribute15": "https://iawmqy-dev2.fa.ocs.oraclecloud.com/cs/idcplg?IdcService=GET_FILE&dID=3669566",
            "Attribute16": "",
            "Attribute17": "",
            "Attribute18": "",
            "Attribute19": "",
            "Attribute20": "",
            "Lines": [
                {
                    "LINE_ATTRIBUTE_CATEGORY": "",
                    "LineAttribute1": "",
                    "LineAttribute2": "",
                    "LineAttribute3": "",
                    "LineAttribute4": "1.12",
                    "LineAttribute5": "B",
                    "LineAttribute6": "50",
                    "LineAttribute8": "",
                    "LineAttribute9": "",
                    "LineAttribute7": "",
                    "LineAttribute10": [],
                    "LineAttribute11": "",
                    "LineAttribute12": "",
                    "LineAttribute13": "",
                    "LineAttribute14": "",
                    "LineAttribute15": ""
                }
            ]
        }
    ]
}