{
    "fields": [
        {
            "type": "number",
            "name": "id",
            "internal": false,
            "key": true,
            "oid": "425a5f83-b78e-4dbe-a0e3-10ada6968240",
            "required": true,
            "unique": true,
            "displayLabel": "Id"
        },
        {
            "type": "datetime",
            "name": "creationDate",
            "internal": false,
            "oid": "ea5d8518-e932-4c2d-b4cb-078f8814dee6",
            "displayLabel": "Created",
            "historyType": "timeCreated"
        },
        {
            "type": "datetime",
            "name": "lastUpdateDate",
            "internal": false,
            "oid": "4e210fce-a694-4a7b-b1d3-8b6d9fe01459",
            "displayLabel": "Last Updated",
            "historyType": "timeUpdated"
        },
        {
            "type": "string",
            "name": "createdBy",
            "internal": false,
            "oid": "89389171-9784-4364-a43f-84c7424f6902",
            "displayLabel": "Created By",
            "historyType": "createdBy"
        },
        {
            "type": "string",
            "name": "lastUpdatedBy",
            "internal": false,
            "oid": "6b530670-7d0b-4bcd-b72c-36c1a92a398f",
            "displayLabel": "Last Updated By",
            "historyType": "updatedBy"
        },
        {
            "type": "number",
            "name": "versionNumber",
            "internal": false,
            "oid": "f2ab1ed8-a21c-4706-9dde-6fd1cbab8a32",
            "displayLabel": "Version Number",
            "historyType": "versionNumber"
        },
        {
            "type": "string",
            "name": "styleName",
            "oid": "97d24167-17b5-4e1d-b520-0420abbc5868",
            "displayLabel": "styleName"
        },
        {
            "type": "string",
            "name": "styleId",
            "oid": "25ee756d-c3ec-4a73-9541-e3b4f5c7303d",
            "displayLabel": "styleId"
        }
    ],
    "name": "POStylesBO",
    "oid": "940dec7a-75c5-4933-9475-45c322f19361",
    "displayLabel": "Postyles B O",
    "triggers": [
        {
            "definition": "// Trigger Beginning \nprintln 'Trigger started: BeforeInsert, business object: POStylesBO, event: BeforeInsert';\n\ntry {\n\n  // Execute Conditionally Criterion (Execute Conditionally)\n  // No Condition Supplied\n  if (false) {\n    // Action Group (Action Group)\n    eMailNotification_1: {\n      def variables = [:];\n\n      Email.send('rahul.raju@yahoo.com', \"nobody@oracle.com\", \"EmailTemplate\", variables);\n    };\n    return;\n  }\n\n} finally {\n\n  // Trigger End \n  println 'Trigger ended: BeforeInsert';\n\n}",
            "displayName": "BeforeInsert",
            "name": "BeforeInsert_Rule_0",
            "refId": "63360f32-1e64-4866-afa7-efa3fbdfec3b",
            "type": "BeforeInsert"
        }
    ],
    "validators": [
        {
            "definition": "fscm_conn.queryParams['onlyData'] = 'true'; // Default value\r\ndef fscm_connGetBusinessUnits = fscm_conn.getBusinessUnits();\n",
            "displayName": "creationDataNull",
            "errorMessage": "Error while validation",
            "name": "Validation_Rule_0",
            "refId": "e727ab81-ae6b-4d57-9b5b-9738fa22fa12"
        },
        {
            "definition": "newValue === oldValue\r\nadf.context.getSecurityContext()?.getUserName()\r\n\\adf.context.getSecurityContext()?.isUserInRole(roleName)\n",
            "displayName": "idValidation",
            "errorMessage": "ID is not valid",
            "name": "id_Validation_Rule_0",
            "refId": "5120ced8-b00d-48fd-9ae9-a8c6db0318d6",
            "onProperty": "id"
        }
    ]
}