{
    "items": [
        {
            "DefaultBuyerValue": null,
            "ItemNumber": "10000182",
            "OrganizationCode": "BW2"
        }
    ],
    "count": 1,
    "hasMore": false,
    "limit": 25,
    "offset": 0,
    "links": [
        {
            "rel": "self",
            "href": "https://iawmqy-dev2.fa.ocs.oraclecloud.com:443/fscmRestApi/resources/11.13.18.05/itemsV2",
            "name": "itemsV2",
            "kind": "collection"
        },
        {
            "rel": "action",
            "href": "https://iawmqy-dev2.fa.ocs.oraclecloud.com:443/fscmRestApi/resources/11.13.18.05/itemsV2/action/addItemsToDeleteGroup",
            "name": "addItemsToDeleteGroup",
            "kind": "other"
        },
        {
            "rel": "action",
            "href": "https://iawmqy-dev2.fa.ocs.oraclecloud.com:443/fscmRestApi/resources/11.13.18.05/itemsV2/action/addSupplierAssociationsToDeleteGroup",
            "name": "addSupplierAssociationsToDeleteGroup",
            "kind": "other"
        }
    ]
}