{
    "items": [
        {
            "ControlBudgetId": 300000028631548,
            "EndDate": "2026-12-31",
            "PeriodName": "PRD_01-01",
            "PeriodNumber": 1,
            "BudgetPeriodStatusId": 100000031147818,
            "BudgetYear": 1,
            "StartDate": "2024-01-01",
            "BudgetPeriodStatus": "OPEN"
        },
        {
            "ControlBudgetId": 300000030921481,
            "EndDate": "2025-12-31",
            "PeriodName": "PRD_01-01",
            "PeriodNumber": 1,
            "BudgetPeriodStatusId": 100000034177784,
            "BudgetYear": 1,
            "StartDate": "2024-01-01",
            "BudgetPeriodStatus": "OPEN"
        },
        {
            "ControlBudgetId": 300000030921479,
            "EndDate": "2025-12-31",
            "PeriodName": "PRD_01-01",
            "PeriodNumber": 1,
            "BudgetPeriodStatusId": 100000034177783,
            "BudgetYear": 1,
            "StartDate": "2024-01-01",
            "BudgetPeriodStatus": "OPEN"
        },
        {
            "ControlBudgetId": 300000030921470,
            "EndDate": "2025-12-31",
            "PeriodName": "PRD_01-01",
            "PeriodNumber": 1,
            "BudgetPeriodStatusId": 100000034177755,
            "BudgetYear": 1,
            "StartDate": "2024-01-01",
            "BudgetPeriodStatus": "OPEN"
        },
        {
            "ControlBudgetId": 300000030921468,
            "EndDate": "2025-12-31",
            "PeriodName": "PRD_01-01",
            "PeriodNumber": 1,
            "BudgetPeriodStatusId": 100000034177754,
            "BudgetYear": 1,
            "StartDate": "2024-01-01",
            "BudgetPeriodStatus": "OPEN"
        },
        {
            "ControlBudgetId": 300000028631648,
            "EndDate": "2026-12-31",
            "PeriodName": "PRD_01-01",
            "PeriodNumber": 1,
            "BudgetPeriodStatusId": 100000031149664,
            "BudgetYear": 1,
            "StartDate": "2024-01-01",
            "BudgetPeriodStatus": "OPEN"
        },
        {
            "ControlBudgetId": 300000028631646,
            "EndDate": "2026-12-31",
            "PeriodName": "PRD_01-01",
            "PeriodNumber": 1,
            "BudgetPeriodStatusId": 100000031149663,
            "BudgetYear": 1,
            "StartDate": "2024-01-01",
            "BudgetPeriodStatus": "OPEN"
        },
        {
            "ControlBudgetId": 300000029643716,
            "EndDate": "2026-12-31",
            "PeriodName": "PRD_01-01",
            "PeriodNumber": 1,
            "BudgetPeriodStatusId": 100000031706953,
            "BudgetYear": 1,
            "StartDate": "2024-01-01",
            "BudgetPeriodStatus": "OPEN"
        },
        {
            "ControlBudgetId": 300000029643714,
            "EndDate": "2026-12-31",
            "PeriodName": "PRD_01-01",
            "PeriodNumber": 1,
            "BudgetPeriodStatusId": 100000031706952,
            "BudgetYear": 1,
            "StartDate": "2024-01-01",
            "BudgetPeriodStatus": "OPEN"
        },
        {
            "ControlBudgetId": 300000029408197,
            "EndDate": "2026-12-31",
            "PeriodName": "PRD_01-01",
            "PeriodNumber": 1,
            "BudgetPeriodStatusId": 100000031403781,
            "BudgetYear": 1,
            "StartDate": "2024-01-01",
            "BudgetPeriodStatus": "OPEN"
        },
        {
            "ControlBudgetId": 300000029408195,
            "EndDate": "2026-12-31",
            "PeriodName": "PRD_01-01",
            "PeriodNumber": 1,
            "BudgetPeriodStatusId": 100000031403780,
            "BudgetYear": 1,
            "StartDate": "2024-01-01",
            "BudgetPeriodStatus": "OPEN"
        },
        {
            "ControlBudgetId": 300000028604583,
            "EndDate": "2025-12-31",
            "PeriodName": "PRD_01-01",
            "PeriodNumber": 1,
            "BudgetPeriodStatusId": 100000031116391,
            "BudgetYear": 1,
            "StartDate": "2024-01-01",
            "BudgetPeriodStatus": "OPEN"
        },
        {
            "ControlBudgetId": 300000028604581,
            "EndDate": "2025-12-31",
            "PeriodName": "PRD_01-01",
            "PeriodNumber": 1,
            "BudgetPeriodStatusId": 100000031116390,
            "BudgetYear": 1,
            "StartDate": "2024-01-01",
            "BudgetPeriodStatus": "OPEN"
        },
        {
            "ControlBudgetId": 300000029750032,
            "EndDate": "2026-12-31",
            "PeriodName": "PRD_01-01",
            "PeriodNumber": 1,
            "BudgetPeriodStatusId": 100000031869424,
            "BudgetYear": 1,
            "StartDate": "2024-01-01",
            "BudgetPeriodStatus": "OPEN"
        },
        {
            "ControlBudgetId": 300000029750030,
            "EndDate": "2026-12-31",
            "PeriodName": "PRD_01-01",
            "PeriodNumber": 1,
            "BudgetPeriodStatusId": 100000031869423,
            "BudgetYear": 1,
            "StartDate": "2024-01-01",
            "BudgetPeriodStatus": "OPEN"
        },
        {
            "ControlBudgetId": 300000028631550,
            "EndDate": "2026-12-31",
            "PeriodName": "PRD_01-01",
            "PeriodNumber": 1,
            "BudgetPeriodStatusId": 100000031147819,
            "BudgetYear": 1,
            "StartDate": "2024-01-01",
            "BudgetPeriodStatus": "OPEN"
        },
        {
            "ControlBudgetId": 300000022545050,
            "EndDate": "2023-12-31",
            "PeriodName": "2023",
            "PeriodNumber": 1,
            "BudgetPeriodStatusId": 100000024769239,
            "BudgetYear": 4,
            "StartDate": "2023-01-01",
            "BudgetPeriodStatus": "OPEN"
        },
        {
            "ControlBudgetId": 300000022553650,
            "EndDate": "2023-12-31",
            "PeriodName": "2023",
            "PeriodNumber": 1,
            "BudgetPeriodStatusId": 100000024772724,
            "BudgetYear": 4,
            "StartDate": "2023-01-01",
            "BudgetPeriodStatus": "OPEN"
        },
        {
            "ControlBudgetId": 300000022529222,
            "EndDate": "2023-12-31",
            "PeriodName": "2023",
            "PeriodNumber": 1,
            "BudgetPeriodStatusId": 100000024765611,
            "BudgetYear": 4,
            "StartDate": "2023-01-01",
            "BudgetPeriodStatus": "OPEN"
        },
        {
            "ControlBudgetId": 300000022529347,
            "EndDate": "2023-12-31",
            "PeriodName": "2023",
            "PeriodNumber": 1,
            "BudgetPeriodStatusId": 100000024769016,
            "BudgetYear": 4,
            "StartDate": "2023-01-01",
            "BudgetPeriodStatus": "AVAILABLE_FOR_BUDGETING"
        },
        {
            "ControlBudgetId": 300000022551014,
            "EndDate": "2023-12-31",
            "PeriodName": "2023",
            "PeriodNumber": 1,
            "BudgetPeriodStatusId": 100000024770586,
            "BudgetYear": 4,
            "StartDate": "2023-01-01",
            "BudgetPeriodStatus": "OPEN"
        },
        {
            "ControlBudgetId": 300000025455803,
            "EndDate": "2024-12-31",
            "PeriodName": "2024",
            "PeriodNumber": 1,
            "BudgetPeriodStatusId": 100000029211712,
            "BudgetYear": 5,
            "StartDate": "2024-01-01",
            "BudgetPeriodStatus": "OPEN"
        },
        {
            "ControlBudgetId": 300000026344682,
            "EndDate": "2024-12-31",
            "PeriodName": "2024",
            "PeriodNumber": 1,
            "BudgetPeriodStatusId": 100000029434170,
            "BudgetYear": 5,
            "StartDate": "2024-01-01",
            "BudgetPeriodStatus": "OPEN"
        },
        {
            "ControlBudgetId": 300000026344682,
            "EndDate": "2025-12-31",
            "PeriodName": "2025",
            "PeriodNumber": 1,
            "BudgetPeriodStatusId": 100000031500952,
            "BudgetYear": 6,
            "StartDate": "2025-01-01",
            "BudgetPeriodStatus": "NEVER_OPENED"
        },
        {
            "ControlBudgetId": 300000022529378,
            "EndDate": "2020-01-31",
            "PeriodName": "Jan-20",
            "PeriodNumber": 1,
            "BudgetPeriodStatusId": 100000024769173,
            "BudgetYear": 2020,
            "StartDate": "2020-01-01",
            "BudgetPeriodStatus": "OPEN"
        }
    ],
    "count": 25,
    "hasMore": true,
    "limit": 25,
    "offset": 0,
    "links": [
        {
            "rel": "self",
            "href": "https://hcts-test.fa.em2.oraclecloud.com:443/fscmRestApi/resources/11.13.18.05/controlBudgetPeriodsLOV",
            "name": "controlBudgetPeriodsLOV",
            "kind": "collection"
        }
    ]
}